ISO-10303-21;
HEADER;
/* Generated by software containing ST-Developer
 * from STEP Tools, Inc. (www.steptools.com) 
 */

FILE_DESCRIPTION(
/* description */ (''),
/* implementation_level */ '2;1');

FILE_NAME(
/* name */ 'CameraFlash.step',
/* time_stamp */ '2026-02-25T15:19:07-05:00',
/* author */ (''),
/* organization */ (''),
/* preprocessor_version */ 'ST-DEVELOPER v20.1',
/* originating_system */ 'Autodesk Translation Framework v14.24.0.0',
/* authorisation */ '');

FILE_SCHEMA (('AUTOMOTIVE_DESIGN { 1 0 10303 214 3 1 1 }'));
ENDSEC;

DATA;
#10=MECHANICAL_DESIGN_GEOMETRIC_PRESENTATION_REPRESENTATION('',(#285,#286,
#287,#288,#289,#290,#291,#292),#13548);
#11=SHAPE_REPRESENTATION_RELATIONSHIP('SRR','None',#13555,#12);
#12=ADVANCED_BREP_SHAPE_REPRESENTATION('',(#293,#294,#295,#296,#297,#298,
#299,#300),#13547);
#13=(
BOUNDED_CURVE()
B_SPLINE_CURVE(2,(#10321,#10322,#10323),.UNSPECIFIED.,.F.,.F.)
B_SPLINE_CURVE_WITH_KNOTS((3,3),(0.,0.0975192288743591),.UNSPECIFIED.)
CURVE()
GEOMETRIC_REPRESENTATION_ITEM()
RATIONAL_B_SPLINE_CURVE((1.,1.11673151751197,1.11673151751197))
REPRESENTATION_ITEM('')
);
#14=(
BOUNDED_CURVE()
B_SPLINE_CURVE(2,(#10338,#10339,#10340),.UNSPECIFIED.,.F.,.F.)
B_SPLINE_CURVE_WITH_KNOTS((3,3),(0.0975192288744883,0.195038457748976),
 .UNSPECIFIED.)
CURVE()
GEOMETRIC_REPRESENTATION_ITEM()
RATIONAL_B_SPLINE_CURVE((1.11673151751203,1.11673151751203,1.))
REPRESENTATION_ITEM('')
);
#15=(
BOUNDED_CURVE()
B_SPLINE_CURVE(2,(#10356,#10357,#10358,#10359),.UNSPECIFIED.,.F.,.F.)
B_SPLINE_CURVE_WITH_KNOTS((3,1,3),(3.5238958710865,3.58865551404446,5.29438948324535),
 .UNSPECIFIED.)
CURVE()
GEOMETRIC_REPRESENTATION_ITEM()
RATIONAL_B_SPLINE_CURVE((13.7177700349757,13.7763409125196,15.3190661480091,
15.3190661480092))
REPRESENTATION_ITEM('')
);
#16=(
BOUNDED_CURVE()
B_SPLINE_CURVE(2,(#10370,#10371,#10372),.UNSPECIFIED.,.F.,.F.)
B_SPLINE_CURVE_WITH_KNOTS((3,3),(5.29438948332317,7.06488309549182),
 .UNSPECIFIED.)
CURVE()
GEOMETRIC_REPRESENTATION_ITEM()
RATIONAL_B_SPLINE_CURVE((15.3190661484327,15.3190661484328,13.7177700353817))
REPRESENTATION_ITEM('')
);
#17=B_SPLINE_SURFACE_WITH_KNOTS('',3,3,((#8885,#8886,#8887,#8888,#8889,
#8890,#8891,#8892,#8893,#8894,#8895,#8896,#8897,#8898,#8899,#8900,#8901,
#8902,#8903,#8904,#8905,#8906,#8907,#8908,#8909,#8910,#8911,#8912,#8913,
#8914,#8915,#8916,#8917,#8918,#8919,#8920,#8921,#8922,#8923,#8924,#8925,
#8926,#8927,#8928,#8929,#8930,#8931,#8932,#8933,#8934,#8935,#8936,#8937,
#8938,#8939,#8940,#8941,#8942,#8943,#8944,#8945,#8946,#8947,#8948,#8949,
#8950,#8951,#8952,#8953,#8954,#8955,#8956,#8957,#8958,#8959,#8960,#8961,
#8962,#8963,#8964,#8965,#8966,#8967,#8968,#8969,#8970,#8971,#8972,#8973,
#8974,#8975),(#8976,#8977,#8978,#8979,#8980,#8981,#8982,#8983,#8984,#8985,
#8986,#8987,#8988,#8989,#8990,#8991,#8992,#8993,#8994,#8995,#8996,#8997,
#8998,#8999,#9000,#9001,#9002,#9003,#9004,#9005,#9006,#9007,#9008,#9009,
#9010,#9011,#9012,#9013,#9014,#9015,#9016,#9017,#9018,#9019,#9020,#9021,
#9022,#9023,#9024,#9025,#9026,#9027,#9028,#9029,#9030,#9031,#9032,#9033,
#9034,#9035,#9036,#9037,#9038,#9039,#9040,#9041,#9042,#9043,#9044,#9045,
#9046,#9047,#9048,#9049,#9050,#9051,#9052,#9053,#9054,#9055,#9056,#9057,
#9058,#9059,#9060,#9061,#9062,#9063,#9064,#9065,#9066),(#9067,#9068,#9069,
#9070,#9071,#9072,#9073,#9074,#9075,#9076,#9077,#9078,#9079,#9080,#9081,
#9082,#9083,#9084,#9085,#9086,#9087,#9088,#9089,#9090,#9091,#9092,#9093,
#9094,#9095,#9096,#9097,#9098,#9099,#9100,#9101,#9102,#9103,#9104,#9105,
#9106,#9107,#9108,#9109,#9110,#9111,#9112,#9113,#9114,#9115,#9116,#9117,
#9118,#9119,#9120,#9121,#9122,#9123,#9124,#9125,#9126,#9127,#9128,#9129,
#9130,#9131,#9132,#9133,#9134,#9135,#9136,#9137,#9138,#9139,#9140,#9141,
#9142,#9143,#9144,#9145,#9146,#9147,#9148,#9149,#9150,#9151,#9152,#9153,
#9154,#9155,#9156,#9157),(#9158,#9159,#9160,#9161,#9162,#9163,#9164,#9165,
#9166,#9167,#9168,#9169,#9170,#9171,#9172,#9173,#9174,#9175,#9176,#9177,
#9178,#9179,#9180,#9181,#9182,#9183,#9184,#9185,#9186,#9187,#9188,#9189,
#9190,#9191,#9192,#9193,#9194,#9195,#9196,#9197,#9198,#9199,#9200,#9201,
#9202,#9203,#9204,#9205,#9206,#9207,#9208,#9209,#9210,#9211,#9212,#9213,
#9214,#9215,#9216,#9217,#9218,#9219,#9220,#9221,#9222,#9223,#9224,#9225,
#9226,#9227,#9228,#9229,#9230,#9231,#9232,#9233,#9234,#9235,#9236,#9237,
#9238,#9239,#9240,#9241,#9242,#9243,#9244,#9245,#9246,#9247,#9248)),
 .UNSPECIFIED.,.F.,.F.,.F.,(4,4),(4,1,1,1,1,1,1,1,1,1,1,1,1,1,1,1,1,1,1,
1,1,1,1,1,1,1,1,1,1,1,1,1,1,1,1,1,1,1,1,1,1,1,1,1,1,1,1,1,1,1,1,1,1,1,1,
1,1,1,1,1,1,1,1,1,1,1,1,1,1,1,1,1,1,1,1,1,1,1,1,1,1,1,1,1,1,1,1,1,4),(0.,
0.0989001011121827),(11.6147305479243,12.114267603854,12.6138046597838,
13.1133417157136,13.6128787716433,14.1124158275731,14.6119528835029,15.1114899394326,
15.6110269953624,16.1105640512922,16.6101011072219,17.1096381631517,17.6091752190815,
18.1087122750112,18.608249330941,19.1077863868708,19.6073234428005,20.1068604987303,
20.6063975546601,21.1059346105898,21.6054716665196,22.1050087224494,22.6045457783791,
23.1040828343089,23.6036198902387,24.1031569461684,24.6026940020982,25.102231058028,
25.6017681139577,26.1013051698875,26.6008422258173,27.100379281747,27.5999163376768,
28.0994533936066,28.5989904495363,29.0985275054661,29.5980645613959,30.0976016173256,
30.5971386732554,31.0966757291851,31.5962127851149,32.0957498410447,32.5952868969744,
33.0948239529042,33.594361008834,34.0938980647637,34.5934351206935,35.0929721766233,
35.592509232553,36.0920462884828,36.5915833444126,37.0911204003423,37.5906574562721,
38.0901945122019,38.5897315681316,39.0892686240614,39.5888056799912,40.0883427359209,
40.5878797918507,41.0874168477805,41.5869539037102,42.08649095964,42.5860280155698,
43.0855650714995,43.5851021274293,44.0846391833591,44.5841762392888,45.0837132952186,
45.5832503511484,46.0827874070781,46.5823244630079,47.0818615189377,47.5813985748674,
48.0809356307972,48.5804726867269,49.0800097426567,49.5795467985865,50.0790838545162,
50.578620910446,51.0781579663758,51.5776950223055,52.0772320782353,52.5767691341651,
53.0763061900948,53.5758432460246,54.0753803019544,54.5749173578841,55.0744544138139,
55.5739914697437),.UNSPECIFIED.);
#18=B_SPLINE_SURFACE_WITH_KNOTS('',3,3,((#9765,#9766,#9767,#9768,#9769,
#9770,#9771,#9772,#9773,#9774,#9775,#9776,#9777,#9778,#9779,#9780,#9781,
#9782,#9783,#9784,#9785,#9786,#9787,#9788,#9789,#9790,#9791,#9792,#9793,
#9794,#9795,#9796,#9797,#9798,#9799,#9800,#9801,#9802,#9803,#9804,#9805,
#9806,#9807,#9808,#9809,#9810,#9811,#9812,#9813,#9814,#9815,#9816,#9817,
#9818,#9819,#9820,#9821,#9822,#9823,#9824,#9825,#9826,#9827,#9828,#9829,
#9830,#9831,#9832,#9833,#9834,#9835,#9836,#9837,#9838,#9839,#9840,#9841,
#9842,#9843,#9844,#9845,#9846,#9847,#9848,#9849,#9850,#9851,#9852,#9853,
#9854,#9855),(#9856,#9857,#9858,#9859,#9860,#9861,#9862,#9863,#9864,#9865,
#9866,#9867,#9868,#9869,#9870,#9871,#9872,#9873,#9874,#9875,#9876,#9877,
#9878,#9879,#9880,#9881,#9882,#9883,#9884,#9885,#9886,#9887,#9888,#9889,
#9890,#9891,#9892,#9893,#9894,#9895,#9896,#9897,#9898,#9899,#9900,#9901,
#9902,#9903,#9904,#9905,#9906,#9907,#9908,#9909,#9910,#9911,#9912,#9913,
#9914,#9915,#9916,#9917,#9918,#9919,#9920,#9921,#9922,#9923,#9924,#9925,
#9926,#9927,#9928,#9929,#9930,#9931,#9932,#9933,#9934,#9935,#9936,#9937,
#9938,#9939,#9940,#9941,#9942,#9943,#9944,#9945,#9946),(#9947,#9948,#9949,
#9950,#9951,#9952,#9953,#9954,#9955,#9956,#9957,#9958,#9959,#9960,#9961,
#9962,#9963,#9964,#9965,#9966,#9967,#9968,#9969,#9970,#9971,#9972,#9973,
#9974,#9975,#9976,#9977,#9978,#9979,#9980,#9981,#9982,#9983,#9984,#9985,
#9986,#9987,#9988,#9989,#9990,#9991,#9992,#9993,#9994,#9995,#9996,#9997,
#9998,#9999,#10000,#10001,#10002,#10003,#10004,#10005,#10006,#10007,#10008,
#10009,#10010,#10011,#10012,#10013,#10014,#10015,#10016,#10017,#10018,#10019,
#10020,#10021,#10022,#10023,#10024,#10025,#10026,#10027,#10028,#10029,#10030,
#10031,#10032,#10033,#10034,#10035,#10036,#10037),(#10038,#10039,#10040,
#10041,#10042,#10043,#10044,#10045,#10046,#10047,#10048,#10049,#10050,#10051,
#10052,#10053,#10054,#10055,#10056,#10057,#10058,#10059,#10060,#10061,#10062,
#10063,#10064,#10065,#10066,#10067,#10068,#10069,#10070,#10071,#10072,#10073,
#10074,#10075,#10076,#10077,#10078,#10079,#10080,#10081,#10082,#10083,#10084,
#10085,#10086,#10087,#10088,#10089,#10090,#10091,#10092,#10093,#10094,#10095,
#10096,#10097,#10098,#10099,#10100,#10101,#10102,#10103,#10104,#10105,#10106,
#10107,#10108,#10109,#10110,#10111,#10112,#10113,#10114,#10115,#10116,#10117,
#10118,#10119,#10120,#10121,#10122,#10123,#10124,#10125,#10126,#10127,#10128)),
 .UNSPECIFIED.,.F.,.F.,.F.,(4,4),(4,1,1,1,1,1,1,1,1,1,1,1,1,1,1,1,1,1,1,
1,1,1,1,1,1,1,1,1,1,1,1,1,1,1,1,1,1,1,1,1,1,1,1,1,1,1,1,1,1,1,1,1,1,1,1,
1,1,1,1,1,1,1,1,1,1,1,1,1,1,1,1,1,1,1,1,1,1,1,1,1,1,1,1,1,1,1,1,1,4),(0.,
0.0989001011121827),(8.30505915324878,8.80459620917854,9.30413326510831,
9.80367032103807,10.3032073769678,10.8027444328976,11.3022814888274,11.8018185447571,
12.3013556006869,12.8008926566167,13.3004297125464,13.7999667684762,14.299503824406,
14.7990408803357,15.2985779362655,15.7981149921953,16.297652048125,16.7971891040548,
17.2967261599846,17.7962632159143,18.2958002718441,18.7953373277739,19.2948743837036,
19.7944114396334,20.2939484955631,20.7934855514929,21.2930226074227,21.7925596633524,
22.2920967192822,22.791633775212,23.2911708311417,23.7907078870715,24.2902449430013,
24.789781998931,25.2893190548608,25.7888561107906,26.2883931667203,26.7879302226501,
27.2874672785799,27.7870043345096,28.2865413904394,28.7860784463692,29.2856155022989,
29.7851525582287,30.2846896141585,30.7842266700882,31.283763726018,31.7833007819478,
32.2828378378775,32.7823748938073,33.2819119497371,33.7814490056668,34.2809860615966,
34.7805231175264,35.2800601734561,35.7795972293859,36.2791342853156,36.7786713412454,
37.2782083971752,37.7777454531049,38.2772825090347,38.7768195649645,39.2763566208942,
39.775893676824,40.2754307327538,40.7749677886835,41.2745048446133,41.7740419005431,
42.2735789564728,42.7731160124026,43.2726530683324,43.7721901242621,44.2717271801919,
44.7712642361217,45.2708012920514,45.7703383479812,46.269875403911,46.7694124598407,
47.2689495157705,47.7684865717003,48.26802362763,48.7675606835598,49.2670977394896,
49.7666347954193,50.2661718513491,50.7657089072789,51.2652459632086,51.7647830191384,
52.2643200750682),.UNSPECIFIED.);
#19=B_SPLINE_SURFACE_WITH_KNOTS('',3,3,((#13069,#13070,#13071,#13072,#13073,
#13074,#13075,#13076,#13077,#13078,#13079,#13080,#13081,#13082,#13083,#13084,
#13085,#13086,#13087,#13088,#13089,#13090,#13091,#13092,#13093,#13094,#13095,
#13096,#13097,#13098,#13099,#13100,#13101,#13102,#13103,#13104,#13105,#13106,
#13107,#13108,#13109,#13110,#13111,#13112,#13113,#13114,#13115,#13116,#13117),
(#13118,#13119,#13120,#13121,#13122,#13123,#13124,#13125,#13126,#13127,
#13128,#13129,#13130,#13131,#13132,#13133,#13134,#13135,#13136,#13137,#13138,
#13139,#13140,#13141,#13142,#13143,#13144,#13145,#13146,#13147,#13148,#13149,
#13150,#13151,#13152,#13153,#13154,#13155,#13156,#13157,#13158,#13159,#13160,
#13161,#13162,#13163,#13164,#13165,#13166),(#13167,#13168,#13169,#13170,
#13171,#13172,#13173,#13174,#13175,#13176,#13177,#13178,#13179,#13180,#13181,
#13182,#13183,#13184,#13185,#13186,#13187,#13188,#13189,#13190,#13191,#13192,
#13193,#13194,#13195,#13196,#13197,#13198,#13199,#13200,#13201,#13202,#13203,
#13204,#13205,#13206,#13207,#13208,#13209,#13210,#13211,#13212,#13213,#13214,
#13215),(#13216,#13217,#13218,#13219,#13220,#13221,#13222,#13223,#13224,
#13225,#13226,#13227,#13228,#13229,#13230,#13231,#13232,#13233,#13234,#13235,
#13236,#13237,#13238,#13239,#13240,#13241,#13242,#13243,#13244,#13245,#13246,
#13247,#13248,#13249,#13250,#13251,#13252,#13253,#13254,#13255,#13256,#13257,
#13258,#13259,#13260,#13261,#13262,#13263,#13264)),.UNSPECIFIED.,.F.,.F.,
 .F.,(4,4),(4,1,1,1,1,1,1,1,1,1,1,1,1,1,1,1,1,1,1,1,1,1,1,1,1,1,1,1,1,1,
1,1,1,1,1,1,1,1,1,1,1,1,1,1,1,1,4),(0.,0.0968216401431004),(11.8468968665463,
12.3462833603103,12.8456698540743,13.3450563478384,13.8444428416024,14.3438293353665,
14.8432158291305,15.3426023228945,15.8419888166586,16.3413753104226,16.8407618041867,
17.3401482979507,17.8395347917147,18.3389212854788,18.8383077792428,19.3376942730069,
19.8370807667709,20.3364672605349,20.835853754299,21.335240248063,21.8346267418271,
22.3340132355911,22.8333997293551,23.3327862231192,23.8321727168832,24.3315592106473,
24.8309457044113,25.3303321981753,25.8297186919394,26.3291051857034,26.8284916794674,
27.3278781732315,27.8272646669955,28.3266511607596,28.8260376545236,29.3254241482876,
29.8248106420517,30.3241971358157,30.8235836295798,31.3229701233438,31.8223566171078,
32.3217431108719,32.8211296046359,33.3205160984,33.819902592164,34.319289085928,
34.8186755796921),.UNSPECIFIED.);
#20=B_SPLINE_SURFACE_WITH_KNOTS('',3,3,((#13305,#13306,#13307,#13308,#13309,
#13310,#13311,#13312,#13313,#13314,#13315,#13316,#13317,#13318,#13319,#13320,
#13321,#13322,#13323,#13324,#13325,#13326,#13327,#13328,#13329,#13330,#13331,
#13332,#13333,#13334,#13335,#13336,#13337,#13338,#13339,#13340,#13341,#13342,
#13343,#13344,#13345,#13346,#13347,#13348,#13349,#13350,#13351,#13352,#13353),
(#13354,#13355,#13356,#13357,#13358,#13359,#13360,#13361,#13362,#13363,
#13364,#13365,#13366,#13367,#13368,#13369,#13370,#13371,#13372,#13373,#13374,
#13375,#13376,#13377,#13378,#13379,#13380,#13381,#13382,#13383,#13384,#13385,
#13386,#13387,#13388,#13389,#13390,#13391,#13392,#13393,#13394,#13395,#13396,
#13397,#13398,#13399,#13400,#13401,#13402),(#13403,#13404,#13405,#13406,
#13407,#13408,#13409,#13410,#13411,#13412,#13413,#13414,#13415,#13416,#13417,
#13418,#13419,#13420,#13421,#13422,#13423,#13424,#13425,#13426,#13427,#13428,
#13429,#13430,#13431,#13432,#13433,#13434,#13435,#13436,#13437,#13438,#13439,
#13440,#13441,#13442,#13443,#13444,#13445,#13446,#13447,#13448,#13449,#13450,
#13451),(#13452,#13453,#13454,#13455,#13456,#13457,#13458,#13459,#13460,
#13461,#13462,#13463,#13464,#13465,#13466,#13467,#13468,#13469,#13470,#13471,
#13472,#13473,#13474,#13475,#13476,#13477,#13478,#13479,#13480,#13481,#13482,
#13483,#13484,#13485,#13486,#13487,#13488,#13489,#13490,#13491,#13492,#13493,
#13494,#13495,#13496,#13497,#13498,#13499,#13500)),.UNSPECIFIED.,.F.,.F.,
 .F.,(4,4),(4,1,1,1,1,1,1,1,1,1,1,1,1,1,1,1,1,1,1,1,1,1,1,1,1,1,1,1,1,1,
1,1,1,1,1,1,1,1,1,1,1,1,1,1,1,1,4),(0.,0.0968216401431004),(14.399609326548,
14.898995820312,15.3983823140761,15.8977688078401,16.3971553016042,16.8965417953682,
17.3959282891322,17.8953147828963,18.3947012766603,18.8940877704244,19.3934742641884,
19.8928607579524,20.3922472517165,20.8916337454805,21.3910202392446,21.8904067330086,
22.3897932267726,22.8891797205367,23.3885662143007,23.8879527080648,24.3873392018288,
24.8867256955928,25.3861121893569,25.8854986831209,26.384885176885,26.884271670649,
27.383658164413,27.8830446581771,28.3824311519411,28.8818176457052,29.3812041394692,
29.8805906332332,30.3799771269973,30.8793636207613,31.3787501145254,31.8781366082894,
32.3775231020534,32.8769095958175,33.3762960895815,33.8756825833456,34.3750690771096,
34.8744555708736,35.3738420646377,35.8732285584017,36.3726150521657,36.8720015459298,
37.3713880396938),.UNSPECIFIED.);
#21=B_SPLINE_CURVE_WITH_KNOTS('',3,(#7834,#7835,#7836,#7837,#7838,#7839,
#7840,#7841,#7842,#7843),.UNSPECIFIED.,.F.,.F.,(4,2,2,2,4),(1.47886542396559,
1.53727775624615,1.61906624938867,1.70085474253118,1.75926707481175),
 .UNSPECIFIED.);
#22=B_SPLINE_CURVE_WITH_KNOTS('',3,(#7885,#7886,#7887,#7888,#7889,#7890,
#7891,#7892,#7893,#7894,#7895,#7896,#7897,#7898,#7899,#7900),
 .UNSPECIFIED.,.F.,.F.,(4,3,3,3,3,4),(-4.09323272002468,-3.99629644743813,
-3.49675939150836,-2.9972223355786,-2.49768527964883,-2.07135887395549),
 .UNSPECIFIED.);
#23=B_SPLINE_CURVE_WITH_KNOTS('',3,(#7903,#7904,#7905,#7906,#7907,#7908,
#7909,#7910,#7911,#7912),.UNSPECIFIED.,.F.,.F.,(4,3,3,4),(0.,0.499537055929766,
0.999074111859532,1.11971880752059),.UNSPECIFIED.);
#24=B_SPLINE_CURVE_WITH_KNOTS('',3,(#7917,#7918,#7919,#7920,#7921,#7922,
#7923,#7924,#7925,#7926,#7927,#7928,#7929,#7930,#7931,#7932,#7933,#7934,
#7935,#7936,#7937,#7938,#7939,#7940,#7941,#7942,#7943,#7944,#7945,#7946,
#7947,#7948,#7949,#7950,#7951,#7952,#7953,#7954,#7955,#7956),
 .UNSPECIFIED.,.F.,.F.,(4,3,3,3,3,3,3,3,3,3,3,3,3,4),(-10.3764180272043,
-9.99074111859532,-9.49120406266555,-8.99166700673578,-8.49212995080602,
-7.99259289487625,-7.49305583894649,-6.99351878301672,-6.49398172708695,
-5.99444467115719,-5.49490761522742,-4.99537055929766,-4.49583350336789,
-4.09323272002468),.UNSPECIFIED.);
#25=B_SPLINE_CURVE_WITH_KNOTS('',3,(#7957,#7958,#7959,#7960,#7961,#7962,
#7963,#7964,#7965,#7966,#7967,#7968,#7969,#7970,#7971,#7972,#7973,#7974,
#7975,#7976,#7977,#7978,#7979,#7980,#7981,#7982,#7983,#7984,#7985,#7986,
#7987,#7988,#7989,#7990,#7991,#7992,#7993,#7994,#7995,#7996),
 .UNSPECIFIED.,.F.,.F.,(4,3,3,3,3,3,3,3,3,3,3,3,3,4),(1.11971880752059,
1.4986111677893,1.99814822371906,2.49768527964883,2.99722233557859,3.49675939150836,
3.99629644743812,4.49583350336789,4.99537055929765,5.49490761522742,5.99444467115719,
6.49398172708695,6.99351878301672,7.40290411470018),.UNSPECIFIED.);
#26=B_SPLINE_CURVE_WITH_KNOTS('',3,(#8001,#8002,#8003,#8004,#8005,#8006,
#8007,#8008,#8009,#8010,#8011,#8012,#8013,#8014,#8015,#8016,#8017,#8018,
#8019,#8020,#8021,#8022,#8023,#8024,#8025,#8026,#8027,#8028,#8029,#8030,
#8031,#8032,#8033,#8034,#8035,#8036,#8037,#8038,#8039,#8040,#8041,#8042,
#8043),.UNSPECIFIED.,.F.,.F.,(4,3,3,3,3,3,3,3,3,3,3,3,3,3,4),(-16.6596033343838,
-16.4847228456823,-15.9851857897525,-15.4856487338227,-14.986111677893,
-14.4865746219632,-13.9870375660334,-13.4875005101037,-12.9879634541739,
-12.4884263982441,-11.9888893423144,-11.4893522863846,-10.9898152304548,
-10.4902781745251,-10.3764180272043),.UNSPECIFIED.);
#27=B_SPLINE_CURVE_WITH_KNOTS('',3,(#8044,#8045,#8046,#8047,#8048,#8049,
#8050,#8051,#8052,#8053,#8054,#8055,#8056,#8057,#8058,#8059,#8060,#8061,
#8062,#8063,#8064,#8065,#8066,#8067,#8068,#8069,#8070,#8071,#8072,#8073,
#8074,#8075,#8076,#8077,#8078,#8079,#8080,#8081,#8082,#8083,#8084,#8085,
#8086),.UNSPECIFIED.,.F.,.F.,(4,3,3,3,3,3,3,3,3,3,3,3,3,3,4),(7.40290411470018,
7.49305583894648,7.99259289487625,8.49212995080602,8.99166700673578,9.49120406266555,
9.99074111859531,10.4902781745251,10.9898152304548,11.4893522863846,11.9888893423144,
12.4884263982441,12.9879634541739,13.4875005101037,13.6860894218798),
 .UNSPECIFIED.);
#28=B_SPLINE_CURVE_WITH_KNOTS('',3,(#8091,#8092,#8093,#8094,#8095,#8096,
#8097,#8098,#8099,#8100,#8101,#8102,#8103,#8104,#8105,#8106,#8107,#8108,
#8109,#8110,#8111,#8112,#8113,#8114,#8115,#8116,#8117,#8118,#8119,#8120,
#8121,#8122,#8123,#8124,#8125,#8126,#8127,#8128,#8129,#8130),
 .UNSPECIFIED.,.F.,.F.,(4,3,3,3,3,3,3,3,3,3,3,3,3,4),(-22.9427886415634,
-22.4791675168395,-21.9796304609097,-21.4800934049799,-20.9805563490502,
-20.4810192931204,-19.9814822371906,-19.4819451812609,-18.9824081253311,
-18.4828710694013,-17.9833340134716,-17.4837969575418,-16.984259901612,
-16.6596033343838),.UNSPECIFIED.);
#29=B_SPLINE_CURVE_WITH_KNOTS('',3,(#8131,#8132,#8133,#8134,#8135,#8136,
#8137,#8138,#8139,#8140,#8141,#8142,#8143,#8144,#8145,#8146,#8147,#8148,
#8149,#8150,#8151,#8152,#8153,#8154,#8155,#8156,#8157,#8158,#8159,#8160,
#8161,#8162,#8163,#8164,#8165,#8166,#8167,#8168,#8169,#8170),
 .UNSPECIFIED.,.F.,.F.,(4,3,3,3,3,3,3,3,3,3,3,3,3,4),(13.6860894218798,
13.9870375660334,14.4865746219632,14.986111677893,15.4856487338227,15.9851857897525,
16.4847228456823,16.984259901612,17.4837969575418,17.9833340134716,18.4828710694013,
18.9824081253311,19.4819451812609,19.9692747290594),.UNSPECIFIED.);
#30=B_SPLINE_CURVE_WITH_KNOTS('',3,(#8175,#8176,#8177,#8178,#8179,#8180,
#8181,#8182,#8183,#8184,#8185,#8186,#8187,#8188,#8189,#8190,#8191,#8192,
#8193,#8194,#8195,#8196,#8197,#8198,#8199,#8200,#8201,#8202,#8203,#8204,
#8205,#8206,#8207,#8208,#8209,#8210,#8211,#8212,#8213,#8214,#8215,#8216,
#8217),.UNSPECIFIED.,.F.,.F.,(4,3,3,3,3,3,3,3,3,3,3,3,3,3,4),(-29.225973948743,
-28.9731492439264,-28.4736121879967,-27.9740751320669,-27.4745380761371,
-26.9750010202074,-26.4754639642776,-25.9759269083478,-25.4763898524181,
-24.9768527964883,-24.4773157405585,-23.9777786846288,-23.478241628699,
-22.9787045727692,-22.9427886415634),.UNSPECIFIED.);
#31=B_SPLINE_CURVE_WITH_KNOTS('',3,(#8218,#8219,#8220,#8221,#8222,#8223,
#8224,#8225,#8226,#8227,#8228,#8229,#8230,#8231,#8232,#8233,#8234,#8235,
#8236,#8237,#8238,#8239,#8240,#8241,#8242,#8243,#8244,#8245,#8246,#8247,
#8248,#8249,#8250,#8251,#8252,#8253,#8254,#8255,#8256,#8257,#8258,#8259,
#8260),.UNSPECIFIED.,.F.,.F.,(4,3,3,3,3,3,3,3,3,3,3,3,3,3,4),(19.9692747290594,
19.9814822371906,20.4810192931204,20.9805563490502,21.4800934049799,21.9796304609097,
22.4791675168395,22.9787045727692,23.478241628699,23.9777786846288,24.4773157405585,
24.9768527964883,25.4763898524181,25.9759269083478,26.2524600362389),
 .UNSPECIFIED.);
#32=B_SPLINE_CURVE_WITH_KNOTS('',3,(#8265,#8266,#8267,#8268,#8269,#8270,
#8271,#8272,#8273,#8274,#8275,#8276,#8277,#8278,#8279,#8280,#8281,#8282,
#8283,#8284,#8285,#8286,#8287,#8288,#8289,#8290,#8291,#8292,#8293,#8294,
#8295,#8296,#8297,#8298,#8299,#8300,#8301,#8302,#8303,#8304,#8305,#8306,
#8307),.UNSPECIFIED.,.F.,.F.,(4,3,3,3,3,3,3,3,3,3,3,3,3,3,4),(-35.5091592559226,
-35.4671309710134,-34.9675939150836,-34.4680568591538,-33.9685198032241,
-33.4689827472943,-32.9694456913645,-32.4699086354348,-31.970371579505,
-31.4708345235753,-30.9712974676455,-30.4717604117157,-29.972223355786,
-29.4726862998562,-29.225973948743),.UNSPECIFIED.);
#33=B_SPLINE_CURVE_WITH_KNOTS('',3,(#8308,#8309,#8310,#8311,#8312,#8313,
#8314,#8315,#8316,#8317,#8318,#8319,#8320,#8321,#8322,#8323,#8324,#8325,
#8326,#8327,#8328,#8329,#8330,#8331,#8332,#8333,#8334,#8335,#8336,#8337,
#8338,#8339,#8340,#8341,#8342,#8343,#8344,#8345,#8346,#8347,#8348,#8349,
#8350),.UNSPECIFIED.,.F.,.F.,(4,3,3,3,3,3,3,3,3,3,3,3,3,3,4),(26.2524600362389,
26.4754639642776,26.9750010202073,27.4745380761371,27.9740751320669,28.4736121879966,
28.9731492439264,29.4726862998562,29.9722233557859,30.4717604117157,30.9712974676455,
31.4708345235752,31.970371579505,32.4699086354348,32.5356453434185),
 .UNSPECIFIED.);
#34=B_SPLINE_CURVE_WITH_KNOTS('',3,(#8355,#8356,#8357,#8358,#8359,#8360,
#8361,#8362,#8363,#8364,#8365,#8366,#8367,#8368,#8369,#8370,#8371,#8372,
#8373,#8374,#8375,#8376,#8377,#8378,#8379,#8380,#8381,#8382,#8383,#8384,
#8385,#8386,#8387,#8388,#8389,#8390,#8391,#8392,#8393,#8394),
 .UNSPECIFIED.,.F.,.F.,(4,3,3,3,3,3,3,3,3,3,3,3,3,4),(-41.7923445631022,
-41.4615756421706,-40.9620385862408,-40.462501530311,-39.9629644743813,
-39.4634274184515,-38.9638903625217,-38.464353306592,-37.9648162506622,
-37.4652791947324,-36.9657421388027,-36.4662050828729,-35.9666680269431,
-35.5091592559226),.UNSPECIFIED.);
#35=B_SPLINE_CURVE_WITH_KNOTS('',3,(#8395,#8396,#8397,#8398,#8399,#8400,
#8401,#8402,#8403,#8404,#8405,#8406,#8407,#8408,#8409,#8410,#8411,#8412,
#8413,#8414,#8415,#8416,#8417,#8418,#8419,#8420,#8421,#8422,#8423,#8424,
#8425,#8426,#8427,#8428,#8429,#8430,#8431,#8432,#8433,#8434),
 .UNSPECIFIED.,.F.,.F.,(4,3,3,3,3,3,3,3,3,3,3,3,3,4),(32.5356453434185,
32.9694456913645,33.4689827472943,33.9685198032241,34.4680568591538,34.9675939150836,
35.4671309710134,35.9666680269431,36.4662050828729,36.9657421388027,37.4652791947324,
37.9648162506622,38.464353306592,38.8188306505981),.UNSPECIFIED.);
#36=B_SPLINE_CURVE_WITH_KNOTS('',3,(#8440,#8441,#8442,#8443,#8444,#8445),
 .UNSPECIFIED.,.F.,.F.,(4,1,1,4),(40.8407044966673,41.0874168477805,41.5869539037102,
41.6434807428816),.UNSPECIFIED.);
#37=B_SPLINE_CURVE_WITH_KNOTS('',3,(#8448,#8449,#8450,#8451,#8452),
 .UNSPECIFIED.,.F.,.F.,(4,1,4),(40.8407044966673,41.2745048446133,41.6434807428816),
 .UNSPECIFIED.);
#38=B_SPLINE_CURVE_WITH_KNOTS('',3,(#8457,#8458,#8459,#8460,#8461,#8462,
#8463,#8464,#8465,#8466,#8467,#8468,#8469,#8470,#8471,#8472,#8473),
 .UNSPECIFIED.,.F.,.F.,(4,1,1,1,1,1,1,1,1,1,1,1,1,1,4),(34.5575191894877,
34.5934351206935,35.0929721766233,35.592509232553,36.0920462884828,36.5915833444126,
37.0911204003423,37.5906574562721,38.0901945122019,38.5897315681316,39.0892686240614,
39.5888056799912,40.0883427359209,40.5878797918507,40.8407044966673),
 .UNSPECIFIED.);
#39=B_SPLINE_CURVE_WITH_KNOTS('',3,(#8475,#8476,#8477,#8478,#8479,#8480),
 .UNSPECIFIED.,.F.,.F.,(4,1,1,4),(40.0379281951794,40.2754307327538,40.7749677886835,
40.8407044966673),.UNSPECIFIED.);
#40=B_SPLINE_CURVE_WITH_KNOTS('',3,(#8487,#8488,#8489,#8490,#8491,#8492,
#8493,#8494,#8495,#8496,#8497,#8498,#8499,#8500,#8501),.UNSPECIFIED.,.F.,
 .F.,(4,1,1,1,1,1,1,1,1,1,1,1,4),(34.5575191894877,34.7805231175264,35.2800601734561,
35.7795972293859,36.2791342853156,36.7786713412454,37.2782083971752,37.7777454531049,
38.2772825090347,38.7768195649645,39.2763566208942,39.775893676824,39.9973729597787),
 .UNSPECIFIED.);
#41=B_SPLINE_CURVE_WITH_KNOTS('',3,(#8506,#8507,#8508,#8509,#8510,#8511,
#8512,#8513,#8514,#8515,#8516,#8517,#8518,#8519,#8520,#8521),
 .UNSPECIFIED.,.F.,.F.,(4,1,1,1,1,1,1,1,1,1,1,1,1,4),(28.2743338823081,
28.5989904495363,29.0985275054661,29.5980645613959,30.0976016173256,30.5971386732554,
31.0966757291851,31.5962127851149,32.0957498410447,32.5952868969744,33.0948239529042,
33.594361008834,34.0938980647637,34.5575191894877),.UNSPECIFIED.);
#42=B_SPLINE_CURVE_WITH_KNOTS('',3,(#8522,#8523,#8524,#8525,#8526,#8527,
#8528,#8529,#8530,#8531,#8532,#8533,#8534,#8535,#8536,#8537,#8538),
 .UNSPECIFIED.,.F.,.F.,(4,1,1,1,1,1,1,1,1,1,1,1,1,1,4),(28.2743338823081,
28.2865413904394,28.7860784463692,29.2856155022989,29.7851525582287,30.2846896141585,
30.7842266700882,31.283763726018,31.7833007819478,32.2828378378775,32.7823748938073,
33.2819119497371,33.7814490056668,34.2809860615966,34.5575191894877),
 .UNSPECIFIED.);
#43=B_SPLINE_CURVE_WITH_KNOTS('',3,(#8543,#8544,#8545,#8546,#8547,#8548,
#8549,#8550,#8551,#8552,#8553,#8554,#8555,#8556,#8557,#8558,#8559),
 .UNSPECIFIED.,.F.,.F.,(4,1,1,1,1,1,1,1,1,1,1,1,1,1,4),(21.9911485751285,
22.1050087224494,22.6045457783791,23.1040828343089,23.6036198902387,24.1031569461684,
24.6026940020982,25.102231058028,25.6017681139577,26.1013051698875,26.6008422258173,
27.100379281747,27.5999163376768,28.0994533936066,28.2743338823081),
 .UNSPECIFIED.);
#44=B_SPLINE_CURVE_WITH_KNOTS('',3,(#8560,#8561,#8562,#8563,#8564,#8565,
#8566,#8567,#8568,#8569,#8570,#8571,#8572,#8573,#8574,#8575),
 .UNSPECIFIED.,.F.,.F.,(4,1,1,1,1,1,1,1,1,1,1,1,1,4),(21.9911485751285,
22.2920967192822,22.791633775212,23.2911708311417,23.7907078870715,24.2902449430013,
24.789781998931,25.2893190548608,25.7888561107906,26.2883931667203,26.7879302226501,
27.2874672785799,27.7870043345096,28.2743338823081),.UNSPECIFIED.);
#45=B_SPLINE_CURVE_WITH_KNOTS('',3,(#8580,#8581,#8582,#8583,#8584,#8585,
#8586,#8587,#8588,#8589,#8590,#8591,#8592,#8593,#8594,#8595),
 .UNSPECIFIED.,.F.,.F.,(4,1,1,1,1,1,1,1,1,1,1,1,1,4),(15.707963267949,16.1105640512922,
16.6101011072219,17.1096381631517,17.6091752190815,18.1087122750112,18.608249330941,
19.1077863868708,19.6073234428005,20.1068604987303,20.6063975546601,21.1059346105898,
21.6054716665196,21.9911485751285),.UNSPECIFIED.);
#46=B_SPLINE_CURVE_WITH_KNOTS('',3,(#8596,#8597,#8598,#8599,#8600,#8601,
#8602,#8603,#8604,#8605,#8606,#8607,#8608,#8609,#8610,#8611,#8612),
 .UNSPECIFIED.,.F.,.F.,(4,1,1,1,1,1,1,1,1,1,1,1,1,1,4),(15.707963267949,
15.7981149921953,16.297652048125,16.7971891040548,17.2967261599846,17.7962632159143,
18.2958002718441,18.7953373277739,19.2948743837036,19.7944114396334,20.2939484955631,
20.7934855514929,21.2930226074227,21.7925596633524,21.9911485751285),
 .UNSPECIFIED.);
#47=B_SPLINE_CURVE_WITH_KNOTS('',3,(#8660,#8661,#8662,#8663),
 .UNSPECIFIED.,.F.,.F.,(4,4),(-0.0269239654068494,0.),.UNSPECIFIED.);
#48=B_SPLINE_CURVE_WITH_KNOTS('',3,(#8671,#8672,#8673,#8674),
 .UNSPECIFIED.,.F.,.F.,(4,4),(-0.081973465746714,-0.0547069816944605),
 .UNSPECIFIED.);
#49=B_SPLINE_CURVE_WITH_KNOTS('',3,(#8678,#8679,#8680,#8681),
 .UNSPECIFIED.,.F.,.F.,(4,4),(-0.0269239654068493,0.),.UNSPECIFIED.);
#50=B_SPLINE_CURVE_WITH_KNOTS('',3,(#8685,#8686,#8687,#8688),
 .UNSPECIFIED.,.F.,.F.,(4,4),(-0.0819734654632066,-0.0547069815071264),
 .UNSPECIFIED.);
#51=B_SPLINE_CURVE_WITH_KNOTS('',3,(#8692,#8693,#8694,#8695),
 .UNSPECIFIED.,.F.,.F.,(4,4),(-0.0269239654068489,0.),.UNSPECIFIED.);
#52=B_SPLINE_CURVE_WITH_KNOTS('',3,(#8703,#8704,#8705,#8706),
 .UNSPECIFIED.,.F.,.F.,(4,4),(-0.0819734654639305,-0.0547069815076394),
 .UNSPECIFIED.);
#53=B_SPLINE_CURVE_WITH_KNOTS('',3,(#8710,#8711,#8712,#8713,#8714,#8715,
#8716),.UNSPECIFIED.,.F.,.F.,(4,3,4),(-0.0269239654068492,-0.0140520750917565,
0.),.UNSPECIFIED.);
#54=B_SPLINE_CURVE_WITH_KNOTS('',3,(#8720,#8721,#8722,#8723),
 .UNSPECIFIED.,.F.,.F.,(4,4),(-0.0819734654640892,-0.054706981507731),
 .UNSPECIFIED.);
#55=B_SPLINE_CURVE_WITH_KNOTS('',3,(#8732,#8733,#8734,#8735),
 .UNSPECIFIED.,.F.,.F.,(4,4),(-0.0287261889199136,0.),.UNSPECIFIED.);
#56=B_SPLINE_CURVE_WITH_KNOTS('',3,(#8737,#8738,#8739,#8740),
 .UNSPECIFIED.,.F.,.F.,(4,4),(-0.083271129419699,-0.0541735241930529),
 .UNSPECIFIED.);
#57=B_SPLINE_CURVE_WITH_KNOTS('',3,(#8743,#8744,#8745,#8746),
 .UNSPECIFIED.,.F.,.F.,(4,4),(-0.0287261889199159,0.),.UNSPECIFIED.);
#58=B_SPLINE_CURVE_WITH_KNOTS('',3,(#8750,#8751,#8752,#8753,#8754,#8755,
#8756),.UNSPECIFIED.,.F.,.F.,(4,3,4),(-0.0832975109678167,-0.0719794162757456,
-0.054185699227822),.UNSPECIFIED.);
#59=B_SPLINE_CURVE_WITH_KNOTS('',3,(#8760,#8761,#8762,#8763),
 .UNSPECIFIED.,.F.,.F.,(4,4),(-0.0287261889199164,0.),.UNSPECIFIED.);
#60=B_SPLINE_CURVE_WITH_KNOTS('',3,(#8767,#8768,#8769,#8770),
 .UNSPECIFIED.,.F.,.F.,(4,4),(-0.0832711294531189,-0.0541735242144748),
 .UNSPECIFIED.);
#61=B_SPLINE_CURVE_WITH_KNOTS('',3,(#8774,#8775,#8776,#8777),
 .UNSPECIFIED.,.F.,.F.,(4,4),(-0.0287261889199165,0.),.UNSPECIFIED.);
#62=B_SPLINE_CURVE_WITH_KNOTS('',3,(#8782,#8783,#8784,#8785),
 .UNSPECIFIED.,.F.,.F.,(4,4),(-0.0832711291574297,-0.0541735240240641),
 .UNSPECIFIED.);
#63=B_SPLINE_CURVE_WITH_KNOTS('',3,(#8789,#8790,#8791,#8792),
 .UNSPECIFIED.,.F.,.F.,(4,4),(-0.0832711294213036,-0.0541735241939875),
 .UNSPECIFIED.);
#64=B_SPLINE_CURVE_WITH_KNOTS('',3,(#8795,#8796,#8797,#8798),
 .UNSPECIFIED.,.F.,.F.,(4,4),(-0.0287261889199182,0.),.UNSPECIFIED.);
#65=B_SPLINE_CURVE_WITH_KNOTS('',3,(#8800,#8801,#8802,#8803),
 .UNSPECIFIED.,.F.,.F.,(4,4),(-0.083271129452799,-0.0541735242142758),
 .UNSPECIFIED.);
#66=B_SPLINE_CURVE_WITH_KNOTS('',3,(#8806,#8807,#8808,#8809),
 .UNSPECIFIED.,.F.,.F.,(4,4),(-0.0287308098796294,0.),.UNSPECIFIED.);
#67=B_SPLINE_CURVE_WITH_KNOTS('',3,(#8815,#8816,#8817,#8818,#8819,#8820,
#8821),.UNSPECIFIED.,.F.,.F.,(4,3,4),(-0.0287261889199208,-0.0170401784425823,
0.),.UNSPECIFIED.);
#68=B_SPLINE_CURVE_WITH_KNOTS('',3,(#8825,#8826,#8827,#8828),
 .UNSPECIFIED.,.F.,.F.,(4,4),(-0.0832711294214038,-0.054173524193982),
 .UNSPECIFIED.);
#69=B_SPLINE_CURVE_WITH_KNOTS('',3,(#8832,#8833,#8834,#8835),
 .UNSPECIFIED.,.F.,.F.,(4,4),(-0.0287386270075308,0.),.UNSPECIFIED.);
#70=B_SPLINE_CURVE_WITH_KNOTS('',3,(#8838,#8839,#8840,#8841),
 .UNSPECIFIED.,.F.,.F.,(4,4),(-0.0832711294343737,-0.05417352420242),
 .UNSPECIFIED.);
#71=B_SPLINE_CURVE_WITH_KNOTS('',3,(#8843,#8844,#8845,#8846),
 .UNSPECIFIED.,.F.,.F.,(4,4),(-0.0269239365482765,0.),.UNSPECIFIED.);
#72=B_SPLINE_CURVE_WITH_KNOTS('',3,(#8848,#8849,#8850,#8851),
 .UNSPECIFIED.,.F.,.F.,(4,4),(-0.0819577555101855,-0.0546935845930058),
 .UNSPECIFIED.);
#73=B_SPLINE_CURVE_WITH_KNOTS('',3,(#8854,#8855,#8856,#8857),
 .UNSPECIFIED.,.F.,.F.,(4,4),(-0.0269239365482755,0.),.UNSPECIFIED.);
#74=B_SPLINE_CURVE_WITH_KNOTS('',3,(#8859,#8860,#8861,#8862),
 .UNSPECIFIED.,.F.,.F.,(4,4),(-0.0819577555102683,-0.0546935845930503),
 .UNSPECIFIED.);
#75=B_SPLINE_CURVE_WITH_KNOTS('',3,(#8867,#8868,#8869,#8870),
 .UNSPECIFIED.,.F.,.F.,(4,4),(-0.0819734690525147,-0.0547069822062621),
 .UNSPECIFIED.);
#76=B_SPLINE_CURVE_WITH_KNOTS('',3,(#8873,#8874,#8875,#8876),
 .UNSPECIFIED.,.F.,.F.,(4,4),(-0.0269239682764297,0.),.UNSPECIFIED.);
#77=B_SPLINE_CURVE_WITH_KNOTS('',3,(#8877,#8878,#8879,#8880),
 .UNSPECIFIED.,.F.,.F.,(4,4),(-0.0819734690525209,-0.0547069822062655),
 .UNSPECIFIED.);
#78=B_SPLINE_CURVE_WITH_KNOTS('',3,(#8881,#8882,#8883,#8884),
 .UNSPECIFIED.,.F.,.F.,(4,4),(-0.026923968276435,0.),.UNSPECIFIED.);
#79=B_SPLINE_CURVE_WITH_KNOTS('',3,(#9249,#9250,#9251,#9252,#9253,#9254,
#9255),.UNSPECIFIED.,.F.,.F.,(4,1,1,1,4),(43.1795208990409,43.5851021274293,
44.0846391833591,44.5841762392888,44.7850734014733),.UNSPECIFIED.);
#80=B_SPLINE_CURVE_WITH_KNOTS('',3,(#9256,#9257,#9258,#9259,#9260,#9261,
#9262),.UNSPECIFIED.,.F.,.F.,(4,1,1,1,4),(41.6840360335559,42.08649095964,
42.5860280155698,43.0855650714995,43.1389656133685),.UNSPECIFIED.);
#81=B_SPLINE_CURVE_WITH_KNOTS('',3,(#9264,#9265,#9266,#9267,#9268,#9269,
#9270,#9271,#9272,#9273,#9274,#9275),.UNSPECIFIED.,.F.,.F.,(4,1,1,1,1,1,
1,1,1,4),(11.6147305479243,12.114267603854,12.6138046597838,13.1133417157136,
13.6128787716433,14.1124158275731,14.6119528835029,15.1114899394326,15.6110269953624,
15.707963267949),.UNSPECIFIED.);
#82=B_SPLINE_CURVE_WITH_KNOTS('',3,(#9276,#9277,#9278,#9279,#9280,#9281,
#9282,#9283,#9284,#9285,#9286,#9287,#9288,#9289,#9290,#9291,#9292,#9293,
#9294,#9295,#9296,#9297,#9298,#9299,#9300,#9301,#9302,#9303,#9304,#9305,
#9306,#9307,#9308,#9309,#9310,#9311,#9312,#9313,#9314,#9315,#9316,#9317,
#9318,#9319,#9320,#9321,#9322,#9323,#9324,#9325,#9326,#9327,#9328,#9329,
#9330,#9331,#9332,#9333,#9334,#9335,#9336,#9337,#9338,#9339,#9340,#9341,
#9342,#9343,#9344,#9345,#9346,#9347,#9348,#9349,#9350,#9351,#9352,#9353,
#9354,#9355,#9356,#9357,#9358,#9359,#9360,#9361,#9362,#9363,#9364,#9365,
#9366,#9367,#9368,#9369,#9370,#9371,#9372,#9373,#9374,#9375,#9376,#9377,
#9378,#9379,#9380,#9381,#9382,#9383,#9384,#9385,#9386,#9387,#9388,#9389,
#9390,#9391,#9392,#9393,#9394,#9395,#9396),.UNSPECIFIED.,.F.,.F.,(4,3,3,
3,3,3,3,3,3,3,3,3,3,3,3,3,3,3,3,3,3,3,3,3,3,3,3,3,3,3,3,3,3,3,3,3,3,3,3,
3,4),(-1.97246740939449,-1.89990301943788,-1.82594197439889,-1.75197007019688,
-1.7301061878704,-1.71935902269349,-1.71059107289617,-1.63554116872055,
-1.56238271402279,-1.48638708510824,-1.46898601688073,-1.45850856279063,
-1.41039145619369,-1.33809373587714,-1.26534058423884,-1.19268893620503,
-1.12704589925904,-1.10242976040429,-1.09128929617847,-1.08355066859313,
-1.01179160288146,-0.940240179882704,-0.930116788421067,-0.85825918194678,
-0.786559375807203,-0.74572430419271,-0.726152463621508,-0.714532366121635,
-0.6436510902417,-0.572762874713601,-0.502605452541966,-0.459878802891263,
-0.402393952529855,-0.377244330496739,-0.358965935625435,-0.351338536156183,
-0.281763763123268,-0.211322822342451,-0.141548971451702,-0.0707744857258508,
0.),.UNSPECIFIED.);
#83=B_SPLINE_CURVE_WITH_KNOTS('',3,(#9398,#9399,#9400,#9401,#9402,#9403,
#9404,#9405,#9406,#9407,#9408,#9409,#9410,#9411,#9412,#9413),
 .UNSPECIFIED.,.F.,.F.,(4,3,3,3,3,4),(-43.9592609218194,-43.4597238658896,
-42.9601868099599,-42.4606497540301,-41.9611126981003,-41.7923445631022),
 .UNSPECIFIED.);
#84=B_SPLINE_CURVE_WITH_KNOTS('',3,(#9415,#9416,#9417,#9418,#9419,#9420,
#9421,#9422,#9423,#9424,#9425,#9426,#9427,#9428,#9429,#9430,#9431,#9432,
#9433,#9434,#9435,#9436,#9437,#9438,#9439,#9440,#9441,#9442,#9443,#9444,
#9445,#9446,#9447,#9448,#9449,#9450,#9451,#9452,#9453,#9454,#9455,#9456,
#9457,#9458,#9459,#9460,#9461,#9462,#9463,#9464,#9465,#9466,#9467,#9468,
#9469,#9470,#9471,#9472,#9473,#9474,#9475,#9476,#9477,#9478,#9479,#9480,
#9481,#9482,#9483,#9484,#9485,#9486,#9487,#9488,#9489,#9490,#9491,#9492,
#9493,#9494,#9495,#9496,#9497,#9498,#9499,#9500,#9501,#9502,#9503,#9504,
#9505,#9506,#9507,#9508,#9509,#9510,#9511,#9512,#9513,#9514,#9515,#9516,
#9517,#9518,#9519,#9520,#9521,#9522,#9523,#9524,#9525,#9526,#9527,#9528,
#9529,#9530,#9531,#9532,#9533,#9534,#9535),.UNSPECIFIED.,.F.,.F.,(4,3,3,
3,3,3,3,3,3,3,3,3,3,3,3,3,3,3,3,3,3,3,3,3,3,3,3,3,3,3,3,3,3,3,3,3,3,3,3,
3,4),(0.,0.0666715410423504,0.135659477990279,0.205409401275849,0.275462512891886,
0.33865366111252,0.35587114449008,0.363700396383072,0.43426458333469,0.505234423652556,
0.528227105774423,0.598873819483006,0.669775919206484,0.711045825775063,
0.719122411141992,0.727761300217663,0.799128442329437,0.870938096500031,
0.942617004837149,0.999935171755115,1.06012637173705,1.07664433457876,1.0865595515373,
1.09460155683666,1.16595789102891,1.23822916907575,1.31100478777279,1.38352025962757,
1.43249251561909,1.45849323865826,1.47078373813801,1.4814647716106,1.55385805217411,
1.62699555783798,1.70040572850074,1.71674660313215,1.72673340947795,1.80064725630429,
1.87468887136089,1.94818874109811,1.97246740939452),.UNSPECIFIED.);
#85=B_SPLINE_CURVE_WITH_KNOTS('',3,(#9536,#9537,#9538,#9539,#9540),
 .UNSPECIFIED.,.F.,.F.,(4,1,4),(52.6042988095385,53.0763061900948,53.5026325957882),
 .UNSPECIFIED.);
#86=B_SPLINE_CURVE_WITH_KNOTS('',3,(#9541,#9542,#9543,#9544,#9545,#9546),
 .UNSPECIFIED.,.F.,.F.,(4,1,1,4),(51.1088139943253,51.5776950223055,52.0772320782353,
52.5637435741379),.UNSPECIFIED.);
#87=B_SPLINE_CURVE_WITH_KNOTS('',3,(#9547,#9548,#9549,#9550,#9551,#9552,
#9553),.UNSPECIFIED.,.F.,.F.,(4,1,1,1,4),(49.4627062062204,49.5795467985865,
50.0790838545162,50.578620910446,51.0682587086529),.UNSPECIFIED.);
#88=B_SPLINE_CURVE_WITH_KNOTS('',3,(#9554,#9555,#9556,#9557,#9558,#9559,
#9560),.UNSPECIFIED.,.F.,.F.,(4,1,1,1,4),(47.9672213407355,48.0809356307972,
48.5804726867269,49.0800097426567,49.4221509205481),.UNSPECIFIED.);
#89=B_SPLINE_CURVE_WITH_KNOTS('',3,(#9561,#9562,#9563,#9564,#9565,#9566,
#9567),.UNSPECIFIED.,.F.,.F.,(4,1,1,1,4),(46.321113502359,46.5823244630079,
47.0818615189377,47.5813985748674,47.9266660500612),.UNSPECIFIED.);
#90=B_SPLINE_CURVE_WITH_KNOTS('',3,(#9568,#9569,#9570,#9571,#9572,#9573,
#9574),.UNSPECIFIED.,.F.,.F.,(4,1,1,1,4),(44.8256286871457,45.0837132952186,
45.5832503511484,46.0827874070781,46.2805582669583),.UNSPECIFIED.);
#91=B_SPLINE_CURVE_WITH_KNOTS('',3,(#9580,#9581,#9582,#9583,#9584,#9585,
#9586,#9587,#9588,#9589,#9590,#9591,#9592,#9593,#9594,#9595,#9596,#9597,
#9598,#9599,#9600,#9601,#9602,#9603,#9604,#9605,#9606,#9607,#9608,#9609,
#9610,#9611,#9612,#9613,#9614,#9615,#9616,#9617,#9618,#9619,#9620,#9621,
#9622,#9623,#9624,#9625,#9626,#9627,#9628,#9629,#9630,#9631,#9632,#9633,
#9634,#9635,#9636,#9637,#9638,#9639,#9640,#9641,#9642,#9643,#9644,#9645,
#9646,#9647,#9648,#9649,#9650,#9651,#9652,#9653,#9654,#9655,#9656,#9657,
#9658,#9659,#9660,#9661,#9662,#9663,#9664,#9665,#9666,#9667,#9668,#9669,
#9670,#9671,#9672,#9673,#9674,#9675,#9676,#9677,#9678,#9679,#9680,#9681,
#9682,#9683,#9684,#9685,#9686,#9687,#9688,#9689,#9690,#9691,#9692,#9693,
#9694,#9695,#9696,#9697),.UNSPECIFIED.,.F.,.F.,(4,3,3,3,3,3,3,3,3,3,3,3,
3,3,3,3,3,3,3,3,3,3,3,3,3,3,3,3,3,3,3,3,3,3,3,3,3,3,3,4),(0.,0.0727319664482642,
0.14645003305309,0.220547514817726,0.294457848699488,0.361867121779303,
0.381360907703206,0.389665663497081,0.462754741692695,0.535631158756677,
0.564094941018751,0.637288906155763,0.710239387563706,0.752128852070339,
0.761497876367842,0.77027726691188,0.8424919240178,0.914724314678159,0.986182962480736,
1.04535510361677,1.10421058025542,1.13362417240578,1.14203553798194,1.21291193803551,
1.28428036862844,1.35537569717044,1.42581593435697,1.4710074255415,1.49632361436976,
1.50654163956511,1.51619891672603,1.58650234857628,1.65710686848024,1.72745829268178,
1.7390294969579,1.74882018936898,1.81876502699374,1.88839911857775,1.9570247937666,
1.97619998767995),.UNSPECIFIED.);
#92=B_SPLINE_CURVE_WITH_KNOTS('',3,(#9701,#9702,#9703,#9704,#9705,#9706,
#9707),.UNSPECIFIED.,.F.,.F.,(4,1,1,1,4),(46.3211135023589,46.7694124598407,
47.2689495157705,47.7684865717003,47.9266660500612),.UNSPECIFIED.);
#93=B_SPLINE_CURVE_WITH_KNOTS('',3,(#9710,#9711,#9712,#9713,#9714,#9715,
#9716,#9717,#9718,#9719,#9720,#9721,#9722,#9723),.UNSPECIFIED.,.F.,.F.,
(4,1,1,1,1,1,1,1,1,1,1,4),(10.3764180272043,10.8027444328976,11.3022814888274,
11.8018185447571,12.3013556006869,12.8008926566167,13.3004297125464,13.7999667684762,
14.299503824406,14.7990408803357,15.2985779362655,15.707963267949),
 .UNSPECIFIED.);
#94=B_SPLINE_CURVE_WITH_KNOTS('',3,(#9726,#9727,#9728,#9729,#9730,#9731,
#9732,#9733),.UNSPECIFIED.,.F.,.F.,(4,1,1,1,1,4),(43.1795208990409,43.2726530683324,
43.7721901242621,44.2717271801919,44.7712642361217,44.7850734014733),
 .UNSPECIFIED.);
#95=B_SPLINE_CURVE_WITH_KNOTS('',3,(#9735,#9736,#9737,#9738,#9739,#9740,
#9741),.UNSPECIFIED.,.F.,.F.,(4,1,1,1,4),(41.6840360335559,41.7740419005431,
42.2735789564728,42.7731160124026,43.1389656133685),.UNSPECIFIED.);
#96=B_SPLINE_CURVE_WITH_KNOTS('',3,(#9743,#9744,#9745,#9746,#9747,#9748,
#9749),.UNSPECIFIED.,.F.,.F.,(4,1,1,1,4),(49.4627062062204,49.7666347954193,
50.2661718513491,50.7657089072789,51.0682587086529),.UNSPECIFIED.);
#97=B_SPLINE_CURVE_WITH_KNOTS('',3,(#9751,#9752,#9753,#9754,#9755,#9756,
#9757),.UNSPECIFIED.,.F.,.F.,(4,1,1,1,4),(47.9672213407355,48.26802362763,
48.7675606835598,49.2670977394896,49.4221509205481),.UNSPECIFIED.);
#98=B_SPLINE_CURVE_WITH_KNOTS('',3,(#9759,#9760,#9761,#9762,#9763,#9764),
 .UNSPECIFIED.,.F.,.F.,(4,1,1,4),(51.1088139943253,51.2652459632086,51.7647830191384,
52.2643200750682),.UNSPECIFIED.);
#99=B_SPLINE_CURVE_WITH_KNOTS('',3,(#10129,#10130,#10131,#10132,#10133,
#10134,#10135),.UNSPECIFIED.,.F.,.F.,(4,1,1,1,4),(44.8256286871457,45.2708012920514,
45.7703383479812,46.269875403911,46.2805582669583),.UNSPECIFIED.);
#100=B_SPLINE_CURVE_WITH_KNOTS('',3,(#10136,#10137,#10138,#10139,#10140,
#10141,#10142,#10143,#10144,#10145,#10146,#10147,#10148,#10149,#10150,#10151,
#10152,#10153,#10154,#10155,#10156,#10157),.UNSPECIFIED.,.F.,.F.,(4,3,3,
3,3,3,3,4),(38.8188306505981,38.9638903625217,39.4634274184515,39.9629644743813,
40.462501530311,40.9620385862408,41.4615756421706,41.8879020478639),
 .UNSPECIFIED.);
#101=B_SPLINE_CURVE_WITH_KNOTS('',3,(#10158,#10159,#10160,#10161,#10162,
#10163,#10164,#10165,#10166,#10167,#10168,#10169,#10170,#10171,#10172,#10173,
#10174,#10175,#10176,#10177,#10178,#10179,#10180,#10181,#10182,#10183,#10184,
#10185,#10186,#10187,#10188,#10189,#10190,#10191,#10192,#10193,#10194,#10195,
#10196,#10197,#10198,#10199,#10200,#10201,#10202,#10203,#10204,#10205,#10206,
#10207,#10208,#10209,#10210,#10211,#10212,#10213,#10214,#10215,#10216,#10217,
#10218,#10219,#10220,#10221,#10222,#10223,#10224,#10225,#10226,#10227,#10228,
#10229,#10230,#10231,#10232,#10233,#10234,#10235,#10236,#10237,#10238,#10239,
#10240,#10241,#10242,#10243,#10244,#10245,#10246,#10247,#10248,#10249,#10250,
#10251,#10252,#10253,#10254,#10255,#10256,#10257,#10258,#10259,#10260,#10261,
#10262,#10263,#10264,#10265,#10266,#10267,#10268,#10269,#10270,#10271,#10272,
#10273,#10274,#10275,#10276,#10277,#10278),.UNSPECIFIED.,.F.,.F.,(4,3,3,
3,3,3,3,3,3,3,3,3,3,3,3,3,3,3,3,3,3,3,3,3,3,3,3,3,3,3,3,3,3,3,3,3,3,3,3,
3,4),(-1.97619998767996,-1.9094562232667,-1.84006738646462,-1.77019137694125,
-1.74826199922091,-1.73856996066357,-1.66591568113965,-1.59531149994643,
-1.52163217125717,-1.50507655914504,-1.49433397358417,-1.4479528425679,
-1.37779427632791,-1.30680381315748,-1.23542507547113,-1.17042015702891,
-1.14604331261308,-1.13502774997704,-1.12705034224748,-1.05513680935282,
-0.982843555162363,-0.975405401702255,-0.903514696061266,-0.831279339382002,
-0.78894932564924,-0.768846814026584,-0.756836652430847,-0.684149066057365,
-0.611014190709627,-0.537991868321715,-0.492639229519907,-0.431059325829919,
-0.404118117965549,-0.386422475548919,-0.378558573127371,-0.305821451488703,
-0.229366088616527,-0.155267126933063,-0.0776335634665313,-0.00484018695746465,
0.),.UNSPECIFIED.);
#102=B_SPLINE_CURVE_WITH_KNOTS('',3,(#10604,#10605,#10606,#10607,#10608,
#10609,#10610,#10611,#10612,#10613,#10614,#10615,#10616,#10617,#10618,#10619,
#10620,#10621,#10622,#10623,#10624,#10625,#10626,#10627,#10628),
 .UNSPECIFIED.,.F.,.F.,(4,3,3,3,3,3,3,3,4),(-3.8610664014027,-3.49570545634828,
-2.99631896258424,-2.4969324688202,-1.99754597505616,-1.49815948129212,
-0.99877298752808,-0.499386493764041,0.),.UNSPECIFIED.);
#103=B_SPLINE_CURVE_WITH_KNOTS('',3,(#10631,#10632,#10633,#10634,#10635,
#10636,#10637,#10638,#10639,#10640,#10641,#10642,#10643,#10644,#10645,#10646,
#10647,#10648,#10649,#10650,#10651,#10652,#10653,#10654,#10655,#10656,#10657,
#10658,#10659,#10660,#10661,#10662,#10663,#10664,#10665,#10666,#10667),
 .UNSPECIFIED.,.F.,.F.,(4,3,3,3,3,3,3,3,3,3,3,3,4),(2.02782768921385,2.4969324688202,
2.99631896258424,3.49570545634828,3.99509195011232,4.49447844387636,4.9938649376404,
5.49325143140444,5.99263792516847,6.49202441893251,6.99141091269655,7.49079740646059,
7.59153924858054),.UNSPECIFIED.);
#104=B_SPLINE_CURVE_WITH_KNOTS('',3,(#10672,#10673,#10674,#10675,#10676,
#10677,#10678,#10679,#10680,#10681,#10682,#10683,#10684,#10685,#10686,#10687,
#10688,#10689,#10690,#10691,#10692,#10693,#10694,#10695,#10696,#10697,#10698,
#10699,#10700,#10701,#10702,#10703,#10704,#10705,#10706,#10707,#10708,#10709,
#10710,#10711,#10712,#10713,#10714),.UNSPECIFIED.,.F.,.F.,(4,3,3,3,3,3,
3,3,3,3,3,3,3,3,4),(-10.1442517085823,-9.98772987528079,-9.48834338151675,
-8.98895688775271,-8.48957039398867,-7.99018390022463,-7.4907974064606,
-6.99141091269655,-6.49202441893252,-5.99263792516848,-5.49325143140443,
-4.99386493764039,-4.49447844387636,-3.99509195011232,-3.8610664014027),
 .UNSPECIFIED.);
#105=B_SPLINE_CURVE_WITH_KNOTS('',3,(#10715,#10716,#10717,#10718,#10719,
#10720,#10721,#10722,#10723,#10724,#10725,#10726,#10727,#10728,#10729,#10730,
#10731,#10732,#10733,#10734,#10735,#10736,#10737,#10738,#10739,#10740,#10741,
#10742,#10743,#10744,#10745,#10746,#10747,#10748,#10749,#10750,#10751,#10752,
#10753,#10754),.UNSPECIFIED.,.F.,.F.,(4,3,3,3,3,3,3,3,3,3,3,3,3,4),(7.59153924858054,
7.99018390022463,8.48957039398867,8.98895688775271,9.48834338151675,9.98772987528079,
10.4871163690448,10.9865028628089,11.4858893565729,11.9852758503369,12.484662344101,
12.984048837865,13.4834353316291,13.8747245557601),.UNSPECIFIED.);
#106=B_SPLINE_CURVE_WITH_KNOTS('',3,(#10760,#10761,#10762,#10763,#10764,
#10765,#10766,#10767,#10768,#10769,#10770,#10771,#10772,#10773,#10774,#10775,
#10776,#10777,#10778),.UNSPECIFIED.,.F.,.F.,(4,3,3,3,3,3,4),(20.1579098629397,
20.4748462443256,20.9742327380897,21.4736192318537,21.9730057256177,22.4723922193818,
22.9717787131458),.UNSPECIFIED.);
#107=B_SPLINE_CURVE_WITH_KNOTS('',3,(#10781,#10782,#10783,#10784,#10785,
#10786,#10787,#10788,#10789,#10790,#10791,#10792,#10793,#10794,#10795,#10796,
#10797,#10798,#10799,#10800,#10801,#10802,#10803,#10804,#10805,#10806,#10807,
#10808,#10809,#10810,#10811),.UNSPECIFIED.,.F.,.F.,(4,3,3,3,3,3,3,3,3,3,
4),(-20.943951023932,-20.4748462443256,-19.9754597505616,-19.4760732567975,
-18.9766867630335,-18.4773002692695,-17.9779137755054,-17.4785272817414,
-16.9791407879774,-16.4797542942133,-16.4274370157619),.UNSPECIFIED.);
#108=B_SPLINE_CURVE_WITH_KNOTS('',3,(#10817,#10818,#10819,#10820),
 .UNSPECIFIED.,.F.,.F.,(4,4),(34.5575191894877,34.8186755796921),
 .UNSPECIFIED.);
#109=B_SPLINE_CURVE_WITH_KNOTS('',3,(#10823,#10824,#10825,#10826,#10827),
 .UNSPECIFIED.,.F.,.F.,(4,1,4),(34.5575191894877,34.8744555708736,35.34356035048),
 .UNSPECIFIED.);
#110=B_SPLINE_CURVE_WITH_KNOTS('',3,(#10832,#10833,#10834,#10835,#10836,
#10837,#10838,#10839,#10840,#10841,#10842,#10843,#10844,#10845,#10846,#10847,
#10848),.UNSPECIFIED.,.F.,.F.,(4,1,1,1,1,1,1,1,1,1,1,1,1,1,4),(28.2743338823081,
28.3266511607596,28.8260376545236,29.3254241482876,29.8248106420517,30.3241971358157,
30.8235836295798,31.3229701233438,31.8223566171078,32.3217431108719,32.8211296046359,
33.3205160984,33.819902592164,34.319289085928,34.5575191894877),
 .UNSPECIFIED.);
#111=B_SPLINE_CURVE_WITH_KNOTS('',3,(#10849,#10850,#10851,#10852,#10853,
#10854,#10855,#10856,#10857,#10858,#10859,#10860,#10861,#10862,#10863,#10864,
#10865),.UNSPECIFIED.,.F.,.F.,(4,1,1,1,1,1,1,1,1,1,1,1,1,1,4),(28.2743338823081,
28.3824311519411,28.8818176457052,29.3812041394692,29.8805906332332,30.3799771269973,
30.8793636207613,31.3787501145254,31.8781366082894,32.3775231020534,32.8769095958175,
33.3762960895815,33.8756825833456,34.3750690771096,34.5575191894877),
 .UNSPECIFIED.);
#112=B_SPLINE_CURVE_WITH_KNOTS('',3,(#10870,#10871,#10872,#10873,#10874,
#10875,#10876,#10877,#10878,#10879,#10880,#10881,#10882,#10883,#10884,#10885),
 .UNSPECIFIED.,.F.,.F.,(4,1,1,1,1,1,1,1,1,1,1,1,1,4),(21.9911485751285,
22.3340132355911,22.8333997293551,23.3327862231192,23.8321727168832,24.3315592106473,
24.8309457044113,25.3303321981753,25.8297186919394,26.3291051857034,26.8284916794674,
27.3278781732315,27.8272646669955,28.2743338823081),.UNSPECIFIED.);
#113=B_SPLINE_CURVE_WITH_KNOTS('',3,(#10886,#10887,#10888,#10889,#10890,
#10891,#10892,#10893,#10894,#10895,#10896,#10897,#10898,#10899,#10900,#10901),
 .UNSPECIFIED.,.F.,.F.,(4,1,1,1,1,1,1,1,1,1,1,1,1,4),(21.9911485751285,
22.3897932267726,22.8891797205367,23.3885662143007,23.8879527080648,24.3873392018288,
24.8867256955928,25.3861121893569,25.8854986831209,26.384885176885,26.884271670649,
27.383658164413,27.8830446581771,28.2743338823081),.UNSPECIFIED.);
#114=B_SPLINE_CURVE_WITH_KNOTS('',3,(#10907,#10908,#10909,#10910,#10911,
#10912),.UNSPECIFIED.,.F.,.F.,(4,1,1,4),(14.399609326548,14.898995820312,
15.3983823140761,15.707963267949),.UNSPECIFIED.);
#115=B_SPLINE_CURVE_WITH_KNOTS('',3,(#10915,#10916,#10917,#10918,#10919,
#10920,#10921),.UNSPECIFIED.,.F.,.F.,(4,1,1,1,4),(13.8747245557601,14.3438293353665,
14.8432158291305,15.3426023228945,15.707963267949),.UNSPECIFIED.);
#116=B_SPLINE_CURVE_WITH_KNOTS('',3,(#10925,#10926,#10927,#10928,#10929,
#10930,#10931,#10932,#10933,#10934),.UNSPECIFIED.,.F.,.F.,(4,2,2,2,4),(0.54196410708619,
0.563573357291403,0.585182607496616,0.628401107907043,0.659913358384455),
 .UNSPECIFIED.);
#117=B_SPLINE_CURVE_WITH_KNOTS('',3,(#10938,#10939,#10940,#10941,#10942,
#10943,#10944,#10945,#10946,#10947),.UNSPECIFIED.,.F.,.F.,(4,2,2,2,4),(0.0736676711210152,
0.105179921598427,0.148398422008853,0.170007672214067,0.19161692241928),
 .UNSPECIFIED.);
#118=B_SPLINE_CURVE_WITH_KNOTS('',3,(#10951,#10952,#10953,#10954,#10955,
#10956,#10957,#10958,#10959,#10960),.UNSPECIFIED.,.F.,.F.,(4,2,2,2,4),(0.424014840936847,
0.455527104826011,0.498745603202131,0.520354852390191,0.54196410157825),
 .UNSPECIFIED.);
#119=B_SPLINE_CURVE_WITH_KNOTS('',3,(#10963,#10964,#10965,#10966,#10967,
#10968,#10969,#10970,#10971,#10972),.UNSPECIFIED.,.F.,.F.,(4,2,2,2,4),(0.191616927926538,
0.213226177114597,0.234835426302657,0.278053924678777,0.309566188567941),
 .UNSPECIFIED.);
#120=B_SPLINE_CURVE_WITH_KNOTS('',3,(#10981,#10982,#10983,#10984,#10985,
#10986,#10987,#10988,#10989,#10990),.UNSPECIFIED.,.F.,.F.,(4,2,2,2,4),(0.424014840936845,
0.455527104826011,0.498745603202131,0.520354852390191,0.54196410157825),
 .UNSPECIFIED.);
#121=B_SPLINE_CURVE_WITH_KNOTS('',3,(#10992,#10993,#10994,#10995,#10996,
#10997,#10998,#10999,#11000,#11001),.UNSPECIFIED.,.F.,.F.,(4,2,2,2,4),(0.541964107086188,
0.563573357291402,0.585182607496615,0.628401107907042,0.65991335838445),
 .UNSPECIFIED.);
#122=B_SPLINE_CURVE_WITH_KNOTS('',3,(#11005,#11006,#11007,#11008,#11009,
#11010,#11011,#11012,#11013,#11014),.UNSPECIFIED.,.F.,.F.,(4,2,2,2,4),(0.424014840936845,
0.455527104826011,0.49874560320213,0.52035485239019,0.54196410157825),
 .UNSPECIFIED.);
#123=B_SPLINE_CURVE_WITH_KNOTS('',3,(#11016,#11017,#11018,#11019,#11020,
#11021,#11022,#11023,#11024,#11025),.UNSPECIFIED.,.F.,.F.,(4,2,2,2,4),(0.541964107086188,
0.563573357291401,0.585182607496614,0.628401107907041,0.65991335838445),
 .UNSPECIFIED.);
#124=B_SPLINE_CURVE_WITH_KNOTS('',3,(#11029,#11030,#11031,#11032,#11033,
#11034,#11035,#11036,#11037,#11038),.UNSPECIFIED.,.F.,.F.,(4,2,2,2,4),(0.424014840936845,
0.455527104826011,0.49874560320213,0.52035485239019,0.541964101578249),
 .UNSPECIFIED.);
#125=B_SPLINE_CURVE_WITH_KNOTS('',3,(#11040,#11041,#11042,#11043,#11044,
#11045,#11046,#11047,#11048,#11049),.UNSPECIFIED.,.F.,.F.,(4,2,2,2,4),(0.541964107086188,
0.563573357291401,0.585182607496615,0.628401107907041,0.659913358384451),
 .UNSPECIFIED.);
#126=B_SPLINE_CURVE_WITH_KNOTS('',3,(#11053,#11054,#11055,#11056,#11057,
#11058,#11059,#11060,#11061,#11062),.UNSPECIFIED.,.F.,.F.,(4,2,2,2,4),(0.424014840936844,
0.455527104826011,0.498745603202131,0.52035485239019,0.54196410157825),
 .UNSPECIFIED.);
#127=B_SPLINE_CURVE_WITH_KNOTS('',3,(#11064,#11065,#11066,#11067,#11068,
#11069,#11070,#11071,#11072,#11073),.UNSPECIFIED.,.F.,.F.,(4,2,2,2,4),(0.541964107086188,
0.563573357291402,0.585182607496615,0.628401107907042,0.65991335838445),
 .UNSPECIFIED.);
#128=B_SPLINE_CURVE_WITH_KNOTS('',3,(#11077,#11078,#11079,#11080,#11081,
#11082,#11083,#11084,#11085,#11086),.UNSPECIFIED.,.F.,.F.,(4,2,2,2,4),(0.424014840936846,
0.455527104826011,0.498745603202131,0.52035485239019,0.54196410157825),
 .UNSPECIFIED.);
#129=B_SPLINE_CURVE_WITH_KNOTS('',3,(#11088,#11089,#11090,#11091,#11092,
#11093,#11094,#11095,#11096,#11097),.UNSPECIFIED.,.F.,.F.,(4,2,2,2,4),(0.541964107086189,
0.563573357291402,0.585182607496615,0.628401107907042,0.659913358384451),
 .UNSPECIFIED.);
#130=B_SPLINE_CURVE_WITH_KNOTS('',3,(#11101,#11102,#11103,#11104,#11105,
#11106,#11107,#11108,#11109,#11110),.UNSPECIFIED.,.F.,.F.,(4,2,2,2,4),(0.424014840936845,
0.455527104826011,0.498745603202131,0.52035485239019,0.54196410157825),
 .UNSPECIFIED.);
#131=B_SPLINE_CURVE_WITH_KNOTS('',3,(#11112,#11113,#11114,#11115,#11116,
#11117,#11118,#11119,#11120,#11121),.UNSPECIFIED.,.F.,.F.,(4,2,2,2,4),(0.541964107086188,
0.563573357291402,0.585182607496615,0.628401107907042,0.659913358384451),
 .UNSPECIFIED.);
#132=B_SPLINE_CURVE_WITH_KNOTS('',3,(#11125,#11126,#11127,#11128,#11129,
#11130,#11131,#11132,#11133,#11134),.UNSPECIFIED.,.F.,.F.,(4,2,2,2,4),(0.424014840936846,
0.455527104826012,0.498745603202131,0.520354852390191,0.541964101578251),
 .UNSPECIFIED.);
#133=B_SPLINE_CURVE_WITH_KNOTS('',3,(#11136,#11137,#11138,#11139,#11140,
#11141,#11142,#11143,#11144,#11145),.UNSPECIFIED.,.F.,.F.,(4,2,2,2,4),(0.541964107086188,
0.563573357291402,0.585182607496615,0.628401107907042,0.659913358384451),
 .UNSPECIFIED.);
#134=B_SPLINE_CURVE_WITH_KNOTS('',3,(#11149,#11150,#11151,#11152,#11153,
#11154,#11155,#11156,#11157,#11158),.UNSPECIFIED.,.F.,.F.,(4,2,2,2,4),(0.424014840936846,
0.455527104826013,0.498745603202132,0.520354852390192,0.541964101578251),
 .UNSPECIFIED.);
#135=B_SPLINE_CURVE_WITH_KNOTS('',3,(#11160,#11161,#11162,#11163,#11164,
#11165,#11166,#11167,#11168,#11169),.UNSPECIFIED.,.F.,.F.,(4,2,2,2,4),(0.541964107086188,
0.563573357291401,0.585182607496615,0.628401107907041,0.659913358384451),
 .UNSPECIFIED.);
#136=B_SPLINE_CURVE_WITH_KNOTS('',3,(#11173,#11174,#11175,#11176,#11177,
#11178,#11179,#11180,#11181,#11182),.UNSPECIFIED.,.F.,.F.,(4,2,2,2,4),(0.424014840936846,
0.455527104826012,0.498745603202131,0.52035485239019,0.54196410157825),
 .UNSPECIFIED.);
#137=B_SPLINE_CURVE_WITH_KNOTS('',3,(#11184,#11185,#11186,#11187,#11188,
#11189,#11190,#11191,#11192,#11193),.UNSPECIFIED.,.F.,.F.,(4,2,2,2,4),(0.541964107086188,
0.563573357291401,0.585182607496614,0.62840110790704,0.659913358384449),
 .UNSPECIFIED.);
#138=B_SPLINE_CURVE_WITH_KNOTS('',3,(#11197,#11198,#11199,#11200,#11201,
#11202,#11203,#11204,#11205,#11206),.UNSPECIFIED.,.F.,.F.,(4,2,2,2,4),(0.424014840936845,
0.455527104826011,0.498745603202131,0.520354852390191,0.54196410157825),
 .UNSPECIFIED.);
#139=B_SPLINE_CURVE_WITH_KNOTS('',3,(#11208,#11209,#11210,#11211,#11212,
#11213,#11214,#11215,#11216,#11217),.UNSPECIFIED.,.F.,.F.,(4,2,2,2,4),(0.541964107086188,
0.563573357291402,0.585182607496615,0.628401107907042,0.659913358384451),
 .UNSPECIFIED.);
#140=B_SPLINE_CURVE_WITH_KNOTS('',3,(#11221,#11222,#11223,#11224,#11225,
#11226,#11227,#11228,#11229,#11230),.UNSPECIFIED.,.F.,.F.,(4,2,2,2,4),(0.424014840936844,
0.45552710482601,0.49874560320213,0.52035485239019,0.541964101578249),
 .UNSPECIFIED.);
#141=B_SPLINE_CURVE_WITH_KNOTS('',3,(#11232,#11233,#11234,#11235,#11236,
#11237,#11238,#11239,#11240,#11241),.UNSPECIFIED.,.F.,.F.,(4,2,2,2,4),(0.541964107086189,
0.563573357291402,0.585182607496615,0.628401107907042,0.659913358384451),
 .UNSPECIFIED.);
#142=B_SPLINE_CURVE_WITH_KNOTS('',3,(#11245,#11246,#11247,#11248,#11249,
#11250,#11251,#11252,#11253,#11254),.UNSPECIFIED.,.F.,.F.,(4,2,2,2,4),(0.424014840936845,
0.455527104826011,0.49874560320213,0.52035485239019,0.541964101578249),
 .UNSPECIFIED.);
#143=B_SPLINE_CURVE_WITH_KNOTS('',3,(#11256,#11257,#11258,#11259,#11260,
#11261,#11262,#11263,#11264,#11265),.UNSPECIFIED.,.F.,.F.,(4,2,2,2,4),(0.541964107086188,
0.563573357291401,0.585182607496615,0.628401107907041,0.65991335838445),
 .UNSPECIFIED.);
#144=B_SPLINE_CURVE_WITH_KNOTS('',3,(#11269,#11270,#11271,#11272,#11273,
#11274,#11275,#11276,#11277,#11278),.UNSPECIFIED.,.F.,.F.,(4,2,2,2,4),(0.424014840936844,
0.45552710482601,0.49874560320213,0.52035485239019,0.541964101578249),
 .UNSPECIFIED.);
#145=B_SPLINE_CURVE_WITH_KNOTS('',3,(#11280,#11281,#11282,#11283,#11284,
#11285,#11286,#11287,#11288,#11289),.UNSPECIFIED.,.F.,.F.,(4,2,2,2,4),(0.541964107086188,
0.563573357291401,0.585182607496615,0.628401107907041,0.65991335838445),
 .UNSPECIFIED.);
#146=B_SPLINE_CURVE_WITH_KNOTS('',3,(#11293,#11294,#11295,#11296,#11297,
#11298,#11299,#11300,#11301,#11302),.UNSPECIFIED.,.F.,.F.,(4,2,2,2,4),(0.424014840936846,
0.455527104826011,0.498745603202131,0.52035485239019,0.54196410157825),
 .UNSPECIFIED.);
#147=B_SPLINE_CURVE_WITH_KNOTS('',3,(#11304,#11305,#11306,#11307,#11308,
#11309,#11310,#11311,#11312,#11313),.UNSPECIFIED.,.F.,.F.,(4,2,2,2,4),(0.541964107086188,
0.563573357291401,0.585182607496615,0.628401107907041,0.65991335838445),
 .UNSPECIFIED.);
#148=B_SPLINE_CURVE_WITH_KNOTS('',3,(#11317,#11318,#11319,#11320,#11321,
#11322,#11323,#11324,#11325,#11326),.UNSPECIFIED.,.F.,.F.,(4,2,2,2,4),(0.424014840936844,
0.455527104826011,0.49874560320213,0.52035485239019,0.541964101578249),
 .UNSPECIFIED.);
#149=B_SPLINE_CURVE_WITH_KNOTS('',3,(#11328,#11329,#11330,#11331,#11332,
#11333,#11334,#11335,#11336,#11337),.UNSPECIFIED.,.F.,.F.,(4,2,2,2,4),(0.541964107086188,
0.563573357291402,0.585182607496615,0.628401107907042,0.659913358384452),
 .UNSPECIFIED.);
#150=B_SPLINE_CURVE_WITH_KNOTS('',3,(#11341,#11342,#11343,#11344,#11345,
#11346,#11347,#11348,#11349,#11350),.UNSPECIFIED.,.F.,.F.,(4,2,2,2,4),(0.424014840936846,
0.455527104826011,0.49874560320213,0.52035485239019,0.541964101578249),
 .UNSPECIFIED.);
#151=B_SPLINE_CURVE_WITH_KNOTS('',3,(#11352,#11353,#11354,#11355,#11356,
#11357,#11358,#11359,#11360,#11361),.UNSPECIFIED.,.F.,.F.,(4,2,2,2,4),(0.541964107086188,
0.563573357291401,0.585182607496615,0.628401107907042,0.65991335838445),
 .UNSPECIFIED.);
#152=B_SPLINE_CURVE_WITH_KNOTS('',3,(#11365,#11366,#11367,#11368,#11369,
#11370,#11371,#11372,#11373,#11374),.UNSPECIFIED.,.F.,.F.,(4,2,2,2,4),(0.424014840936845,
0.455527104826011,0.49874560320213,0.52035485239019,0.54196410157825),
 .UNSPECIFIED.);
#153=B_SPLINE_CURVE_WITH_KNOTS('',3,(#11376,#11377,#11378,#11379,#11380,
#11381,#11382,#11383,#11384,#11385),.UNSPECIFIED.,.F.,.F.,(4,2,2,2,4),(0.541964107086188,
0.563573357291401,0.585182607496614,0.628401107907041,0.659913358384449),
 .UNSPECIFIED.);
#154=B_SPLINE_CURVE_WITH_KNOTS('',3,(#11389,#11390,#11391,#11392,#11393,
#11394,#11395,#11396,#11397,#11398),.UNSPECIFIED.,.F.,.F.,(4,2,2,2,4),(0.424014840936845,
0.455527104826011,0.49874560320213,0.52035485239019,0.541964101578249),
 .UNSPECIFIED.);
#155=B_SPLINE_CURVE_WITH_KNOTS('',3,(#11400,#11401,#11402,#11403,#11404,
#11405,#11406,#11407,#11408,#11409),.UNSPECIFIED.,.F.,.F.,(4,2,2,2,4),(0.541964107086187,
0.563573357291401,0.585182607496614,0.628401107907041,0.659913358384449),
 .UNSPECIFIED.);
#156=B_SPLINE_CURVE_WITH_KNOTS('',3,(#11413,#11414,#11415,#11416,#11417,
#11418,#11419,#11420,#11421,#11422),.UNSPECIFIED.,.F.,.F.,(4,2,2,2,4),(0.424014840936844,
0.455527104826009,0.498745603202128,0.520354852390188,0.541964101578248),
 .UNSPECIFIED.);
#157=B_SPLINE_CURVE_WITH_KNOTS('',3,(#11424,#11425,#11426,#11427,#11428,
#11429,#11430,#11431,#11432,#11433),.UNSPECIFIED.,.F.,.F.,(4,2,2,2,4),(0.541964107086189,
0.563573357291403,0.585182607496616,0.628401107907043,0.659913358384452),
 .UNSPECIFIED.);
#158=B_SPLINE_CURVE_WITH_KNOTS('',3,(#11437,#11438,#11439,#11440,#11441,
#11442,#11443,#11444,#11445,#11446),.UNSPECIFIED.,.F.,.F.,(4,2,2,2,4),(0.424014840936847,
0.455527104826012,0.498745603202132,0.520354852390191,0.541964101578251),
 .UNSPECIFIED.);
#159=B_SPLINE_CURVE_WITH_KNOTS('',3,(#11448,#11449,#11450,#11451,#11452,
#11453,#11454,#11455,#11456,#11457),.UNSPECIFIED.,.F.,.F.,(4,2,2,2,4),(0.541964107086189,
0.563573357291403,0.585182607496616,0.628401107907044,0.659913358384452),
 .UNSPECIFIED.);
#160=B_SPLINE_CURVE_WITH_KNOTS('',3,(#11461,#11462,#11463,#11464,#11465,
#11466,#11467,#11468,#11469,#11470),.UNSPECIFIED.,.F.,.F.,(4,2,2,2,4),(0.424014840936845,
0.455527104826011,0.49874560320213,0.52035485239019,0.541964101578249),
 .UNSPECIFIED.);
#161=B_SPLINE_CURVE_WITH_KNOTS('',3,(#11472,#11473,#11474,#11475,#11476,
#11477,#11478,#11479,#11480,#11481),.UNSPECIFIED.,.F.,.F.,(4,2,2,2,4),(0.541964107086186,
0.563573357291399,0.585182607496612,0.628401107907039,0.659913358384447),
 .UNSPECIFIED.);
#162=B_SPLINE_CURVE_WITH_KNOTS('',3,(#11485,#11486,#11487,#11488,#11489,
#11490,#11491,#11492,#11493,#11494),.UNSPECIFIED.,.F.,.F.,(4,2,2,2,4),(0.424014840936845,
0.45552710482601,0.49874560320213,0.52035485239019,0.54196410157825),
 .UNSPECIFIED.);
#163=B_SPLINE_CURVE_WITH_KNOTS('',3,(#11496,#11497,#11498,#11499,#11500,
#11501,#11502,#11503,#11504,#11505),.UNSPECIFIED.,.F.,.F.,(4,2,2,2,4),(0.541964107086188,
0.563573357291401,0.585182607496614,0.628401107907041,0.65991335838445),
 .UNSPECIFIED.);
#164=B_SPLINE_CURVE_WITH_KNOTS('',3,(#11509,#11510,#11511,#11512,#11513,
#11514,#11515,#11516,#11517,#11518),.UNSPECIFIED.,.F.,.F.,(4,2,2,2,4),(0.191616927926538,
0.213226177114597,0.234835426302657,0.278053924678777,0.309566188567941),
 .UNSPECIFIED.);
#165=B_SPLINE_CURVE_WITH_KNOTS('',3,(#11520,#11521,#11522,#11523,#11524,
#11525,#11526,#11527,#11528,#11529),.UNSPECIFIED.,.F.,.F.,(4,2,2,2,4),(0.0736676711210169,
0.105179921598426,0.148398422008853,0.170007672214066,0.19161692241928),
 .UNSPECIFIED.);
#166=B_SPLINE_CURVE_WITH_KNOTS('',3,(#11534,#11535,#11536,#11537,#11538,
#11539,#11540,#11541,#11542,#11543),.UNSPECIFIED.,.F.,.F.,(4,2,2,2,4),(0.424014840936845,
0.455527104826012,0.498745603202131,0.52035485239019,0.54196410157825),
 .UNSPECIFIED.);
#167=B_SPLINE_CURVE_WITH_KNOTS('',3,(#11545,#11546,#11547,#11548,#11549,
#11550,#11551,#11552,#11553,#11554),.UNSPECIFIED.,.F.,.F.,(4,2,2,2,4),(0.541964107086187,
0.5635733572914,0.585182607496613,0.62840110790704,0.659913358384449),
 .UNSPECIFIED.);
#168=B_SPLINE_CURVE_WITH_KNOTS('',3,(#11558,#11559,#11560,#11561,#11562,
#11563,#11564,#11565,#11566,#11567),.UNSPECIFIED.,.F.,.F.,(4,2,2,2,4),(0.424014840936847,
0.455527104826012,0.498745603202132,0.520354852390191,0.541964101578251),
 .UNSPECIFIED.);
#169=B_SPLINE_CURVE_WITH_KNOTS('',3,(#11569,#11570,#11571,#11572,#11573,
#11574,#11575,#11576,#11577,#11578),.UNSPECIFIED.,.F.,.F.,(4,2,2,2,4),(0.541964107086189,
0.563573357291402,0.585182607496615,0.628401107907042,0.659913358384451),
 .UNSPECIFIED.);
#170=B_SPLINE_CURVE_WITH_KNOTS('',3,(#11582,#11583,#11584,#11585,#11586,
#11587,#11588,#11589,#11590,#11591),.UNSPECIFIED.,.F.,.F.,(4,2,2,2,4),(0.424014840936847,
0.455527104826011,0.498745603202131,0.520354852390191,0.541964101578251),
 .UNSPECIFIED.);
#171=B_SPLINE_CURVE_WITH_KNOTS('',3,(#11593,#11594,#11595,#11596,#11597,
#11598,#11599,#11600,#11601,#11602),.UNSPECIFIED.,.F.,.F.,(4,2,2,2,4),(0.541964107086188,
0.563573357291401,0.585182607496615,0.628401107907041,0.65991335838445),
 .UNSPECIFIED.);
#172=B_SPLINE_CURVE_WITH_KNOTS('',3,(#11606,#11607,#11608,#11609,#11610,
#11611,#11612,#11613,#11614,#11615),.UNSPECIFIED.,.F.,.F.,(4,2,2,2,4),(0.424014840936846,
0.455527104826012,0.498745603202132,0.520354852390192,0.541964101578251),
 .UNSPECIFIED.);
#173=B_SPLINE_CURVE_WITH_KNOTS('',3,(#11617,#11618,#11619,#11620,#11621,
#11622,#11623,#11624,#11625,#11626),.UNSPECIFIED.,.F.,.F.,(4,2,2,2,4),(0.541964107086188,
0.563573357291401,0.585182607496614,0.628401107907041,0.65991335838445),
 .UNSPECIFIED.);
#174=B_SPLINE_CURVE_WITH_KNOTS('',3,(#11630,#11631,#11632,#11633,#11634,
#11635,#11636,#11637,#11638,#11639),.UNSPECIFIED.,.F.,.F.,(4,2,2,2,4),(0.424014840936845,
0.455527104826011,0.49874560320213,0.520354852390189,0.541964101578249),
 .UNSPECIFIED.);
#175=B_SPLINE_CURVE_WITH_KNOTS('',3,(#11641,#11642,#11643,#11644,#11645,
#11646,#11647,#11648,#11649,#11650),.UNSPECIFIED.,.F.,.F.,(4,2,2,2,4),(0.541964107086188,
0.563573357291402,0.585182607496615,0.628401107907042,0.659913358384451),
 .UNSPECIFIED.);
#176=B_SPLINE_CURVE_WITH_KNOTS('',3,(#11654,#11655,#11656,#11657,#11658,
#11659,#11660,#11661,#11662,#11663),.UNSPECIFIED.,.F.,.F.,(4,2,2,2,4),(0.424014840936844,
0.455527104826011,0.49874560320213,0.52035485239019,0.541964101578249),
 .UNSPECIFIED.);
#177=B_SPLINE_CURVE_WITH_KNOTS('',3,(#11665,#11666,#11667,#11668,#11669,
#11670,#11671,#11672,#11673,#11674),.UNSPECIFIED.,.F.,.F.,(4,2,2,2,4),(0.541964107086188,
0.563573357291402,0.585182607496615,0.628401107907042,0.65991335838445),
 .UNSPECIFIED.);
#178=B_SPLINE_CURVE_WITH_KNOTS('',3,(#11684,#11685,#11686,#11687,#11688,
#11689,#11690,#11691,#11692,#11693),.UNSPECIFIED.,.F.,.F.,(4,2,2,2,4),(0.0736676711210169,
0.105179921598426,0.148398422008854,0.170007672214067,0.191616922419281),
 .UNSPECIFIED.);
#179=B_SPLINE_CURVE_WITH_KNOTS('',3,(#11696,#11697,#11698,#11699,#11700,
#11701,#11702,#11703,#11704,#11705),.UNSPECIFIED.,.F.,.F.,(4,2,2,2,4),(0.191616927926538,
0.213226177114598,0.234835426302657,0.278053924678776,0.309566188567943),
 .UNSPECIFIED.);
#180=B_SPLINE_CURVE_WITH_KNOTS('',3,(#11714,#11715,#11716,#11717,#11718,
#11719,#11720,#11721,#11722,#11723),.UNSPECIFIED.,.F.,.F.,(4,2,2,2,4),(0.0736676711210172,
0.105179921598427,0.148398422008853,0.170007672214066,0.19161692241928),
 .UNSPECIFIED.);
#181=B_SPLINE_CURVE_WITH_KNOTS('',3,(#11726,#11727,#11728,#11729,#11730,
#11731,#11732,#11733,#11734,#11735),.UNSPECIFIED.,.F.,.F.,(4,2,2,2,4),(0.191616927926538,
0.213226177114598,0.234835426302657,0.278053924678777,0.309566188567942),
 .UNSPECIFIED.);
#182=B_SPLINE_CURVE_WITH_KNOTS('',3,(#11744,#11745,#11746,#11747,#11748,
#11749,#11750,#11751,#11752,#11753),.UNSPECIFIED.,.F.,.F.,(4,2,2,2,4),(0.0736676711210171,
0.105179921598426,0.148398422008852,0.170007672214066,0.191616922419279),
 .UNSPECIFIED.);
#183=B_SPLINE_CURVE_WITH_KNOTS('',3,(#11756,#11757,#11758,#11759,#11760,
#11761,#11762,#11763,#11764,#11765),.UNSPECIFIED.,.F.,.F.,(4,2,2,2,4),(0.191616927926538,
0.213226177114598,0.234835426302658,0.278053924678778,0.309566188567942),
 .UNSPECIFIED.);
#184=B_SPLINE_CURVE_WITH_KNOTS('',3,(#11774,#11775,#11776,#11777,#11778,
#11779,#11780,#11781,#11782,#11783),.UNSPECIFIED.,.F.,.F.,(4,2,2,2,4),(0.0736676711210165,
0.105179921598426,0.148398422008852,0.170007672214065,0.191616922419278),
 .UNSPECIFIED.);
#185=B_SPLINE_CURVE_WITH_KNOTS('',3,(#11786,#11787,#11788,#11789,#11790,
#11791,#11792,#11793,#11794,#11795),.UNSPECIFIED.,.F.,.F.,(4,2,2,2,4),(0.191616927926537,
0.213226177114597,0.234835426302657,0.278053924678776,0.309566188567943),
 .UNSPECIFIED.);
#186=B_SPLINE_CURVE_WITH_KNOTS('',3,(#11804,#11805,#11806,#11807,#11808,
#11809,#11810,#11811,#11812,#11813),.UNSPECIFIED.,.F.,.F.,(4,2,2,2,4),(0.0736676711210171,
0.105179921598426,0.148398422008852,0.170007672214066,0.191616922419279),
 .UNSPECIFIED.);
#187=B_SPLINE_CURVE_WITH_KNOTS('',3,(#11816,#11817,#11818,#11819,#11820,
#11821,#11822,#11823,#11824,#11825),.UNSPECIFIED.,.F.,.F.,(4,2,2,2,4),(0.191616927926538,
0.213226177114598,0.234835426302657,0.278053924678776,0.309566188567943),
 .UNSPECIFIED.);
#188=B_SPLINE_CURVE_WITH_KNOTS('',3,(#11834,#11835,#11836,#11837,#11838,
#11839,#11840,#11841,#11842,#11843),.UNSPECIFIED.,.F.,.F.,(4,2,2,2,4),(0.0736676711210177,
0.105179921598426,0.148398422008853,0.170007672214066,0.191616922419279),
 .UNSPECIFIED.);
#189=B_SPLINE_CURVE_WITH_KNOTS('',3,(#11846,#11847,#11848,#11849,#11850,
#11851,#11852,#11853,#11854,#11855),.UNSPECIFIED.,.F.,.F.,(4,2,2,2,4),(0.191616927926539,
0.213226177114598,0.234835426302658,0.278053924678777,0.309566188567943),
 .UNSPECIFIED.);
#190=B_SPLINE_CURVE_WITH_KNOTS('',3,(#11866,#11867,#11868,#11869,#11870,
#11871,#11872,#11873,#11874,#11875),.UNSPECIFIED.,.F.,.F.,(4,2,2,2,4),(0.0736676711210167,
0.105179921598426,0.148398422008852,0.170007672214066,0.191616922419279),
 .UNSPECIFIED.);
#191=B_SPLINE_CURVE_WITH_KNOTS('',3,(#11878,#11879,#11880,#11881,#11882,
#11883,#11884,#11885,#11886,#11887),.UNSPECIFIED.,.F.,.F.,(4,2,2,2,4),(0.191616927926538,
0.213226177114598,0.234835426302658,0.278053924678777,0.309566188567943),
 .UNSPECIFIED.);
#192=B_SPLINE_CURVE_WITH_KNOTS('',3,(#11896,#11897,#11898,#11899,#11900,
#11901,#11902,#11903,#11904,#11905),.UNSPECIFIED.,.F.,.F.,(4,2,2,2,4),(0.0736676711210156,
0.105179921598426,0.148398422008852,0.170007672214066,0.191616922419279),
 .UNSPECIFIED.);
#193=B_SPLINE_CURVE_WITH_KNOTS('',3,(#11908,#11909,#11910,#11911,#11912,
#11913,#11914,#11915,#11916,#11917),.UNSPECIFIED.,.F.,.F.,(4,2,2,2,4),(0.191616927926538,
0.213226177114598,0.234835426302657,0.278053924678777,0.309566188567943),
 .UNSPECIFIED.);
#194=B_SPLINE_CURVE_WITH_KNOTS('',3,(#11926,#11927,#11928,#11929,#11930,
#11931,#11932,#11933,#11934,#11935),.UNSPECIFIED.,.F.,.F.,(4,2,2,2,4),(0.073667671121017,
0.105179921598426,0.148398422008852,0.170007672214066,0.191616922419279),
 .UNSPECIFIED.);
#195=B_SPLINE_CURVE_WITH_KNOTS('',3,(#11938,#11939,#11940,#11941,#11942,
#11943,#11944,#11945,#11946,#11947),.UNSPECIFIED.,.F.,.F.,(4,2,2,2,4),(0.191616927926539,
0.213226177114599,0.234835426302658,0.278053924678777,0.309566188567943),
 .UNSPECIFIED.);
#196=B_SPLINE_CURVE_WITH_KNOTS('',3,(#11956,#11957,#11958,#11959,#11960,
#11961,#11962,#11963,#11964,#11965),.UNSPECIFIED.,.F.,.F.,(4,2,2,2,4),(0.0736676711210171,
0.105179921598426,0.148398422008852,0.170007672214066,0.191616922419279),
 .UNSPECIFIED.);
#197=B_SPLINE_CURVE_WITH_KNOTS('',3,(#11968,#11969,#11970,#11971,#11972,
#11973,#11974,#11975,#11976,#11977),.UNSPECIFIED.,.F.,.F.,(4,2,2,2,4),(0.191616927926538,
0.213226177114598,0.234835426302657,0.278053924678777,0.309566188567943),
 .UNSPECIFIED.);
#198=B_SPLINE_CURVE_WITH_KNOTS('',3,(#11986,#11987,#11988,#11989,#11990,
#11991,#11992,#11993,#11994,#11995),.UNSPECIFIED.,.F.,.F.,(4,2,2,2,4),(0.0736676711210169,
0.105179921598426,0.148398422008852,0.170007672214065,0.191616922419278),
 .UNSPECIFIED.);
#199=B_SPLINE_CURVE_WITH_KNOTS('',3,(#11998,#11999,#12000,#12001,#12002,
#12003,#12004,#12005,#12006,#12007),.UNSPECIFIED.,.F.,.F.,(4,2,2,2,4),(0.191616927926538,
0.213226177114598,0.234835426302658,0.278053924678777,0.309566188567943),
 .UNSPECIFIED.);
#200=B_SPLINE_CURVE_WITH_KNOTS('',3,(#12016,#12017,#12018,#12019,#12020,
#12021,#12022,#12023,#12024,#12025),.UNSPECIFIED.,.F.,.F.,(4,2,2,2,4),(0.0736676711210169,
0.105179921598426,0.148398422008853,0.170007672214066,0.191616922419279),
 .UNSPECIFIED.);
#201=B_SPLINE_CURVE_WITH_KNOTS('',3,(#12028,#12029,#12030,#12031,#12032,
#12033,#12034,#12035,#12036,#12037),.UNSPECIFIED.,.F.,.F.,(4,2,2,2,4),(0.191616927926538,
0.213226177114598,0.234835426302657,0.278053924678777,0.309566188567942),
 .UNSPECIFIED.);
#202=B_SPLINE_CURVE_WITH_KNOTS('',3,(#12046,#12047,#12048,#12049,#12050,
#12051,#12052,#12053,#12054,#12055),.UNSPECIFIED.,.F.,.F.,(4,2,2,2,4),(0.0736676711210177,
0.105179921598426,0.148398422008853,0.170007672214067,0.19161692241928),
 .UNSPECIFIED.);
#203=B_SPLINE_CURVE_WITH_KNOTS('',3,(#12058,#12059,#12060,#12061,#12062,
#12063,#12064,#12065,#12066,#12067),.UNSPECIFIED.,.F.,.F.,(4,2,2,2,4),(0.191616927926537,
0.213226177114597,0.234835426302657,0.278053924678776,0.309566188567942),
 .UNSPECIFIED.);
#204=B_SPLINE_CURVE_WITH_KNOTS('',3,(#12076,#12077,#12078,#12079,#12080,
#12081,#12082,#12083,#12084,#12085),.UNSPECIFIED.,.F.,.F.,(4,2,2,2,4),(0.0736676711210169,
0.105179921598426,0.148398422008853,0.170007672214066,0.19161692241928),
 .UNSPECIFIED.);
#205=B_SPLINE_CURVE_WITH_KNOTS('',3,(#12088,#12089,#12090,#12091,#12092,
#12093,#12094,#12095,#12096,#12097),.UNSPECIFIED.,.F.,.F.,(4,2,2,2,4),(0.191616927926538,
0.213226177114598,0.234835426302657,0.278053924678777,0.309566188567943),
 .UNSPECIFIED.);
#206=B_SPLINE_CURVE_WITH_KNOTS('',3,(#12106,#12107,#12108,#12109,#12110,
#12111,#12112,#12113,#12114,#12115),.UNSPECIFIED.,.F.,.F.,(4,2,2,2,4),(0.0736676711210172,
0.105179921598426,0.148398422008852,0.170007672214065,0.191616922419279),
 .UNSPECIFIED.);
#207=B_SPLINE_CURVE_WITH_KNOTS('',3,(#12118,#12119,#12120,#12121,#12122,
#12123,#12124,#12125,#12126,#12127),.UNSPECIFIED.,.F.,.F.,(4,2,2,2,4),(0.191616927926537,
0.213226177114597,0.234835426302656,0.278053924678775,0.309566188567942),
 .UNSPECIFIED.);
#208=B_SPLINE_CURVE_WITH_KNOTS('',3,(#12136,#12137,#12138,#12139,#12140,
#12141,#12142,#12143,#12144,#12145),.UNSPECIFIED.,.F.,.F.,(4,2,2,2,4),(0.0736676711210172,
0.105179921598426,0.148398422008853,0.170007672214066,0.19161692241928),
 .UNSPECIFIED.);
#209=B_SPLINE_CURVE_WITH_KNOTS('',3,(#12148,#12149,#12150,#12151,#12152,
#12153,#12154,#12155,#12156,#12157),.UNSPECIFIED.,.F.,.F.,(4,2,2,2,4),(0.191616927926537,
0.213226177114597,0.234835426302656,0.278053924678776,0.309566188567942),
 .UNSPECIFIED.);
#210=B_SPLINE_CURVE_WITH_KNOTS('',3,(#12166,#12167,#12168,#12169,#12170,
#12171,#12172,#12173,#12174,#12175),.UNSPECIFIED.,.F.,.F.,(4,2,2,2,4),(0.0736676711210172,
0.105179921598426,0.148398422008853,0.170007672214066,0.191616922419279),
 .UNSPECIFIED.);
#211=B_SPLINE_CURVE_WITH_KNOTS('',3,(#12178,#12179,#12180,#12181,#12182,
#12183,#12184,#12185,#12186,#12187),.UNSPECIFIED.,.F.,.F.,(4,2,2,2,4),(0.191616927926538,
0.213226177114597,0.234835426302657,0.278053924678777,0.309566188567943),
 .UNSPECIFIED.);
#212=B_SPLINE_CURVE_WITH_KNOTS('',3,(#12196,#12197,#12198,#12199,#12200,
#12201,#12202,#12203,#12204,#12205),.UNSPECIFIED.,.F.,.F.,(4,2,2,2,4),(0.0736676711210164,
0.105179921598426,0.148398422008853,0.170007672214066,0.191616922419279),
 .UNSPECIFIED.);
#213=B_SPLINE_CURVE_WITH_KNOTS('',3,(#12208,#12209,#12210,#12211,#12212,
#12213,#12214,#12215,#12216,#12217),.UNSPECIFIED.,.F.,.F.,(4,2,2,2,4),(0.191616927926537,
0.213226177114597,0.234835426302657,0.278053924678776,0.309566188567942),
 .UNSPECIFIED.);
#214=B_SPLINE_CURVE_WITH_KNOTS('',3,(#12226,#12227,#12228,#12229,#12230,
#12231,#12232,#12233,#12234,#12235),.UNSPECIFIED.,.F.,.F.,(4,2,2,2,4),(0.0736676711210177,
0.105179921598426,0.148398422008852,0.170007672214065,0.191616922419278),
 .UNSPECIFIED.);
#215=B_SPLINE_CURVE_WITH_KNOTS('',3,(#12238,#12239,#12240,#12241,#12242,
#12243,#12244,#12245,#12246,#12247),.UNSPECIFIED.,.F.,.F.,(4,2,2,2,4),(0.191616927926538,
0.213226177114598,0.234835426302658,0.278053924678777,0.309566188567943),
 .UNSPECIFIED.);
#216=B_SPLINE_CURVE_WITH_KNOTS('',3,(#12256,#12257,#12258,#12259,#12260,
#12261,#12262,#12263,#12264,#12265),.UNSPECIFIED.,.F.,.F.,(4,2,2,2,4),(0.0736676711210171,
0.105179921598426,0.148398422008852,0.170007672214066,0.191616922419279),
 .UNSPECIFIED.);
#217=B_SPLINE_CURVE_WITH_KNOTS('',3,(#12268,#12269,#12270,#12271,#12272,
#12273,#12274,#12275,#12276,#12277),.UNSPECIFIED.,.F.,.F.,(4,2,2,2,4),(0.191616927926538,
0.213226177114598,0.234835426302658,0.278053924678777,0.309566188567942),
 .UNSPECIFIED.);
#218=B_SPLINE_CURVE_WITH_KNOTS('',3,(#12286,#12287,#12288,#12289,#12290,
#12291,#12292,#12293,#12294,#12295),.UNSPECIFIED.,.F.,.F.,(4,2,2,2,4),(0.0736676711210162,
0.105179921598426,0.148398422008852,0.170007672214066,0.191616922419279),
 .UNSPECIFIED.);
#219=B_SPLINE_CURVE_WITH_KNOTS('',3,(#12298,#12299,#12300,#12301,#12302,
#12303,#12304,#12305,#12306,#12307),.UNSPECIFIED.,.F.,.F.,(4,2,2,2,4),(0.191616927926538,
0.213226177114598,0.234835426302657,0.278053924678777,0.309566188567943),
 .UNSPECIFIED.);
#220=B_SPLINE_CURVE_WITH_KNOTS('',3,(#12316,#12317,#12318,#12319,#12320,
#12321,#12322,#12323,#12324,#12325),.UNSPECIFIED.,.F.,.F.,(4,2,2,2,4),(0.0736676711210172,
0.105179921598426,0.148398422008852,0.170007672214065,0.191616922419279),
 .UNSPECIFIED.);
#221=B_SPLINE_CURVE_WITH_KNOTS('',3,(#12328,#12329,#12330,#12331,#12332,
#12333,#12334,#12335,#12336,#12337),.UNSPECIFIED.,.F.,.F.,(4,2,2,2,4),(0.191616927926537,
0.213226177114597,0.234835426302656,0.278053924678775,0.309566188567941),
 .UNSPECIFIED.);
#222=B_SPLINE_CURVE_WITH_KNOTS('',3,(#12346,#12347,#12348,#12349,#12350,
#12351,#12352,#12353,#12354,#12355),.UNSPECIFIED.,.F.,.F.,(4,2,2,2,4),(0.0736676711210187,
0.105179921598426,0.148398422008853,0.170007672214066,0.19161692241928),
 .UNSPECIFIED.);
#223=B_SPLINE_CURVE_WITH_KNOTS('',3,(#12358,#12359,#12360,#12361,#12362,
#12363,#12364,#12365,#12366,#12367),.UNSPECIFIED.,.F.,.F.,(4,2,2,2,4),(0.191616927926538,
0.213226177114598,0.234835426302658,0.278053924678777,0.309566188567942),
 .UNSPECIFIED.);
#224=B_SPLINE_CURVE_WITH_KNOTS('',3,(#12376,#12377,#12378,#12379,#12380,
#12381,#12382,#12383,#12384,#12385),.UNSPECIFIED.,.F.,.F.,(4,2,2,2,4),(0.0736676711210194,
0.105179921598427,0.148398422008854,0.170007672214067,0.19161692241928),
 .UNSPECIFIED.);
#225=B_SPLINE_CURVE_WITH_KNOTS('',3,(#12388,#12389,#12390,#12391,#12392,
#12393,#12394,#12395,#12396,#12397),.UNSPECIFIED.,.F.,.F.,(4,2,2,2,4),(0.191616927926538,
0.213226177114597,0.234835426302657,0.278053924678777,0.309566188567942),
 .UNSPECIFIED.);
#226=B_SPLINE_CURVE_WITH_KNOTS('',3,(#12406,#12407,#12408,#12409,#12410,
#12411,#12412,#12413,#12414,#12415),.UNSPECIFIED.,.F.,.F.,(4,2,2,2,4),(0.0736676711210167,
0.105179921598425,0.148398422008852,0.170007672214066,0.19161692241928),
 .UNSPECIFIED.);
#227=B_SPLINE_CURVE_WITH_KNOTS('',3,(#12418,#12419,#12420,#12421,#12422,
#12423,#12424,#12425,#12426,#12427),.UNSPECIFIED.,.F.,.F.,(4,2,2,2,4),(0.191616927926538,
0.213226177114598,0.234835426302657,0.278053924678777,0.309566188567941),
 .UNSPECIFIED.);
#228=B_SPLINE_CURVE_WITH_KNOTS('',3,(#12436,#12437,#12438,#12439,#12440,
#12441,#12442,#12443,#12444,#12445),.UNSPECIFIED.,.F.,.F.,(4,2,2,2,4),(0.073667671121017,
0.105179921598426,0.148398422008853,0.170007672214067,0.19161692241928),
 .UNSPECIFIED.);
#229=B_SPLINE_CURVE_WITH_KNOTS('',3,(#12448,#12449,#12450,#12451,#12452,
#12453,#12454,#12455,#12456,#12457),.UNSPECIFIED.,.F.,.F.,(4,2,2,2,4),(0.191616927926538,
0.213226177114598,0.234835426302658,0.278053924678777,0.309566188567943),
 .UNSPECIFIED.);
#230=B_SPLINE_CURVE_WITH_KNOTS('',3,(#12466,#12467,#12468,#12469,#12470,
#12471,#12472,#12473,#12474,#12475),.UNSPECIFIED.,.F.,.F.,(4,2,2,2,4),(0.073667671121017,
0.105179921598426,0.148398422008852,0.170007672214066,0.191616922419279),
 .UNSPECIFIED.);
#231=B_SPLINE_CURVE_WITH_KNOTS('',3,(#12478,#12479,#12480,#12481,#12482,
#12483,#12484,#12485,#12486,#12487),.UNSPECIFIED.,.F.,.F.,(4,2,2,2,4),(0.191616927926539,
0.213226177114598,0.234835426302658,0.278053924678777,0.309566188567943),
 .UNSPECIFIED.);
#232=B_SPLINE_CURVE_WITH_KNOTS('',3,(#12496,#12497,#12498,#12499,#12500,
#12501,#12502,#12503,#12504,#12505),.UNSPECIFIED.,.F.,.F.,(4,2,2,2,4),(0.0736676711210167,
0.105179921598426,0.148398422008853,0.170007672214066,0.191616922419279),
 .UNSPECIFIED.);
#233=B_SPLINE_CURVE_WITH_KNOTS('',3,(#12508,#12509,#12510,#12511,#12512,
#12513,#12514,#12515,#12516,#12517),.UNSPECIFIED.,.F.,.F.,(4,2,2,2,4),(0.191616927926538,
0.213226177114598,0.234835426302657,0.278053924678777,0.309566188567944),
 .UNSPECIFIED.);
#234=B_SPLINE_CURVE_WITH_KNOTS('',3,(#12522,#12523,#12524,#12525,#12526,
#12527,#12528,#12529,#12530,#12531),.UNSPECIFIED.,.F.,.F.,(4,2,2,2,4),(0.541964107086187,
0.563573357291401,0.585182607496614,0.628401107907041,0.65991335838445),
 .UNSPECIFIED.);
#235=B_SPLINE_CURVE_WITH_KNOTS('',3,(#12533,#12534,#12535,#12536,#12537,
#12538,#12539,#12540,#12541,#12542),.UNSPECIFIED.,.F.,.F.,(4,2,2,2,4),(0.424014840936845,
0.45552710482601,0.49874560320213,0.520354852390189,0.541964101578249),
 .UNSPECIFIED.);
#236=B_SPLINE_CURVE_WITH_KNOTS('',3,(#12555,#12556,#12557,#12558,#12559,
#12560,#12561,#12562,#12563,#12564,#12565,#12566,#12567,#12568,#12569,#12570,
#12571,#12572,#12573,#12574,#12575,#12576,#12577,#12578,#12579,#12580,#12581,
#12582,#12583,#12584,#12585,#12586,#12587,#12588,#12589,#12590,#12591,#12592,
#12593,#12594,#12595,#12596,#12597,#12598,#12599,#12600,#12601,#12602,#12603,
#12604,#12605,#12606,#12607,#12608,#12609,#12610,#12611,#12612,#12613,#12614,
#12615,#12616,#12617,#12618,#12619,#12620,#12621,#12622,#12623,#12624,#12625,
#12626,#12627,#12628,#12629,#12630,#12631,#12632,#12633,#12634,#12635,#12636,
#12637,#12638,#12639,#12640,#12641,#12642,#12643,#12644,#12645,#12646,#12647,
#12648,#12649,#12650,#12651,#12652,#12653,#12654,#12655,#12656,#12657,#12658,
#12659,#12660,#12661,#12662,#12663,#12664,#12665,#12666,#12667,#12668,#12669,
#12670,#12671,#12672,#12673,#12674,#12675),.UNSPECIFIED.,.F.,.F.,(4,3,3,
3,3,3,3,3,3,3,3,3,3,3,3,3,3,3,3,3,3,3,3,3,3,3,3,3,3,3,3,3,3,3,3,3,3,3,3,
3,4),(0.,0.0693961452759131,0.139802531498247,0.210847879735918,0.281887682276532,
0.328783404350672,0.352250214947752,0.362613049764635,0.370350979382216,
0.442281981499365,0.469470570573092,0.540773849688817,0.612692828627282,
0.684724100482588,0.717796025550918,0.731473450725484,0.741016050477588,
0.813542229240299,0.886522504941122,0.949299501029225,1.02208496884831,
1.07421927349681,1.09702803178053,1.10970294001525,1.1176188090898,1.19035312875397,
1.26413356424972,1.33800879302977,1.41128025586036,1.43915940603631,1.47034502074549,
1.49092709659299,1.50160119445899,1.57529277315303,1.64963886624564,1.72176146003004,
1.73211444392641,1.80708680619078,1.88196882020177,1.93812924138323,1.96868925611096),
 .UNSPECIFIED.);
#237=B_SPLINE_CURVE_WITH_KNOTS('',3,(#12676,#12677,#12678,#12679,#12680,
#12681,#12682,#12683,#12684,#12685,#12686,#12687,#12688,#12689,#12690,#12691,
#12692,#12693,#12694,#12695,#12696,#12697,#12698,#12699,#12700,#12701,#12702,
#12703,#12704,#12705,#12706,#12707,#12708,#12709,#12710,#12711,#12712,#12713,
#12714,#12715,#12716,#12717,#12718,#12719,#12720,#12721,#12722,#12723,#12724,
#12725,#12726,#12727,#12728,#12729,#12730,#12731,#12732,#12733,#12734,#12735,
#12736,#12737,#12738,#12739,#12740,#12741,#12742,#12743,#12744,#12745,#12746,
#12747,#12748,#12749,#12750,#12751,#12752,#12753,#12754,#12755,#12756,#12757,
#12758,#12759,#12760,#12761,#12762,#12763,#12764,#12765,#12766,#12767,#12768,
#12769,#12770,#12771,#12772,#12773,#12774,#12775,#12776,#12777,#12778,#12779,
#12780,#12781,#12782,#12783,#12784,#12785,#12786,#12787,#12788,#12789,#12790,
#12791,#12792,#12793),.UNSPECIFIED.,.F.,.F.,(4,3,3,3,3,3,3,3,3,3,3,3,3,
3,3,3,3,3,3,3,3,3,3,3,3,3,3,3,3,3,3,3,3,3,3,3,3,3,3,4),(0.,0.0741355697549153,
0.149016992951781,0.224121252525615,0.298502371549966,0.349207918195993,
0.389903749046368,0.397485731253118,0.471537350576025,0.501324558134074,
0.575353157367704,0.649556236042089,0.723364919524085,0.757042581667204,
0.769045385505587,0.777262499075673,0.850460571290991,0.92344400386768,
0.992786216669037,1.06606108821323,1.11705781696982,1.13936888580082,1.15159826972095,
1.16095322090753,1.23297775848137,1.30535634047543,1.37740002992562,1.44836811701906,
1.47403491826594,1.50341520235964,1.52519476386211,1.53402144295577,1.60548110789509,
1.67710906478254,1.74386166452819,1.75831155774373,1.82928864490176,1.89951137148576,
1.94411946376513,1.97227182355428),.UNSPECIFIED.);
#238=B_SPLINE_CURVE_WITH_KNOTS('',3,(#12795,#12796,#12797,#12798,#12799,
#12800,#12801,#12802,#12803,#12804,#12805,#12806,#12807,#12808,#12809,#12810,
#12811,#12812,#12813,#12814,#12815,#12816,#12817,#12818,#12819,#12820,#12821,
#12822,#12823,#12824,#12825,#12826,#12827,#12828,#12829,#12830,#12831,#12832,
#12833,#12834,#12835,#12836,#12837,#12838,#12839,#12840,#12841,#12842,#12843,
#12844,#12845,#12846,#12847,#12848,#12849,#12850,#12851,#12852,#12853,#12854,
#12855,#12856,#12857,#12858,#12859,#12860,#12861,#12862,#12863,#12864,#12865,
#12866,#12867,#12868,#12869,#12870,#12871,#12872,#12873,#12874,#12875,#12876,
#12877,#12878,#12879,#12880,#12881,#12882,#12883,#12884,#12885,#12886,#12887,
#12888,#12889,#12890,#12891,#12892,#12893,#12894,#12895,#12896,#12897,#12898,
#12899,#12900,#12901,#12902,#12903,#12904,#12905,#12906,#12907,#12908,#12909,
#12910,#12911,#12912),.UNSPECIFIED.,.F.,.F.,(4,3,3,3,3,3,3,3,3,3,3,3,3,
3,3,3,3,3,3,3,3,3,3,3,3,3,3,3,3,3,3,3,3,3,3,3,3,3,3,4),(0.,0.0741355787566661,
0.149017006559357,0.224121266007297,0.298502379183615,0.349207923921229,
0.38990376281991,0.39748575684634,0.471537374540962,0.501324558134071,0.575353154053289,
0.649556232145751,0.723364916871402,0.757042579346107,0.769045380853019,
0.777262493717415,0.850460564340514,0.923443998133482,0.992786216669046,
1.06606108844886,1.11705781717599,1.13936888599412,1.15159826993204,1.16095322099192,
1.23297775964283,1.30535634179718,1.37740003140663,1.44836811925801,1.47403491826594,
1.50341520235964,1.52519476400895,1.53402144337021,1.60548110855943,1.67710906549507,
1.74386166506258,1.7583115576727,1.829288644759,1.89951137066377,1.94411946376511,
1.97227182355425),.UNSPECIFIED.);
#239=B_SPLINE_CURVE_WITH_KNOTS('',3,(#12913,#12914,#12915,#12916,#12917,
#12918,#12919,#12920,#12921,#12922,#12923,#12924,#12925,#12926,#12927,#12928,
#12929,#12930,#12931,#12932,#12933,#12934,#12935,#12936,#12937,#12938,#12939,
#12940,#12941,#12942,#12943,#12944,#12945,#12946,#12947,#12948,#12949,#12950,
#12951,#12952,#12953,#12954,#12955,#12956,#12957,#12958,#12959,#12960,#12961,
#12962,#12963,#12964,#12965,#12966,#12967,#12968,#12969,#12970,#12971,#12972,
#12973,#12974,#12975,#12976,#12977,#12978,#12979,#12980,#12981,#12982,#12983,
#12984,#12985,#12986,#12987,#12988,#12989,#12990,#12991,#12992,#12993,#12994,
#12995,#12996,#12997,#12998,#12999,#13000,#13001,#13002,#13003,#13004,#13005,
#13006,#13007,#13008,#13009,#13010,#13011,#13012,#13013,#13014,#13015,#13016,
#13017,#13018,#13019,#13020,#13021,#13022,#13023,#13024,#13025,#13026,#13027,
#13028,#13029,#13030,#13031,#13032,#13033),.UNSPECIFIED.,.F.,.F.,(4,3,3,
3,3,3,3,3,3,3,3,3,3,3,3,3,3,3,3,3,3,3,3,3,3,3,3,3,3,3,3,3,3,3,3,3,3,3,3,
3,4),(0.,0.0693961337702075,0.139802511440889,0.210847855253629,0.281887660439024,
0.32878338797254,0.352250184022967,0.362613028602365,0.370350956385695,
0.442281955370782,0.46947057057309,0.540773856368446,0.612692838964249,
0.684724111502042,0.717796035192938,0.731473476222761,0.741016060141645,
0.813542243828595,0.886522520158434,0.949299501029208,1.0220849676184,1.07421927242063,
1.09702803077161,1.10970293835527,1.11761880794594,1.1903531248128,1.26413355926536,
1.33800878771809,1.41128025055473,1.43915940603627,1.47034502074545,1.49092709650426,
1.50160119432071,1.57529277306919,1.64963886605074,1.72176145988385,1.73211444390782,
1.80708680607026,1.88196882020997,1.93812924138316,1.96868925611088),
 .UNSPECIFIED.);
#240=B_SPLINE_CURVE_WITH_KNOTS('',3,(#13035,#13036,#13037,#13038,#13039,
#13040,#13041,#13042,#13043,#13044,#13045,#13046,#13047,#13048,#13049,#13050,
#13051),.UNSPECIFIED.,.F.,.F.,(4,1,1,1,1,1,1,1,1,1,1,1,1,1,4),(15.707963267949,
15.8419888166586,16.3413753104226,16.8407618041867,17.3401482979507,17.8395347917147,
18.3389212854788,18.8383077792428,19.3376942730069,19.8370807667709,20.3364672605349,
20.835853754299,21.335240248063,21.8346267418271,21.9911485751285),
 .UNSPECIFIED.);
#241=B_SPLINE_CURVE_WITH_KNOTS('',3,(#13052,#13053,#13054,#13055,#13056,
#13057,#13058,#13059,#13060,#13061,#13062,#13063,#13064,#13065,#13066,#13067,
#13068),.UNSPECIFIED.,.F.,.F.,(4,1,1,1,1,1,1,1,1,1,1,1,1,1,4),(15.707963267949,
15.8977688078401,16.3971553016042,16.8965417953682,17.3959282891322,17.8953147828963,
18.3947012766603,18.8940877704244,19.3934742641884,19.8928607579524,20.3922472517165,
20.8916337454805,21.3910202392446,21.8904067330086,21.9911485751285),
 .UNSPECIFIED.);
#242=B_SPLINE_CURVE_WITH_KNOTS('',3,(#13265,#13266,#13267,#13268,#13269,
#13270,#13271,#13272,#13273,#13274,#13275,#13276,#13277,#13278,#13279,#13280,
#13281,#13282,#13283,#13284,#13285,#13286,#13287,#13288,#13289,#13290,#13291,
#13292,#13293,#13294,#13295,#13296,#13297,#13298,#13299,#13300,#13301,#13302,
#13303,#13304),.UNSPECIFIED.,.F.,.F.,(4,3,3,3,3,3,3,3,3,3,3,3,3,4),(-16.4274370157619,
-15.9803678004493,-15.4809813066852,-14.9815948129212,-14.4822083191571,
-13.9828218253931,-13.4834353316291,-12.984048837865,-12.484662344101,-11.985275850337,
-11.4858893565729,-10.9865028628089,-10.4871163690448,-10.1442517085823),
 .UNSPECIFIED.);
#243=B_SPLINE_CURVE_WITH_KNOTS('',3,(#13501,#13502,#13503,#13504,#13505,
#13506,#13507,#13508,#13509,#13510,#13511,#13512,#13513,#13514,#13515,#13516,
#13517,#13518,#13519,#13520,#13521,#13522,#13523,#13524,#13525,#13526,#13527,
#13528,#13529,#13530,#13531,#13532,#13533,#13534,#13535,#13536,#13537,#13538,
#13539,#13540,#13541,#13542,#13543),.UNSPECIFIED.,.F.,.F.,(4,3,3,3,3,3,
3,3,3,3,3,3,3,3,4),(13.8747245557601,13.9828218253931,14.4822083191571,
14.9815948129212,15.4809813066852,15.9803678004493,16.4797542942133,16.9791407879773,
17.4785272817414,17.9779137755054,18.4773002692695,18.9766867630335,19.4760732567975,
19.9754597505616,20.1579098629397),.UNSPECIFIED.);
#244=CONICAL_SURFACE('',#5717,2.09999999999993,0.785398163397448);
#245=CONICAL_SURFACE('',#5728,2.09999999999999,0.785398163397448);
#246=CONICAL_SURFACE('',#5734,2.09999999999994,0.785398163397449);
#247=CONICAL_SURFACE('',#5798,1.43499999999996,0.785398163388328);
#248=CONICAL_SURFACE('',#5802,1.43500000000004,0.785398163382647);
#249=CONICAL_SURFACE('',#5808,1.43500000000012,0.785398163402536);
#250=CONICAL_SURFACE('',#5812,1.43499999999988,0.785398163417488);
#251=CONICAL_SURFACE('',#5907,14.5,0.785398163397448);
#252=CONICAL_SURFACE('',#6053,14.5,0.78539816339745);
#253=FACE_BOUND('',#944,.T.);
#254=FACE_BOUND('',#945,.T.);
#255=FACE_BOUND('',#946,.T.);
#256=FACE_BOUND('',#947,.T.);
#257=FACE_BOUND('',#968,.T.);
#258=FACE_BOUND('',#996,.T.);
#259=FACE_BOUND('',#997,.T.);
#260=FACE_BOUND('',#998,.T.);
#261=FACE_BOUND('',#999,.T.);
#262=FACE_BOUND('',#1000,.T.);
#263=FACE_BOUND('',#1012,.T.);
#264=FACE_BOUND('',#1013,.T.);
#265=FACE_BOUND('',#1014,.T.);
#266=FACE_BOUND('',#1015,.T.);
#267=FACE_BOUND('',#1016,.T.);
#268=FACE_BOUND('',#1017,.T.);
#269=FACE_BOUND('',#1033,.T.);
#270=FACE_BOUND('',#1034,.T.);
#271=FACE_BOUND('',#1039,.T.);
#272=FACE_BOUND('',#1076,.T.);
#273=FACE_BOUND('',#1079,.T.);
#274=FACE_BOUND('',#1095,.T.);
#275=FACE_BOUND('',#1096,.T.);
#276=FACE_BOUND('',#1097,.T.);
#277=FACE_BOUND('',#1104,.T.);
#278=FACE_BOUND('',#1110,.T.);
#279=FACE_BOUND('',#1114,.T.);
#280=FACE_BOUND('',#1124,.T.);
#281=FACE_BOUND('',#1130,.T.);
#282=FACE_BOUND('',#1132,.T.);
#283=FACE_BOUND('',#1233,.T.);
#284=FACE_BOUND('',#1235,.T.);
#285=STYLED_ITEM('',(#13565),#293);
#286=STYLED_ITEM('',(#13566),#294);
#287=STYLED_ITEM('',(#13566),#295);
#288=STYLED_ITEM('',(#13566),#296);
#289=STYLED_ITEM('',(#13567),#297);
#290=STYLED_ITEM('',(#13567),#298);
#291=STYLED_ITEM('',(#13564),#299);
#292=STYLED_ITEM('',(#13564),#300);
#293=MANIFOLD_SOLID_BREP('PCB',#5589);
#294=MANIFOLD_SOLID_BREP('Mid',#5590);
#295=MANIFOLD_SOLID_BREP('Face',#5591);
#296=MANIFOLD_SOLID_BREP('BacksideCase',#5592);
#297=MANIFOLD_SOLID_BREP('Button1',#5593);
#298=MANIFOLD_SOLID_BREP('Button2',#5594);
#299=MANIFOLD_SOLID_BREP('ColdShoe',#5595);
#300=MANIFOLD_SOLID_BREP('ColdShoeNut',#5596);
#301=CIRCLE('',#5614,1.49999999999994);
#302=CIRCLE('',#5615,1.49999999999994);
#303=CIRCLE('',#5620,1.49999999999993);
#304=CIRCLE('',#5621,1.49999999999993);
#305=CIRCLE('',#5627,1.49999999999999);
#306=CIRCLE('',#5628,1.49999999999999);
#307=CIRCLE('',#5633,2.6);
#308=CIRCLE('',#5634,7.5);
#309=CIRCLE('',#5635,6.8);
#310=CIRCLE('',#5637,2.6);
#311=CIRCLE('',#5638,6.8);
#312=CIRCLE('',#5639,7.5);
#313=CIRCLE('',#5641,7.5);
#314=CIRCLE('',#5643,7.5);
#315=CIRCLE('',#5644,7.5);
#316=CIRCLE('',#5646,1.49999999999999);
#317=CIRCLE('',#5647,1.49999999999993);
#318=CIRCLE('',#5648,1.49999999999994);
#319=CIRCLE('',#5649,2.6);
#320=CIRCLE('',#5650,2.6);
#321=CIRCLE('',#5651,2.6);
#322=CIRCLE('',#5653,6.8);
#323=CIRCLE('',#5654,6.8);
#324=CIRCLE('',#5660,6.8);
#325=CIRCLE('',#5662,6.8);
#326=CIRCLE('',#5664,7.5);
#327=CIRCLE('',#5668,2.6);
#328=CIRCLE('',#5669,1.49999999999999);
#329=CIRCLE('',#5670,2.6);
#330=CIRCLE('',#5680,1.49999999999993);
#331=CIRCLE('',#5681,1.49999999999993);
#332=CIRCLE('',#5682,1.49999999999999);
#333=CIRCLE('',#5683,1.49999999999994);
#334=CIRCLE('',#5686,2.6);
#335=CIRCLE('',#5687,2.6);
#336=CIRCLE('',#5688,1.49999999999993);
#337=CIRCLE('',#5689,1.49999999999994);
#338=CIRCLE('',#5712,1.5);
#339=CIRCLE('',#5713,1.5);
#340=CIRCLE('',#5715,1.5);
#341=CIRCLE('',#5716,1.5);
#342=CIRCLE('',#5718,2.69999999999993);
#343=CIRCLE('',#5719,1.49999999999993);
#344=CIRCLE('',#5721,2.69999999999994);
#345=CIRCLE('',#5722,2.69999999999999);
#346=CIRCLE('',#5723,6.8);
#347=CIRCLE('',#5724,6.8);
#348=CIRCLE('',#5725,2.69999999999999);
#349=CIRCLE('',#5727,1.49999999999993);
#350=CIRCLE('',#5729,1.49999999999999);
#351=CIRCLE('',#5731,6.8);
#352=CIRCLE('',#5733,1.49999999999999);
#353=CIRCLE('',#5735,1.49999999999994);
#354=CIRCLE('',#5737,1.49999999999994);
#355=CIRCLE('',#5744,9.925);
#356=CIRCLE('',#5753,9.0685);
#357=CIRCLE('',#5760,2.6);
#358=CIRCLE('',#5761,2.6);
#359=CIRCLE('',#5762,1.375);
#360=CIRCLE('',#5763,1.375);
#361=CIRCLE('',#5765,1.8);
#362=CIRCLE('',#5766,1.8);
#363=CIRCLE('',#5774,9.0685);
#364=CIRCLE('',#5775,9.925);
#365=CIRCLE('',#5776,9.0685);
#366=CIRCLE('',#5780,9.0685);
#367=CIRCLE('',#5789,1.);
#368=CIRCLE('',#5790,1.);
#369=CIRCLE('',#5792,2.6);
#370=CIRCLE('',#5793,2.6);
#371=CIRCLE('',#5795,1.);
#372=CIRCLE('',#5796,1.);
#373=CIRCLE('',#5799,1.285);
#374=CIRCLE('',#5800,1.58499999999991);
#375=CIRCLE('',#5803,1.58500000000009);
#376=CIRCLE('',#5804,1.285);
#377=CIRCLE('',#5807,1.285);
#378=CIRCLE('',#5809,1.285);
#379=CIRCLE('',#5810,1.58500000000023);
#380=CIRCLE('',#5813,1.58499999999977);
#381=CIRCLE('',#5824,1.375);
#382=CIRCLE('',#5826,1.375);
#383=CIRCLE('',#5829,2.6);
#384=CIRCLE('',#5837,2.6);
#385=CIRCLE('',#5839,1.375);
#386=CIRCLE('',#5841,1.375);
#387=CIRCLE('',#5847,1.5);
#388=CIRCLE('',#5848,1.5);
#389=CIRCLE('',#5851,2.5);
#390=CIRCLE('',#5852,2.5);
#391=CIRCLE('',#5856,1.5);
#392=CIRCLE('',#5857,1.5);
#393=CIRCLE('',#5860,2.5);
#394=CIRCLE('',#5861,2.5);
#395=CIRCLE('',#5865,2.25);
#396=CIRCLE('',#5866,2.25);
#397=CIRCLE('',#5868,4.);
#398=CIRCLE('',#5869,4.);
#399=CIRCLE('',#5872,2.);
#400=CIRCLE('',#5873,2.);
#401=CIRCLE('',#5876,2.);
#402=CIRCLE('',#5877,2.);
#403=CIRCLE('',#5880,2.);
#404=CIRCLE('',#5881,2.);
#405=CIRCLE('',#5884,2.);
#406=CIRCLE('',#5885,2.);
#407=CIRCLE('',#5895,9.263);
#408=CIRCLE('',#5898,9.263);
#409=CIRCLE('',#5900,10.1015);
#410=CIRCLE('',#5904,10.1015);
#411=CIRCLE('',#5908,14.);
#412=CIRCLE('',#5909,15.);
#413=CIRCLE('',#5910,15.);
#414=CIRCLE('',#5911,15.);
#415=CIRCLE('',#5912,15.);
#416=CIRCLE('',#5913,15.);
#417=CIRCLE('',#5914,15.);
#418=CIRCLE('',#5915,15.);
#419=CIRCLE('',#5916,15.);
#420=CIRCLE('',#5917,15.);
#421=CIRCLE('',#5918,15.);
#422=CIRCLE('',#5919,15.);
#423=CIRCLE('',#5920,15.);
#424=CIRCLE('',#5921,15.);
#425=CIRCLE('',#5922,15.);
#426=CIRCLE('',#5923,15.);
#427=CIRCLE('',#5924,15.);
#428=CIRCLE('',#5925,15.);
#429=CIRCLE('',#5926,15.);
#430=CIRCLE('',#5927,15.);
#431=CIRCLE('',#5928,15.);
#432=CIRCLE('',#5929,15.);
#433=CIRCLE('',#5930,15.);
#434=CIRCLE('',#5931,15.);
#435=CIRCLE('',#5932,15.);
#436=CIRCLE('',#5933,15.);
#437=CIRCLE('',#5934,15.);
#438=CIRCLE('',#5935,15.);
#439=CIRCLE('',#5936,15.);
#440=CIRCLE('',#5937,15.);
#441=CIRCLE('',#5938,15.);
#442=CIRCLE('',#5939,15.);
#443=CIRCLE('',#5941,15.);
#444=CIRCLE('',#5945,15.);
#445=CIRCLE('',#5949,15.);
#446=CIRCLE('',#5953,15.);
#447=CIRCLE('',#5957,15.);
#448=CIRCLE('',#5961,15.);
#449=CIRCLE('',#5965,15.);
#450=CIRCLE('',#5966,15.);
#451=CIRCLE('',#5970,15.);
#452=CIRCLE('',#5974,15.);
#453=CIRCLE('',#5978,15.);
#454=CIRCLE('',#5982,15.);
#455=CIRCLE('',#5986,15.);
#456=CIRCLE('',#5990,15.);
#457=CIRCLE('',#5994,15.);
#458=CIRCLE('',#5998,15.);
#459=CIRCLE('',#6002,15.);
#460=CIRCLE('',#6006,15.);
#461=CIRCLE('',#6010,15.);
#462=CIRCLE('',#6014,15.);
#463=CIRCLE('',#6018,15.);
#464=CIRCLE('',#6022,15.);
#465=CIRCLE('',#6026,15.);
#466=CIRCLE('',#6030,15.);
#467=CIRCLE('',#6034,15.);
#468=CIRCLE('',#6038,15.);
#469=CIRCLE('',#6042,15.);
#470=CIRCLE('',#6046,15.);
#471=CIRCLE('',#6050,15.);
#472=CIRCLE('',#6054,15.);
#473=CIRCLE('',#6055,15.);
#474=CIRCLE('',#6056,14.);
#475=CYLINDRICAL_SURFACE('',#5613,1.49999999999994);
#476=CYLINDRICAL_SURFACE('',#5619,1.49999999999993);
#477=CYLINDRICAL_SURFACE('',#5626,1.49999999999999);
#478=CYLINDRICAL_SURFACE('',#5640,7.5);
#479=CYLINDRICAL_SURFACE('',#5642,7.5);
#480=CYLINDRICAL_SURFACE('',#5652,6.8);
#481=CYLINDRICAL_SURFACE('',#5659,6.8);
#482=CYLINDRICAL_SURFACE('',#5661,6.8);
#483=CYLINDRICAL_SURFACE('',#5663,7.5);
#484=CYLINDRICAL_SURFACE('',#5671,2.6);
#485=CYLINDRICAL_SURFACE('',#5691,1.49999999999993);
#486=CYLINDRICAL_SURFACE('',#5692,1.49999999999999);
#487=CYLINDRICAL_SURFACE('',#5702,2.6);
#488=CYLINDRICAL_SURFACE('',#5703,2.6);
#489=CYLINDRICAL_SURFACE('',#5705,1.49999999999994);
#490=CYLINDRICAL_SURFACE('',#5711,1.5);
#491=CYLINDRICAL_SURFACE('',#5714,1.5);
#492=CYLINDRICAL_SURFACE('',#5726,1.49999999999993);
#493=CYLINDRICAL_SURFACE('',#5730,6.8);
#494=CYLINDRICAL_SURFACE('',#5732,1.49999999999999);
#495=CYLINDRICAL_SURFACE('',#5736,1.49999999999994);
#496=CYLINDRICAL_SURFACE('',#5743,9.925);
#497=CYLINDRICAL_SURFACE('',#5745,9.925);
#498=CYLINDRICAL_SURFACE('',#5746,9.925);
#499=CYLINDRICAL_SURFACE('',#5747,9.925);
#500=CYLINDRICAL_SURFACE('',#5748,9.925);
#501=CYLINDRICAL_SURFACE('',#5749,9.925);
#502=CYLINDRICAL_SURFACE('',#5750,9.925);
#503=CYLINDRICAL_SURFACE('',#5751,9.0685);
#504=CYLINDRICAL_SURFACE('',#5752,9.0685);
#505=CYLINDRICAL_SURFACE('',#5754,9.0685);
#506=CYLINDRICAL_SURFACE('',#5755,9.0685);
#507=CYLINDRICAL_SURFACE('',#5756,9.0685);
#508=CYLINDRICAL_SURFACE('',#5764,1.8);
#509=CYLINDRICAL_SURFACE('',#5777,9.0685);
#510=CYLINDRICAL_SURFACE('',#5778,9.0685);
#511=CYLINDRICAL_SURFACE('',#5779,9.0685);
#512=CYLINDRICAL_SURFACE('',#5781,9.0685);
#513=CYLINDRICAL_SURFACE('',#5782,9.0685);
#514=CYLINDRICAL_SURFACE('',#5783,9.0685);
#515=CYLINDRICAL_SURFACE('',#5784,9.0685);
#516=CYLINDRICAL_SURFACE('',#5785,9.0685);
#517=CYLINDRICAL_SURFACE('',#5786,9.0685);
#518=CYLINDRICAL_SURFACE('',#5787,9.925);
#519=CYLINDRICAL_SURFACE('',#5788,1.);
#520=CYLINDRICAL_SURFACE('',#5791,2.6);
#521=CYLINDRICAL_SURFACE('',#5794,1.);
#522=CYLINDRICAL_SURFACE('',#5806,1.285);
#523=CYLINDRICAL_SURFACE('',#5814,1.285);
#524=CYLINDRICAL_SURFACE('',#5825,1.375);
#525=CYLINDRICAL_SURFACE('',#5828,2.6);
#526=CYLINDRICAL_SURFACE('',#5836,2.6);
#527=CYLINDRICAL_SURFACE('',#5838,1.375);
#528=CYLINDRICAL_SURFACE('',#5840,1.375);
#529=CYLINDRICAL_SURFACE('',#5846,1.5);
#530=CYLINDRICAL_SURFACE('',#5850,2.5);
#531=CYLINDRICAL_SURFACE('',#5855,1.5);
#532=CYLINDRICAL_SURFACE('',#5859,2.5);
#533=CYLINDRICAL_SURFACE('',#5864,2.25);
#534=CYLINDRICAL_SURFACE('',#5867,4.);
#535=CYLINDRICAL_SURFACE('',#5871,2.);
#536=CYLINDRICAL_SURFACE('',#5875,2.);
#537=CYLINDRICAL_SURFACE('',#5879,2.);
#538=CYLINDRICAL_SURFACE('',#5883,2.);
#539=CYLINDRICAL_SURFACE('',#5894,9.263);
#540=CYLINDRICAL_SURFACE('',#5896,9.263);
#541=CYLINDRICAL_SURFACE('',#5897,9.263);
#542=CYLINDRICAL_SURFACE('',#5899,10.1015);
#543=CYLINDRICAL_SURFACE('',#5901,10.1015);
#544=CYLINDRICAL_SURFACE('',#5902,10.1015);
#545=CYLINDRICAL_SURFACE('',#5903,10.1015);
#546=CYLINDRICAL_SURFACE('',#5905,1.00000000000027);
#547=CYLINDRICAL_SURFACE('',#5906,1.00000000000001);
#548=CYLINDRICAL_SURFACE('',#5940,15.);
#549=CYLINDRICAL_SURFACE('',#5942,1.00000000000027);
#550=CYLINDRICAL_SURFACE('',#5943,1.00000000000001);
#551=CYLINDRICAL_SURFACE('',#5944,15.);
#552=CYLINDRICAL_SURFACE('',#5946,1.00000000000027);
#553=CYLINDRICAL_SURFACE('',#5947,1.00000000000001);
#554=CYLINDRICAL_SURFACE('',#5948,15.);
#555=CYLINDRICAL_SURFACE('',#5950,1.00000000000027);
#556=CYLINDRICAL_SURFACE('',#5951,1.00000000000001);
#557=CYLINDRICAL_SURFACE('',#5952,15.);
#558=CYLINDRICAL_SURFACE('',#5954,1.00000000000027);
#559=CYLINDRICAL_SURFACE('',#5955,1.00000000000001);
#560=CYLINDRICAL_SURFACE('',#5956,15.);
#561=CYLINDRICAL_SURFACE('',#5958,1.00000000000027);
#562=CYLINDRICAL_SURFACE('',#5959,1.00000000000001);
#563=CYLINDRICAL_SURFACE('',#5960,15.);
#564=CYLINDRICAL_SURFACE('',#5962,1.00000000000027);
#565=CYLINDRICAL_SURFACE('',#5963,1.00000000000001);
#566=CYLINDRICAL_SURFACE('',#5964,15.);
#567=CYLINDRICAL_SURFACE('',#5967,1.00000000000027);
#568=CYLINDRICAL_SURFACE('',#5968,1.00000000000001);
#569=CYLINDRICAL_SURFACE('',#5969,15.);
#570=CYLINDRICAL_SURFACE('',#5971,1.00000000000027);
#571=CYLINDRICAL_SURFACE('',#5972,1.00000000000001);
#572=CYLINDRICAL_SURFACE('',#5973,15.);
#573=CYLINDRICAL_SURFACE('',#5975,1.00000000000027);
#574=CYLINDRICAL_SURFACE('',#5976,1.00000000000001);
#575=CYLINDRICAL_SURFACE('',#5977,15.);
#576=CYLINDRICAL_SURFACE('',#5979,1.00000000000027);
#577=CYLINDRICAL_SURFACE('',#5980,1.00000000000001);
#578=CYLINDRICAL_SURFACE('',#5981,15.);
#579=CYLINDRICAL_SURFACE('',#5983,1.00000000000027);
#580=CYLINDRICAL_SURFACE('',#5984,1.00000000000001);
#581=CYLINDRICAL_SURFACE('',#5985,15.);
#582=CYLINDRICAL_SURFACE('',#5987,1.00000000000027);
#583=CYLINDRICAL_SURFACE('',#5988,1.00000000000001);
#584=CYLINDRICAL_SURFACE('',#5989,15.);
#585=CYLINDRICAL_SURFACE('',#5991,1.00000000000027);
#586=CYLINDRICAL_SURFACE('',#5992,1.00000000000001);
#587=CYLINDRICAL_SURFACE('',#5993,15.);
#588=CYLINDRICAL_SURFACE('',#5995,1.00000000000027);
#589=CYLINDRICAL_SURFACE('',#5996,1.00000000000001);
#590=CYLINDRICAL_SURFACE('',#5997,15.);
#591=CYLINDRICAL_SURFACE('',#5999,1.00000000000027);
#592=CYLINDRICAL_SURFACE('',#6000,1.00000000000001);
#593=CYLINDRICAL_SURFACE('',#6001,15.);
#594=CYLINDRICAL_SURFACE('',#6003,1.00000000000027);
#595=CYLINDRICAL_SURFACE('',#6004,1.00000000000001);
#596=CYLINDRICAL_SURFACE('',#6005,15.);
#597=CYLINDRICAL_SURFACE('',#6007,1.00000000000027);
#598=CYLINDRICAL_SURFACE('',#6008,1.00000000000001);
#599=CYLINDRICAL_SURFACE('',#6009,15.);
#600=CYLINDRICAL_SURFACE('',#6011,1.00000000000027);
#601=CYLINDRICAL_SURFACE('',#6012,1.00000000000001);
#602=CYLINDRICAL_SURFACE('',#6013,15.);
#603=CYLINDRICAL_SURFACE('',#6015,1.00000000000027);
#604=CYLINDRICAL_SURFACE('',#6016,1.00000000000001);
#605=CYLINDRICAL_SURFACE('',#6017,15.);
#606=CYLINDRICAL_SURFACE('',#6019,1.00000000000027);
#607=CYLINDRICAL_SURFACE('',#6020,1.00000000000001);
#608=CYLINDRICAL_SURFACE('',#6021,15.);
#609=CYLINDRICAL_SURFACE('',#6023,1.00000000000027);
#610=CYLINDRICAL_SURFACE('',#6024,1.00000000000001);
#611=CYLINDRICAL_SURFACE('',#6025,15.);
#612=CYLINDRICAL_SURFACE('',#6027,1.00000000000027);
#613=CYLINDRICAL_SURFACE('',#6028,1.00000000000001);
#614=CYLINDRICAL_SURFACE('',#6029,15.);
#615=CYLINDRICAL_SURFACE('',#6031,1.00000000000027);
#616=CYLINDRICAL_SURFACE('',#6032,1.00000000000001);
#617=CYLINDRICAL_SURFACE('',#6033,15.);
#618=CYLINDRICAL_SURFACE('',#6035,1.00000000000027);
#619=CYLINDRICAL_SURFACE('',#6036,1.00000000000001);
#620=CYLINDRICAL_SURFACE('',#6037,15.);
#621=CYLINDRICAL_SURFACE('',#6039,1.00000000000027);
#622=CYLINDRICAL_SURFACE('',#6040,1.00000000000001);
#623=CYLINDRICAL_SURFACE('',#6041,15.);
#624=CYLINDRICAL_SURFACE('',#6043,1.00000000000027);
#625=CYLINDRICAL_SURFACE('',#6044,1.00000000000001);
#626=CYLINDRICAL_SURFACE('',#6045,15.);
#627=CYLINDRICAL_SURFACE('',#6047,1.00000000000027);
#628=CYLINDRICAL_SURFACE('',#6048,1.00000000000001);
#629=CYLINDRICAL_SURFACE('',#6049,15.);
#630=CYLINDRICAL_SURFACE('',#6051,1.00000000000027);
#631=CYLINDRICAL_SURFACE('',#6052,1.00000000000001);
#632=CYLINDRICAL_SURFACE('',#6057,15.);
#633=CYLINDRICAL_SURFACE('',#6058,15.);
#634=CYLINDRICAL_SURFACE('',#6059,1.00000000000027);
#635=CYLINDRICAL_SURFACE('',#6060,1.00000000000001);
#636=CYLINDRICAL_SURFACE('',#6063,10.1015);
#637=CYLINDRICAL_SURFACE('',#6064,9.263);
#638=FACE_OUTER_BOUND('',#923,.T.);
#639=FACE_OUTER_BOUND('',#924,.T.);
#640=FACE_OUTER_BOUND('',#925,.T.);
#641=FACE_OUTER_BOUND('',#926,.T.);
#642=FACE_OUTER_BOUND('',#927,.T.);
#643=FACE_OUTER_BOUND('',#928,.T.);
#644=FACE_OUTER_BOUND('',#929,.T.);
#645=FACE_OUTER_BOUND('',#930,.T.);
#646=FACE_OUTER_BOUND('',#931,.T.);
#647=FACE_OUTER_BOUND('',#932,.T.);
#648=FACE_OUTER_BOUND('',#933,.T.);
#649=FACE_OUTER_BOUND('',#934,.T.);
#650=FACE_OUTER_BOUND('',#935,.T.);
#651=FACE_OUTER_BOUND('',#936,.T.);
#652=FACE_OUTER_BOUND('',#937,.T.);
#653=FACE_OUTER_BOUND('',#938,.T.);
#654=FACE_OUTER_BOUND('',#939,.T.);
#655=FACE_OUTER_BOUND('',#940,.T.);
#656=FACE_OUTER_BOUND('',#941,.T.);
#657=FACE_OUTER_BOUND('',#942,.T.);
#658=FACE_OUTER_BOUND('',#943,.T.);
#659=FACE_OUTER_BOUND('',#948,.T.);
#660=FACE_OUTER_BOUND('',#949,.T.);
#661=FACE_OUTER_BOUND('',#950,.T.);
#662=FACE_OUTER_BOUND('',#951,.T.);
#663=FACE_OUTER_BOUND('',#952,.T.);
#664=FACE_OUTER_BOUND('',#953,.T.);
#665=FACE_OUTER_BOUND('',#954,.T.);
#666=FACE_OUTER_BOUND('',#955,.T.);
#667=FACE_OUTER_BOUND('',#956,.T.);
#668=FACE_OUTER_BOUND('',#957,.T.);
#669=FACE_OUTER_BOUND('',#958,.T.);
#670=FACE_OUTER_BOUND('',#959,.T.);
#671=FACE_OUTER_BOUND('',#960,.T.);
#672=FACE_OUTER_BOUND('',#961,.T.);
#673=FACE_OUTER_BOUND('',#962,.T.);
#674=FACE_OUTER_BOUND('',#963,.T.);
#675=FACE_OUTER_BOUND('',#964,.T.);
#676=FACE_OUTER_BOUND('',#965,.T.);
#677=FACE_OUTER_BOUND('',#966,.T.);
#678=FACE_OUTER_BOUND('',#967,.T.);
#679=FACE_OUTER_BOUND('',#969,.T.);
#680=FACE_OUTER_BOUND('',#970,.T.);
#681=FACE_OUTER_BOUND('',#971,.T.);
#682=FACE_OUTER_BOUND('',#972,.T.);
#683=FACE_OUTER_BOUND('',#973,.T.);
#684=FACE_OUTER_BOUND('',#974,.T.);
#685=FACE_OUTER_BOUND('',#975,.T.);
#686=FACE_OUTER_BOUND('',#976,.T.);
#687=FACE_OUTER_BOUND('',#977,.T.);
#688=FACE_OUTER_BOUND('',#978,.T.);
#689=FACE_OUTER_BOUND('',#979,.T.);
#690=FACE_OUTER_BOUND('',#980,.T.);
#691=FACE_OUTER_BOUND('',#981,.T.);
#692=FACE_OUTER_BOUND('',#982,.T.);
#693=FACE_OUTER_BOUND('',#983,.T.);
#694=FACE_OUTER_BOUND('',#984,.T.);
#695=FACE_OUTER_BOUND('',#985,.T.);
#696=FACE_OUTER_BOUND('',#986,.T.);
#697=FACE_OUTER_BOUND('',#987,.T.);
#698=FACE_OUTER_BOUND('',#988,.T.);
#699=FACE_OUTER_BOUND('',#989,.T.);
#700=FACE_OUTER_BOUND('',#990,.T.);
#701=FACE_OUTER_BOUND('',#991,.T.);
#702=FACE_OUTER_BOUND('',#992,.T.);
#703=FACE_OUTER_BOUND('',#993,.T.);
#704=FACE_OUTER_BOUND('',#994,.T.);
#705=FACE_OUTER_BOUND('',#995,.T.);
#706=FACE_OUTER_BOUND('',#1001,.T.);
#707=FACE_OUTER_BOUND('',#1002,.T.);
#708=FACE_OUTER_BOUND('',#1003,.T.);
#709=FACE_OUTER_BOUND('',#1004,.T.);
#710=FACE_OUTER_BOUND('',#1005,.T.);
#711=FACE_OUTER_BOUND('',#1006,.T.);
#712=FACE_OUTER_BOUND('',#1007,.T.);
#713=FACE_OUTER_BOUND('',#1008,.T.);
#714=FACE_OUTER_BOUND('',#1009,.T.);
#715=FACE_OUTER_BOUND('',#1010,.T.);
#716=FACE_OUTER_BOUND('',#1011,.T.);
#717=FACE_OUTER_BOUND('',#1018,.T.);
#718=FACE_OUTER_BOUND('',#1019,.T.);
#719=FACE_OUTER_BOUND('',#1020,.T.);
#720=FACE_OUTER_BOUND('',#1021,.T.);
#721=FACE_OUTER_BOUND('',#1022,.T.);
#722=FACE_OUTER_BOUND('',#1023,.T.);
#723=FACE_OUTER_BOUND('',#1024,.T.);
#724=FACE_OUTER_BOUND('',#1025,.T.);
#725=FACE_OUTER_BOUND('',#1026,.T.);
#726=FACE_OUTER_BOUND('',#1027,.T.);
#727=FACE_OUTER_BOUND('',#1028,.T.);
#728=FACE_OUTER_BOUND('',#1029,.T.);
#729=FACE_OUTER_BOUND('',#1030,.T.);
#730=FACE_OUTER_BOUND('',#1031,.T.);
#731=FACE_OUTER_BOUND('',#1032,.T.);
#732=FACE_OUTER_BOUND('',#1035,.T.);
#733=FACE_OUTER_BOUND('',#1036,.T.);
#734=FACE_OUTER_BOUND('',#1037,.T.);
#735=FACE_OUTER_BOUND('',#1038,.T.);
#736=FACE_OUTER_BOUND('',#1040,.T.);
#737=FACE_OUTER_BOUND('',#1041,.T.);
#738=FACE_OUTER_BOUND('',#1042,.T.);
#739=FACE_OUTER_BOUND('',#1043,.T.);
#740=FACE_OUTER_BOUND('',#1044,.T.);
#741=FACE_OUTER_BOUND('',#1045,.T.);
#742=FACE_OUTER_BOUND('',#1046,.T.);
#743=FACE_OUTER_BOUND('',#1047,.T.);
#744=FACE_OUTER_BOUND('',#1048,.T.);
#745=FACE_OUTER_BOUND('',#1049,.T.);
#746=FACE_OUTER_BOUND('',#1050,.T.);
#747=FACE_OUTER_BOUND('',#1051,.T.);
#748=FACE_OUTER_BOUND('',#1052,.T.);
#749=FACE_OUTER_BOUND('',#1053,.T.);
#750=FACE_OUTER_BOUND('',#1054,.T.);
#751=FACE_OUTER_BOUND('',#1055,.T.);
#752=FACE_OUTER_BOUND('',#1056,.T.);
#753=FACE_OUTER_BOUND('',#1057,.T.);
#754=FACE_OUTER_BOUND('',#1058,.T.);
#755=FACE_OUTER_BOUND('',#1059,.T.);
#756=FACE_OUTER_BOUND('',#1060,.T.);
#757=FACE_OUTER_BOUND('',#1061,.T.);
#758=FACE_OUTER_BOUND('',#1062,.T.);
#759=FACE_OUTER_BOUND('',#1063,.T.);
#760=FACE_OUTER_BOUND('',#1064,.T.);
#761=FACE_OUTER_BOUND('',#1065,.T.);
#762=FACE_OUTER_BOUND('',#1066,.T.);
#763=FACE_OUTER_BOUND('',#1067,.T.);
#764=FACE_OUTER_BOUND('',#1068,.T.);
#765=FACE_OUTER_BOUND('',#1069,.T.);
#766=FACE_OUTER_BOUND('',#1070,.T.);
#767=FACE_OUTER_BOUND('',#1071,.T.);
#768=FACE_OUTER_BOUND('',#1072,.T.);
#769=FACE_OUTER_BOUND('',#1073,.T.);
#770=FACE_OUTER_BOUND('',#1074,.T.);
#771=FACE_OUTER_BOUND('',#1075,.T.);
#772=FACE_OUTER_BOUND('',#1077,.T.);
#773=FACE_OUTER_BOUND('',#1078,.T.);
#774=FACE_OUTER_BOUND('',#1080,.T.);
#775=FACE_OUTER_BOUND('',#1081,.T.);
#776=FACE_OUTER_BOUND('',#1082,.T.);
#777=FACE_OUTER_BOUND('',#1083,.T.);
#778=FACE_OUTER_BOUND('',#1084,.T.);
#779=FACE_OUTER_BOUND('',#1085,.T.);
#780=FACE_OUTER_BOUND('',#1086,.T.);
#781=FACE_OUTER_BOUND('',#1087,.T.);
#782=FACE_OUTER_BOUND('',#1088,.T.);
#783=FACE_OUTER_BOUND('',#1089,.T.);
#784=FACE_OUTER_BOUND('',#1090,.T.);
#785=FACE_OUTER_BOUND('',#1091,.T.);
#786=FACE_OUTER_BOUND('',#1092,.T.);
#787=FACE_OUTER_BOUND('',#1093,.T.);
#788=FACE_OUTER_BOUND('',#1094,.T.);
#789=FACE_OUTER_BOUND('',#1098,.T.);
#790=FACE_OUTER_BOUND('',#1099,.T.);
#791=FACE_OUTER_BOUND('',#1100,.T.);
#792=FACE_OUTER_BOUND('',#1101,.T.);
#793=FACE_OUTER_BOUND('',#1102,.T.);
#794=FACE_OUTER_BOUND('',#1103,.T.);
#795=FACE_OUTER_BOUND('',#1105,.T.);
#796=FACE_OUTER_BOUND('',#1106,.T.);
#797=FACE_OUTER_BOUND('',#1107,.T.);
#798=FACE_OUTER_BOUND('',#1108,.T.);
#799=FACE_OUTER_BOUND('',#1109,.T.);
#800=FACE_OUTER_BOUND('',#1111,.T.);
#801=FACE_OUTER_BOUND('',#1112,.T.);
#802=FACE_OUTER_BOUND('',#1113,.T.);
#803=FACE_OUTER_BOUND('',#1115,.T.);
#804=FACE_OUTER_BOUND('',#1116,.T.);
#805=FACE_OUTER_BOUND('',#1117,.T.);
#806=FACE_OUTER_BOUND('',#1118,.T.);
#807=FACE_OUTER_BOUND('',#1119,.T.);
#808=FACE_OUTER_BOUND('',#1120,.T.);
#809=FACE_OUTER_BOUND('',#1121,.T.);
#810=FACE_OUTER_BOUND('',#1122,.T.);
#811=FACE_OUTER_BOUND('',#1123,.T.);
#812=FACE_OUTER_BOUND('',#1125,.T.);
#813=FACE_OUTER_BOUND('',#1126,.T.);
#814=FACE_OUTER_BOUND('',#1127,.T.);
#815=FACE_OUTER_BOUND('',#1128,.T.);
#816=FACE_OUTER_BOUND('',#1129,.T.);
#817=FACE_OUTER_BOUND('',#1131,.T.);
#818=FACE_OUTER_BOUND('',#1133,.T.);
#819=FACE_OUTER_BOUND('',#1134,.T.);
#820=FACE_OUTER_BOUND('',#1135,.T.);
#821=FACE_OUTER_BOUND('',#1136,.T.);
#822=FACE_OUTER_BOUND('',#1137,.T.);
#823=FACE_OUTER_BOUND('',#1138,.T.);
#824=FACE_OUTER_BOUND('',#1139,.T.);
#825=FACE_OUTER_BOUND('',#1140,.T.);
#826=FACE_OUTER_BOUND('',#1141,.T.);
#827=FACE_OUTER_BOUND('',#1142,.T.);
#828=FACE_OUTER_BOUND('',#1143,.T.);
#829=FACE_OUTER_BOUND('',#1144,.T.);
#830=FACE_OUTER_BOUND('',#1145,.T.);
#831=FACE_OUTER_BOUND('',#1146,.T.);
#832=FACE_OUTER_BOUND('',#1147,.T.);
#833=FACE_OUTER_BOUND('',#1148,.T.);
#834=FACE_OUTER_BOUND('',#1149,.T.);
#835=FACE_OUTER_BOUND('',#1150,.T.);
#836=FACE_OUTER_BOUND('',#1151,.T.);
#837=FACE_OUTER_BOUND('',#1152,.T.);
#838=FACE_OUTER_BOUND('',#1153,.T.);
#839=FACE_OUTER_BOUND('',#1154,.T.);
#840=FACE_OUTER_BOUND('',#1155,.T.);
#841=FACE_OUTER_BOUND('',#1156,.T.);
#842=FACE_OUTER_BOUND('',#1157,.T.);
#843=FACE_OUTER_BOUND('',#1158,.T.);
#844=FACE_OUTER_BOUND('',#1159,.T.);
#845=FACE_OUTER_BOUND('',#1160,.T.);
#846=FACE_OUTER_BOUND('',#1161,.T.);
#847=FACE_OUTER_BOUND('',#1162,.T.);
#848=FACE_OUTER_BOUND('',#1163,.T.);
#849=FACE_OUTER_BOUND('',#1164,.T.);
#850=FACE_OUTER_BOUND('',#1165,.T.);
#851=FACE_OUTER_BOUND('',#1166,.T.);
#852=FACE_OUTER_BOUND('',#1167,.T.);
#853=FACE_OUTER_BOUND('',#1168,.T.);
#854=FACE_OUTER_BOUND('',#1169,.T.);
#855=FACE_OUTER_BOUND('',#1170,.T.);
#856=FACE_OUTER_BOUND('',#1171,.T.);
#857=FACE_OUTER_BOUND('',#1172,.T.);
#858=FACE_OUTER_BOUND('',#1173,.T.);
#859=FACE_OUTER_BOUND('',#1174,.T.);
#860=FACE_OUTER_BOUND('',#1175,.T.);
#861=FACE_OUTER_BOUND('',#1176,.T.);
#862=FACE_OUTER_BOUND('',#1177,.T.);
#863=FACE_OUTER_BOUND('',#1178,.T.);
#864=FACE_OUTER_BOUND('',#1179,.T.);
#865=FACE_OUTER_BOUND('',#1180,.T.);
#866=FACE_OUTER_BOUND('',#1181,.T.);
#867=FACE_OUTER_BOUND('',#1182,.T.);
#868=FACE_OUTER_BOUND('',#1183,.T.);
#869=FACE_OUTER_BOUND('',#1184,.T.);
#870=FACE_OUTER_BOUND('',#1185,.T.);
#871=FACE_OUTER_BOUND('',#1186,.T.);
#872=FACE_OUTER_BOUND('',#1187,.T.);
#873=FACE_OUTER_BOUND('',#1188,.T.);
#874=FACE_OUTER_BOUND('',#1189,.T.);
#875=FACE_OUTER_BOUND('',#1190,.T.);
#876=FACE_OUTER_BOUND('',#1191,.T.);
#877=FACE_OUTER_BOUND('',#1192,.T.);
#878=FACE_OUTER_BOUND('',#1193,.T.);
#879=FACE_OUTER_BOUND('',#1194,.T.);
#880=FACE_OUTER_BOUND('',#1195,.T.);
#881=FACE_OUTER_BOUND('',#1196,.T.);
#882=FACE_OUTER_BOUND('',#1197,.T.);
#883=FACE_OUTER_BOUND('',#1198,.T.);
#884=FACE_OUTER_BOUND('',#1199,.T.);
#885=FACE_OUTER_BOUND('',#1200,.T.);
#886=FACE_OUTER_BOUND('',#1201,.T.);
#887=FACE_OUTER_BOUND('',#1202,.T.);
#888=FACE_OUTER_BOUND('',#1203,.T.);
#889=FACE_OUTER_BOUND('',#1204,.T.);
#890=FACE_OUTER_BOUND('',#1205,.T.);
#891=FACE_OUTER_BOUND('',#1206,.T.);
#892=FACE_OUTER_BOUND('',#1207,.T.);
#893=FACE_OUTER_BOUND('',#1208,.T.);
#894=FACE_OUTER_BOUND('',#1209,.T.);
#895=FACE_OUTER_BOUND('',#1210,.T.);
#896=FACE_OUTER_BOUND('',#1211,.T.);
#897=FACE_OUTER_BOUND('',#1212,.T.);
#898=FACE_OUTER_BOUND('',#1213,.T.);
#899=FACE_OUTER_BOUND('',#1214,.T.);
#900=FACE_OUTER_BOUND('',#1215,.T.);
#901=FACE_OUTER_BOUND('',#1216,.T.);
#902=FACE_OUTER_BOUND('',#1217,.T.);
#903=FACE_OUTER_BOUND('',#1218,.T.);
#904=FACE_OUTER_BOUND('',#1219,.T.);
#905=FACE_OUTER_BOUND('',#1220,.T.);
#906=FACE_OUTER_BOUND('',#1221,.T.);
#907=FACE_OUTER_BOUND('',#1222,.T.);
#908=FACE_OUTER_BOUND('',#1223,.T.);
#909=FACE_OUTER_BOUND('',#1224,.T.);
#910=FACE_OUTER_BOUND('',#1225,.T.);
#911=FACE_OUTER_BOUND('',#1226,.T.);
#912=FACE_OUTER_BOUND('',#1227,.T.);
#913=FACE_OUTER_BOUND('',#1228,.T.);
#914=FACE_OUTER_BOUND('',#1229,.T.);
#915=FACE_OUTER_BOUND('',#1230,.T.);
#916=FACE_OUTER_BOUND('',#1231,.T.);
#917=FACE_OUTER_BOUND('',#1232,.T.);
#918=FACE_OUTER_BOUND('',#1234,.T.);
#919=FACE_OUTER_BOUND('',#1236,.T.);
#920=FACE_OUTER_BOUND('',#1237,.T.);
#921=FACE_OUTER_BOUND('',#1238,.T.);
#922=FACE_OUTER_BOUND('',#1239,.T.);
#923=EDGE_LOOP('',(#3515,#3516,#3517,#3518));
#924=EDGE_LOOP('',(#3519,#3520,#3521,#3522));
#925=EDGE_LOOP('',(#3523,#3524,#3525,#3526));
#926=EDGE_LOOP('',(#3527,#3528,#3529,#3530));
#927=EDGE_LOOP('',(#3531,#3532,#3533,#3534));
#928=EDGE_LOOP('',(#3535,#3536,#3537,#3538));
#929=EDGE_LOOP('',(#3539,#3540,#3541,#3542));
#930=EDGE_LOOP('',(#3543,#3544,#3545,#3546));
#931=EDGE_LOOP('',(#3547,#3548,#3549,#3550));
#932=EDGE_LOOP('',(#3551,#3552,#3553,#3554));
#933=EDGE_LOOP('',(#3555,#3556,#3557,#3558));
#934=EDGE_LOOP('',(#3559,#3560,#3561,#3562));
#935=EDGE_LOOP('',(#3563,#3564,#3565,#3566));
#936=EDGE_LOOP('',(#3567,#3568,#3569,#3570));
#937=EDGE_LOOP('',(#3571,#3572,#3573,#3574,#3575,#3576,#3577,#3578,#3579,
#3580,#3581,#3582,#3583,#3584));
#938=EDGE_LOOP('',(#3585,#3586,#3587,#3588,#3589,#3590,#3591,#3592,#3593,
#3594,#3595,#3596,#3597,#3598));
#939=EDGE_LOOP('',(#3599,#3600,#3601,#3602));
#940=EDGE_LOOP('',(#3603,#3604,#3605,#3606));
#941=EDGE_LOOP('',(#3607,#3608,#3609,#3610));
#942=EDGE_LOOP('',(#3611,#3612,#3613,#3614));
#943=EDGE_LOOP('',(#3615,#3616,#3617,#3618));
#944=EDGE_LOOP('',(#3619));
#945=EDGE_LOOP('',(#3620));
#946=EDGE_LOOP('',(#3621));
#947=EDGE_LOOP('',(#3622,#3623,#3624,#3625,#3626,#3627,#3628,#3629,#3630,
#3631,#3632,#3633,#3634,#3635,#3636,#3637,#3638,#3639,#3640,#3641));
#948=EDGE_LOOP('',(#3642,#3643,#3644,#3645));
#949=EDGE_LOOP('',(#3646,#3647,#3648,#3649,#3650,#3651));
#950=EDGE_LOOP('',(#3652,#3653,#3654,#3655,#3656,#3657));
#951=EDGE_LOOP('',(#3658,#3659,#3660,#3661));
#952=EDGE_LOOP('',(#3662,#3663,#3664,#3665));
#953=EDGE_LOOP('',(#3666,#3667,#3668,#3669));
#954=EDGE_LOOP('',(#3670,#3671,#3672,#3673));
#955=EDGE_LOOP('',(#3674,#3675,#3676,#3677));
#956=EDGE_LOOP('',(#3678,#3679,#3680,#3681));
#957=EDGE_LOOP('',(#3682,#3683,#3684,#3685,#3686,#3687));
#958=EDGE_LOOP('',(#3688,#3689,#3690,#3691,#3692,#3693,#3694,#3695,#3696,
#3697,#3698,#3699));
#959=EDGE_LOOP('',(#3700,#3701,#3702,#3703,#3704,#3705,#3706,#3707,#3708,
#3709));
#960=EDGE_LOOP('',(#3710,#3711,#3712,#3713));
#961=EDGE_LOOP('',(#3714,#3715,#3716,#3717));
#962=EDGE_LOOP('',(#3718,#3719,#3720,#3721));
#963=EDGE_LOOP('',(#3722,#3723,#3724,#3725));
#964=EDGE_LOOP('',(#3726,#3727,#3728,#3729));
#965=EDGE_LOOP('',(#3730,#3731,#3732,#3733));
#966=EDGE_LOOP('',(#3734,#3735,#3736,#3737));
#967=EDGE_LOOP('',(#3738,#3739,#3740,#3741));
#968=EDGE_LOOP('',(#3742,#3743,#3744,#3745,#3746,#3747,#3748,#3749,#3750,
#3751,#3752,#3753,#3754,#3755,#3756));
#969=EDGE_LOOP('',(#3757,#3758,#3759,#3760,#3761,#3762));
#970=EDGE_LOOP('',(#3763,#3764,#3765,#3766,#3767,#3768,#3769,#3770,#3771,
#3772,#3773,#3774,#3775,#3776,#3777,#3778));
#971=EDGE_LOOP('',(#3779,#3780,#3781,#3782));
#972=EDGE_LOOP('',(#3783,#3784,#3785,#3786,#3787,#3788,#3789,#3790));
#973=EDGE_LOOP('',(#3791,#3792,#3793,#3794,#3795,#3796,#3797));
#974=EDGE_LOOP('',(#3798,#3799,#3800,#3801));
#975=EDGE_LOOP('',(#3802,#3803,#3804,#3805));
#976=EDGE_LOOP('',(#3806,#3807,#3808,#3809));
#977=EDGE_LOOP('',(#3810,#3811,#3812,#3813));
#978=EDGE_LOOP('',(#3814,#3815,#3816,#3817,#3818,#3819,#3820,#3821));
#979=EDGE_LOOP('',(#3822,#3823,#3824,#3825,#3826,#3827,#3828,#3829));
#980=EDGE_LOOP('',(#3830,#3831,#3832,#3833));
#981=EDGE_LOOP('',(#3834,#3835,#3836,#3837));
#982=EDGE_LOOP('',(#3838,#3839,#3840,#3841,#3842,#3843,#3844,#3845));
#983=EDGE_LOOP('',(#3846,#3847,#3848,#3849));
#984=EDGE_LOOP('',(#3850,#3851,#3852,#3853));
#985=EDGE_LOOP('',(#3854,#3855,#3856,#3857,#3858,#3859,#3860,#3861));
#986=EDGE_LOOP('',(#3862,#3863,#3864,#3865,#3866,#3867,#3868));
#987=EDGE_LOOP('',(#3869,#3870,#3871,#3872));
#988=EDGE_LOOP('',(#3873,#3874,#3875,#3876));
#989=EDGE_LOOP('',(#3877,#3878,#3879,#3880));
#990=EDGE_LOOP('',(#3881,#3882,#3883,#3884));
#991=EDGE_LOOP('',(#3885,#3886,#3887,#3888));
#992=EDGE_LOOP('',(#3889,#3890,#3891,#3892));
#993=EDGE_LOOP('',(#3893,#3894,#3895,#3896));
#994=EDGE_LOOP('',(#3897,#3898,#3899,#3900));
#995=EDGE_LOOP('',(#3901,#3902,#3903,#3904));
#996=EDGE_LOOP('',(#3905));
#997=EDGE_LOOP('',(#3906));
#998=EDGE_LOOP('',(#3907));
#999=EDGE_LOOP('',(#3908,#3909,#3910,#3911));
#1000=EDGE_LOOP('',(#3912));
#1001=EDGE_LOOP('',(#3913,#3914,#3915,#3916));
#1002=EDGE_LOOP('',(#3917,#3918,#3919,#3920,#3921,#3922));
#1003=EDGE_LOOP('',(#3923,#3924,#3925,#3926,#3927,#3928));
#1004=EDGE_LOOP('',(#3929,#3930,#3931,#3932));
#1005=EDGE_LOOP('',(#3933,#3934,#3935,#3936));
#1006=EDGE_LOOP('',(#3937,#3938,#3939,#3940));
#1007=EDGE_LOOP('',(#3941,#3942,#3943,#3944));
#1008=EDGE_LOOP('',(#3945,#3946,#3947,#3948));
#1009=EDGE_LOOP('',(#3949,#3950,#3951,#3952));
#1010=EDGE_LOOP('',(#3953,#3954,#3955,#3956));
#1011=EDGE_LOOP('',(#3957,#3958,#3959,#3960));
#1012=EDGE_LOOP('',(#3961));
#1013=EDGE_LOOP('',(#3962));
#1014=EDGE_LOOP('',(#3963));
#1015=EDGE_LOOP('',(#3964));
#1016=EDGE_LOOP('',(#3965));
#1017=EDGE_LOOP('',(#3966));
#1018=EDGE_LOOP('',(#3967,#3968,#3969,#3970));
#1019=EDGE_LOOP('',(#3971,#3972,#3973,#3974));
#1020=EDGE_LOOP('',(#3975,#3976,#3977,#3978));
#1021=EDGE_LOOP('',(#3979,#3980,#3981,#3982));
#1022=EDGE_LOOP('',(#3983,#3984,#3985,#3986));
#1023=EDGE_LOOP('',(#3987,#3988,#3989,#3990));
#1024=EDGE_LOOP('',(#3991,#3992,#3993,#3994));
#1025=EDGE_LOOP('',(#3995,#3996,#3997,#3998));
#1026=EDGE_LOOP('',(#3999,#4000,#4001,#4002,#4003,#4004,#4005,#4006));
#1027=EDGE_LOOP('',(#4007,#4008,#4009,#4010));
#1028=EDGE_LOOP('',(#4011,#4012,#4013,#4014));
#1029=EDGE_LOOP('',(#4015,#4016,#4017,#4018));
#1030=EDGE_LOOP('',(#4019,#4020,#4021,#4022));
#1031=EDGE_LOOP('',(#4023,#4024,#4025,#4026,#4027,#4028,#4029,#4030,#4031));
#1032=EDGE_LOOP('',(#4032,#4033,#4034,#4035,#4036,#4037));
#1033=EDGE_LOOP('',(#4038));
#1034=EDGE_LOOP('',(#4039));
#1035=EDGE_LOOP('',(#4040,#4041,#4042,#4043));
#1036=EDGE_LOOP('',(#4044));
#1037=EDGE_LOOP('',(#4045,#4046,#4047,#4048,#4049,#4050,#4051,#4052,#4053,
#4054,#4055,#4056,#4057,#4058,#4059,#4060,#4061,#4062,#4063,#4064));
#1038=EDGE_LOOP('',(#4065,#4066,#4067,#4068,#4069));
#1039=EDGE_LOOP('',(#4070));
#1040=EDGE_LOOP('',(#4071,#4072,#4073,#4074,#4075,#4076,#4077,#4078,#4079,
#4080,#4081,#4082,#4083,#4084,#4085,#4086,#4087,#4088,#4089,#4090));
#1041=EDGE_LOOP('',(#4091,#4092,#4093,#4094,#4095,#4096,#4097,#4098,#4099,
#4100,#4101,#4102,#4103,#4104,#4105,#4106,#4107,#4108,#4109,#4110));
#1042=EDGE_LOOP('',(#4111,#4112,#4113,#4114,#4115,#4116,#4117,#4118,#4119,
#4120,#4121,#4122,#4123,#4124,#4125,#4126,#4127,#4128,#4129,#4130));
#1043=EDGE_LOOP('',(#4131,#4132,#4133,#4134,#4135,#4136,#4137,#4138,#4139,
#4140,#4141,#4142,#4143,#4144,#4145,#4146,#4147,#4148,#4149,#4150,#4151,
#4152,#4153,#4154,#4155,#4156,#4157,#4158,#4159,#4160,#4161,#4162,#4163,
#4164,#4165,#4166,#4167,#4168,#4169,#4170));
#1044=EDGE_LOOP('',(#4171,#4172,#4173,#4174,#4175,#4176,#4177,#4178,#4179));
#1045=EDGE_LOOP('',(#4180,#4181,#4182));
#1046=EDGE_LOOP('',(#4183,#4184,#4185,#4186));
#1047=EDGE_LOOP('',(#4187,#4188,#4189,#4190));
#1048=EDGE_LOOP('',(#4191,#4192,#4193,#4194));
#1049=EDGE_LOOP('',(#4195,#4196,#4197,#4198));
#1050=EDGE_LOOP('',(#4199,#4200,#4201,#4202));
#1051=EDGE_LOOP('',(#4203,#4204,#4205,#4206));
#1052=EDGE_LOOP('',(#4207,#4208,#4209,#4210,#4211));
#1053=EDGE_LOOP('',(#4212,#4213,#4214,#4215,#4216,#4217,#4218,#4219,#4220,
#4221,#4222,#4223,#4224,#4225,#4226,#4227,#4228,#4229,#4230,#4231,#4232,
#4233,#4234,#4235,#4236,#4237,#4238,#4239,#4240,#4241,#4242,#4243,#4244,
#4245,#4246,#4247,#4248,#4249,#4250,#4251));
#1054=EDGE_LOOP('',(#4252,#4253,#4254,#4255));
#1055=EDGE_LOOP('',(#4256,#4257,#4258,#4259));
#1056=EDGE_LOOP('',(#4260,#4261,#4262,#4263));
#1057=EDGE_LOOP('',(#4264,#4265,#4266,#4267));
#1058=EDGE_LOOP('',(#4268,#4269,#4270,#4271));
#1059=EDGE_LOOP('',(#4272,#4273,#4274,#4275,#4276,#4277,#4278,#4279,#4280,
#4281,#4282,#4283));
#1060=EDGE_LOOP('',(#4284,#4285,#4286,#4287));
#1061=EDGE_LOOP('',(#4288,#4289,#4290,#4291));
#1062=EDGE_LOOP('',(#4292,#4293,#4294,#4295));
#1063=EDGE_LOOP('',(#4296,#4297,#4298,#4299));
#1064=EDGE_LOOP('',(#4300,#4301,#4302,#4303));
#1065=EDGE_LOOP('',(#4304,#4305,#4306,#4307));
#1066=EDGE_LOOP('',(#4308,#4309,#4310,#4311));
#1067=EDGE_LOOP('',(#4312,#4313,#4314,#4315));
#1068=EDGE_LOOP('',(#4316,#4317,#4318,#4319));
#1069=EDGE_LOOP('',(#4320,#4321,#4322,#4323,#4324,#4325,#4326,#4327,#4328,
#4329,#4330,#4331,#4332));
#1070=EDGE_LOOP('',(#4333,#4334,#4335,#4336,#4337,#4338,#4339,#4340,#4341));
#1071=EDGE_LOOP('',(#4342,#4343,#4344,#4345));
#1072=EDGE_LOOP('',(#4346,#4347,#4348,#4349));
#1073=EDGE_LOOP('',(#4350,#4351,#4352,#4353));
#1074=EDGE_LOOP('',(#4354,#4355,#4356,#4357));
#1075=EDGE_LOOP('',(#4358,#4359,#4360,#4361));
#1076=EDGE_LOOP('',(#4362,#4363,#4364,#4365));
#1077=EDGE_LOOP('',(#4366,#4367,#4368,#4369,#4370,#4371));
#1078=EDGE_LOOP('',(#4372,#4373,#4374,#4375));
#1079=EDGE_LOOP('',(#4376));
#1080=EDGE_LOOP('',(#4377,#4378,#4379,#4380));
#1081=EDGE_LOOP('',(#4381,#4382,#4383,#4384));
#1082=EDGE_LOOP('',(#4385,#4386,#4387,#4388));
#1083=EDGE_LOOP('',(#4389,#4390,#4391,#4392));
#1084=EDGE_LOOP('',(#4393,#4394,#4395,#4396));
#1085=EDGE_LOOP('',(#4397,#4398,#4399,#4400));
#1086=EDGE_LOOP('',(#4401,#4402,#4403,#4404));
#1087=EDGE_LOOP('',(#4405,#4406,#4407,#4408));
#1088=EDGE_LOOP('',(#4409,#4410,#4411,#4412));
#1089=EDGE_LOOP('',(#4413,#4414,#4415,#4416));
#1090=EDGE_LOOP('',(#4417,#4418,#4419,#4420));
#1091=EDGE_LOOP('',(#4421,#4422,#4423,#4424));
#1092=EDGE_LOOP('',(#4425,#4426,#4427,#4428,#4429));
#1093=EDGE_LOOP('',(#4430,#4431,#4432,#4433));
#1094=EDGE_LOOP('',(#4434,#4435,#4436,#4437,#4438,#4439,#4440,#4441,#4442,
#4443,#4444,#4445,#4446,#4447,#4448,#4449,#4450,#4451,#4452,#4453,#4454,
#4455,#4456,#4457,#4458,#4459,#4460,#4461));
#1095=EDGE_LOOP('',(#4462));
#1096=EDGE_LOOP('',(#4463));
#1097=EDGE_LOOP('',(#4464));
#1098=EDGE_LOOP('',(#4465,#4466,#4467,#4468));
#1099=EDGE_LOOP('',(#4469,#4470,#4471,#4472));
#1100=EDGE_LOOP('',(#4473));
#1101=EDGE_LOOP('',(#4474,#4475,#4476,#4477));
#1102=EDGE_LOOP('',(#4478));
#1103=EDGE_LOOP('',(#4479));
#1104=EDGE_LOOP('',(#4480));
#1105=EDGE_LOOP('',(#4481,#4482,#4483,#4484));
#1106=EDGE_LOOP('',(#4485));
#1107=EDGE_LOOP('',(#4486,#4487,#4488,#4489));
#1108=EDGE_LOOP('',(#4490));
#1109=EDGE_LOOP('',(#4491));
#1110=EDGE_LOOP('',(#4492));
#1111=EDGE_LOOP('',(#4493,#4494,#4495,#4496));
#1112=EDGE_LOOP('',(#4497,#4498,#4499,#4500));
#1113=EDGE_LOOP('',(#4501));
#1114=EDGE_LOOP('',(#4502));
#1115=EDGE_LOOP('',(#4503,#4504,#4505,#4506));
#1116=EDGE_LOOP('',(#4507,#4508,#4509,#4510));
#1117=EDGE_LOOP('',(#4511,#4512,#4513,#4514));
#1118=EDGE_LOOP('',(#4515,#4516,#4517,#4518));
#1119=EDGE_LOOP('',(#4519,#4520,#4521,#4522));
#1120=EDGE_LOOP('',(#4523,#4524,#4525,#4526));
#1121=EDGE_LOOP('',(#4527,#4528,#4529,#4530));
#1122=EDGE_LOOP('',(#4531,#4532,#4533,#4534));
#1123=EDGE_LOOP('',(#4535,#4536,#4537,#4538));
#1124=EDGE_LOOP('',(#4539,#4540,#4541,#4542,#4543,#4544,#4545,#4546));
#1125=EDGE_LOOP('',(#4547,#4548,#4549,#4550));
#1126=EDGE_LOOP('',(#4551,#4552,#4553,#4554));
#1127=EDGE_LOOP('',(#4555,#4556,#4557,#4558));
#1128=EDGE_LOOP('',(#4559,#4560,#4561,#4562));
#1129=EDGE_LOOP('',(#4563,#4564,#4565,#4566));
#1130=EDGE_LOOP('',(#4567));
#1131=EDGE_LOOP('',(#4568,#4569,#4570,#4571,#4572,#4573,#4574,#4575));
#1132=EDGE_LOOP('',(#4576));
#1133=EDGE_LOOP('',(#4577,#4578,#4579,#4580));
#1134=EDGE_LOOP('',(#4581,#4582,#4583,#4584));
#1135=EDGE_LOOP('',(#4585,#4586,#4587,#4588));
#1136=EDGE_LOOP('',(#4589,#4590,#4591,#4592));
#1137=EDGE_LOOP('',(#4593,#4594,#4595,#4596));
#1138=EDGE_LOOP('',(#4597,#4598,#4599,#4600));
#1139=EDGE_LOOP('',(#4601,#4602,#4603,#4604));
#1140=EDGE_LOOP('',(#4605,#4606,#4607,#4608));
#1141=EDGE_LOOP('',(#4609,#4610,#4611,#4612));
#1142=EDGE_LOOP('',(#4613,#4614,#4615,#4616,#4617,#4618,#4619,#4620,#4621,
#4622,#4623,#4624,#4625,#4626,#4627,#4628,#4629,#4630,#4631,#4632,#4633,
#4634,#4635,#4636,#4637,#4638,#4639,#4640,#4641,#4642,#4643,#4644,#4645,
#4646,#4647,#4648,#4649,#4650,#4651,#4652,#4653,#4654,#4655,#4656,#4657,
#4658,#4659,#4660,#4661,#4662,#4663,#4664,#4665,#4666,#4667,#4668,#4669,
#4670,#4671,#4672,#4673,#4674,#4675,#4676,#4677,#4678,#4679,#4680,#4681,
#4682,#4683,#4684,#4685,#4686,#4687,#4688,#4689,#4690,#4691,#4692,#4693,
#4694,#4695,#4696,#4697,#4698,#4699,#4700,#4701,#4702,#4703,#4704,#4705,
#4706));
#1143=EDGE_LOOP('',(#4707,#4708,#4709,#4710));
#1144=EDGE_LOOP('',(#4711,#4712,#4713,#4714));
#1145=EDGE_LOOP('',(#4715,#4716,#4717,#4718));
#1146=EDGE_LOOP('',(#4719,#4720,#4721,#4722));
#1147=EDGE_LOOP('',(#4723,#4724,#4725,#4726));
#1148=EDGE_LOOP('',(#4727,#4728,#4729,#4730));
#1149=EDGE_LOOP('',(#4731,#4732,#4733,#4734));
#1150=EDGE_LOOP('',(#4735,#4736,#4737,#4738));
#1151=EDGE_LOOP('',(#4739,#4740,#4741,#4742));
#1152=EDGE_LOOP('',(#4743,#4744,#4745,#4746));
#1153=EDGE_LOOP('',(#4747,#4748,#4749,#4750));
#1154=EDGE_LOOP('',(#4751,#4752,#4753,#4754));
#1155=EDGE_LOOP('',(#4755,#4756,#4757,#4758));
#1156=EDGE_LOOP('',(#4759,#4760,#4761,#4762));
#1157=EDGE_LOOP('',(#4763,#4764,#4765,#4766));
#1158=EDGE_LOOP('',(#4767,#4768,#4769,#4770));
#1159=EDGE_LOOP('',(#4771,#4772,#4773,#4774));
#1160=EDGE_LOOP('',(#4775,#4776,#4777,#4778));
#1161=EDGE_LOOP('',(#4779,#4780,#4781,#4782,#4783,#4784));
#1162=EDGE_LOOP('',(#4785,#4786,#4787,#4788));
#1163=EDGE_LOOP('',(#4789,#4790,#4791,#4792));
#1164=EDGE_LOOP('',(#4793,#4794,#4795,#4796));
#1165=EDGE_LOOP('',(#4797,#4798,#4799,#4800));
#1166=EDGE_LOOP('',(#4801,#4802,#4803,#4804));
#1167=EDGE_LOOP('',(#4805,#4806,#4807,#4808));
#1168=EDGE_LOOP('',(#4809,#4810,#4811,#4812));
#1169=EDGE_LOOP('',(#4813,#4814,#4815,#4816));
#1170=EDGE_LOOP('',(#4817,#4818,#4819,#4820));
#1171=EDGE_LOOP('',(#4821,#4822,#4823,#4824));
#1172=EDGE_LOOP('',(#4825,#4826,#4827,#4828));
#1173=EDGE_LOOP('',(#4829,#4830,#4831,#4832));
#1174=EDGE_LOOP('',(#4833,#4834,#4835,#4836));
#1175=EDGE_LOOP('',(#4837,#4838,#4839,#4840));
#1176=EDGE_LOOP('',(#4841,#4842,#4843,#4844));
#1177=EDGE_LOOP('',(#4845,#4846,#4847,#4848));
#1178=EDGE_LOOP('',(#4849,#4850,#4851,#4852));
#1179=EDGE_LOOP('',(#4853,#4854,#4855,#4856));
#1180=EDGE_LOOP('',(#4857,#4858,#4859,#4860));
#1181=EDGE_LOOP('',(#4861,#4862,#4863,#4864));
#1182=EDGE_LOOP('',(#4865,#4866,#4867,#4868));
#1183=EDGE_LOOP('',(#4869,#4870,#4871,#4872));
#1184=EDGE_LOOP('',(#4873,#4874,#4875,#4876));
#1185=EDGE_LOOP('',(#4877,#4878,#4879,#4880));
#1186=EDGE_LOOP('',(#4881,#4882,#4883,#4884));
#1187=EDGE_LOOP('',(#4885,#4886,#4887,#4888));
#1188=EDGE_LOOP('',(#4889,#4890,#4891,#4892));
#1189=EDGE_LOOP('',(#4893,#4894,#4895,#4896));
#1190=EDGE_LOOP('',(#4897,#4898,#4899,#4900));
#1191=EDGE_LOOP('',(#4901,#4902,#4903,#4904));
#1192=EDGE_LOOP('',(#4905,#4906,#4907,#4908));
#1193=EDGE_LOOP('',(#4909,#4910,#4911,#4912));
#1194=EDGE_LOOP('',(#4913,#4914,#4915,#4916));
#1195=EDGE_LOOP('',(#4917,#4918,#4919,#4920));
#1196=EDGE_LOOP('',(#4921,#4922,#4923,#4924));
#1197=EDGE_LOOP('',(#4925,#4926,#4927,#4928));
#1198=EDGE_LOOP('',(#4929,#4930,#4931,#4932));
#1199=EDGE_LOOP('',(#4933,#4934,#4935,#4936));
#1200=EDGE_LOOP('',(#4937,#4938,#4939,#4940));
#1201=EDGE_LOOP('',(#4941,#4942,#4943,#4944));
#1202=EDGE_LOOP('',(#4945,#4946,#4947,#4948));
#1203=EDGE_LOOP('',(#4949,#4950,#4951,#4952));
#1204=EDGE_LOOP('',(#4953,#4954,#4955,#4956));
#1205=EDGE_LOOP('',(#4957,#4958,#4959,#4960));
#1206=EDGE_LOOP('',(#4961,#4962,#4963,#4964));
#1207=EDGE_LOOP('',(#4965,#4966,#4967,#4968));
#1208=EDGE_LOOP('',(#4969,#4970,#4971,#4972));
#1209=EDGE_LOOP('',(#4973,#4974,#4975,#4976));
#1210=EDGE_LOOP('',(#4977,#4978,#4979,#4980));
#1211=EDGE_LOOP('',(#4981,#4982,#4983,#4984));
#1212=EDGE_LOOP('',(#4985,#4986,#4987,#4988));
#1213=EDGE_LOOP('',(#4989,#4990,#4991,#4992));
#1214=EDGE_LOOP('',(#4993,#4994,#4995,#4996));
#1215=EDGE_LOOP('',(#4997,#4998,#4999,#5000));
#1216=EDGE_LOOP('',(#5001,#5002,#5003,#5004));
#1217=EDGE_LOOP('',(#5005,#5006,#5007,#5008));
#1218=EDGE_LOOP('',(#5009,#5010,#5011,#5012));
#1219=EDGE_LOOP('',(#5013,#5014,#5015,#5016));
#1220=EDGE_LOOP('',(#5017,#5018,#5019,#5020));
#1221=EDGE_LOOP('',(#5021,#5022,#5023,#5024));
#1222=EDGE_LOOP('',(#5025,#5026,#5027,#5028));
#1223=EDGE_LOOP('',(#5029,#5030,#5031,#5032));
#1224=EDGE_LOOP('',(#5033,#5034,#5035,#5036));
#1225=EDGE_LOOP('',(#5037,#5038,#5039,#5040));
#1226=EDGE_LOOP('',(#5041,#5042,#5043,#5044));
#1227=EDGE_LOOP('',(#5045,#5046,#5047,#5048,#5049,#5050,#5051,#5052,#5053,
#5054,#5055,#5056,#5057,#5058,#5059,#5060,#5061,#5062,#5063,#5064,#5065,
#5066,#5067,#5068,#5069,#5070,#5071,#5072,#5073,#5074,#5075,#5076,#5077,
#5078,#5079,#5080,#5081,#5082,#5083,#5084,#5085,#5086,#5087,#5088,#5089,
#5090,#5091,#5092,#5093,#5094,#5095,#5096,#5097,#5098,#5099,#5100,#5101,
#5102,#5103,#5104,#5105,#5106,#5107,#5108,#5109,#5110,#5111,#5112,#5113,
#5114,#5115,#5116,#5117,#5118,#5119,#5120,#5121,#5122,#5123,#5124,#5125,
#5126,#5127,#5128,#5129,#5130,#5131,#5132,#5133,#5134,#5135,#5136,#5137,
#5138));
#1228=EDGE_LOOP('',(#5139,#5140,#5141,#5142));
#1229=EDGE_LOOP('',(#5143,#5144,#5145,#5146));
#1230=EDGE_LOOP('',(#5147,#5148,#5149,#5150));
#1231=EDGE_LOOP('',(#5151,#5152,#5153,#5154));
#1232=EDGE_LOOP('',(#5155));
#1233=EDGE_LOOP('',(#5156,#5157,#5158,#5159));
#1234=EDGE_LOOP('',(#5160));
#1235=EDGE_LOOP('',(#5161,#5162,#5163,#5164));
#1236=EDGE_LOOP('',(#5165,#5166,#5167,#5168));
#1237=EDGE_LOOP('',(#5169,#5170,#5171,#5172,#5173,#5174,#5175,#5176,#5177,
#5178,#5179));
#1238=EDGE_LOOP('',(#5180,#5181,#5182,#5183,#5184,#5185,#5186,#5187,#5188,
#5189,#5190));
#1239=EDGE_LOOP('',(#5191,#5192,#5193,#5194));
#1240=LINE('',#7420,#1679);
#1241=LINE('',#7422,#1680);
#1242=LINE('',#7424,#1681);
#1243=LINE('',#7425,#1682);
#1244=LINE('',#7428,#1683);
#1245=LINE('',#7430,#1684);
#1246=LINE('',#7431,#1685);
#1247=LINE('',#7434,#1686);
#1248=LINE('',#7436,#1687);
#1249=LINE('',#7437,#1688);
#1250=LINE('',#7443,#1689);
#1251=LINE('',#7446,#1690);
#1252=LINE('',#7448,#1691);
#1253=LINE('',#7449,#1692);
#1254=LINE('',#7452,#1693);
#1255=LINE('',#7454,#1694);
#1256=LINE('',#7455,#1695);
#1257=LINE('',#7458,#1696);
#1258=LINE('',#7460,#1697);
#1259=LINE('',#7461,#1698);
#1260=LINE('',#7467,#1699);
#1261=LINE('',#7470,#1700);
#1262=LINE('',#7472,#1701);
#1263=LINE('',#7473,#1702);
#1264=LINE('',#7476,#1703);
#1265=LINE('',#7478,#1704);
#1266=LINE('',#7479,#1705);
#1267=LINE('',#7482,#1706);
#1268=LINE('',#7484,#1707);
#1269=LINE('',#7485,#1708);
#1270=LINE('',#7488,#1709);
#1271=LINE('',#7490,#1710);
#1272=LINE('',#7491,#1711);
#1273=LINE('',#7497,#1712);
#1274=LINE('',#7499,#1713);
#1275=LINE('',#7500,#1714);
#1276=LINE('',#7510,#1715);
#1277=LINE('',#7519,#1716);
#1278=LINE('',#7523,#1717);
#1279=LINE('',#7526,#1718);
#1280=LINE('',#7532,#1719);
#1281=LINE('',#7535,#1720);
#1282=LINE('',#7539,#1721);
#1283=LINE('',#7541,#1722);
#1284=LINE('',#7543,#1723);
#1285=LINE('',#7544,#1724);
#1286=LINE('',#7552,#1725);
#1287=LINE('',#7554,#1726);
#1288=LINE('',#7556,#1727);
#1289=LINE('',#7560,#1728);
#1290=LINE('',#7562,#1729);
#1291=LINE('',#7564,#1730);
#1292=LINE('',#7566,#1731);
#1293=LINE('',#7567,#1732);
#1294=LINE('',#7571,#1733);
#1295=LINE('',#7573,#1734);
#1296=LINE('',#7575,#1735);
#1297=LINE('',#7577,#1736);
#1298=LINE('',#7579,#1737);
#1299=LINE('',#7581,#1738);
#1300=LINE('',#7584,#1739);
#1301=LINE('',#7590,#1740);
#1302=LINE('',#7593,#1741);
#1303=LINE('',#7595,#1742);
#1304=LINE('',#7597,#1743);
#1305=LINE('',#7598,#1744);
#1306=LINE('',#7600,#1745);
#1307=LINE('',#7602,#1746);
#1308=LINE('',#7603,#1747);
#1309=LINE('',#7606,#1748);
#1310=LINE('',#7607,#1749);
#1311=LINE('',#7610,#1750);
#1312=LINE('',#7611,#1751);
#1313=LINE('',#7614,#1752);
#1314=LINE('',#7617,#1753);
#1315=LINE('',#7620,#1754);
#1316=LINE('',#7622,#1755);
#1317=LINE('',#7626,#1756);
#1318=LINE('',#7628,#1757);
#1319=LINE('',#7631,#1758);
#1320=LINE('',#7634,#1759);
#1321=LINE('',#7635,#1760);
#1322=LINE('',#7639,#1761);
#1323=LINE('',#7641,#1762);
#1324=LINE('',#7645,#1763);
#1325=LINE('',#7647,#1764);
#1326=LINE('',#7650,#1765);
#1327=LINE('',#7654,#1766);
#1328=LINE('',#7656,#1767);
#1329=LINE('',#7658,#1768);
#1330=LINE('',#7659,#1769);
#1331=LINE('',#7662,#1770);
#1332=LINE('',#7664,#1771);
#1333=LINE('',#7665,#1772);
#1334=LINE('',#7668,#1773);
#1335=LINE('',#7670,#1774);
#1336=LINE('',#7671,#1775);
#1337=LINE('',#7675,#1776);
#1338=LINE('',#7677,#1777);
#1339=LINE('',#7679,#1778);
#1340=LINE('',#7680,#1779);
#1341=LINE('',#7683,#1780);
#1342=LINE('',#7685,#1781);
#1343=LINE('',#7686,#1782);
#1344=LINE('',#7689,#1783);
#1345=LINE('',#7691,#1784);
#1346=LINE('',#7692,#1785);
#1347=LINE('',#7696,#1786);
#1348=LINE('',#7698,#1787);
#1349=LINE('',#7700,#1788);
#1350=LINE('',#7701,#1789);
#1351=LINE('',#7705,#1790);
#1352=LINE('',#7707,#1791);
#1353=LINE('',#7709,#1792);
#1354=LINE('',#7710,#1793);
#1355=LINE('',#7715,#1794);
#1356=LINE('',#7716,#1795);
#1357=LINE('',#7719,#1796);
#1358=LINE('',#7720,#1797);
#1359=LINE('',#7725,#1798);
#1360=LINE('',#7727,#1799);
#1361=LINE('',#7729,#1800);
#1362=LINE('',#7731,#1801);
#1363=LINE('',#7733,#1802);
#1364=LINE('',#7734,#1803);
#1365=LINE('',#7737,#1804);
#1366=LINE('',#7741,#1805);
#1367=LINE('',#7747,#1806);
#1368=LINE('',#7749,#1807);
#1369=LINE('',#7751,#1808);
#1370=LINE('',#7752,#1809);
#1371=LINE('',#7754,#1810);
#1372=LINE('',#7756,#1811);
#1373=LINE('',#7758,#1812);
#1374=LINE('',#7759,#1813);
#1375=LINE('',#7761,#1814);
#1376=LINE('',#7763,#1815);
#1377=LINE('',#7765,#1816);
#1378=LINE('',#7767,#1817);
#1379=LINE('',#7769,#1818);
#1380=LINE('',#7770,#1819);
#1381=LINE('',#7772,#1820);
#1382=LINE('',#7774,#1821);
#1383=LINE('',#7776,#1822);
#1384=LINE('',#7779,#1823);
#1385=LINE('',#7782,#1824);
#1386=LINE('',#7784,#1825);
#1387=LINE('',#7785,#1826);
#1388=LINE('',#7787,#1827);
#1389=LINE('',#7789,#1828);
#1390=LINE('',#7796,#1829);
#1391=LINE('',#7802,#1830);
#1392=LINE('',#7808,#1831);
#1393=LINE('',#7813,#1832);
#1394=LINE('',#7815,#1833);
#1395=LINE('',#7817,#1834);
#1396=LINE('',#7818,#1835);
#1397=LINE('',#7831,#1836);
#1398=LINE('',#7845,#1837);
#1399=LINE('',#7849,#1838);
#1400=LINE('',#7853,#1839);
#1401=LINE('',#7857,#1840);
#1402=LINE('',#7861,#1841);
#1403=LINE('',#7866,#1842);
#1404=LINE('',#7867,#1843);
#1405=LINE('',#7868,#1844);
#1406=LINE('',#7871,#1845);
#1407=LINE('',#7872,#1846);
#1408=LINE('',#7875,#1847);
#1409=LINE('',#7876,#1848);
#1410=LINE('',#7878,#1849);
#1411=LINE('',#7883,#1850);
#1412=LINE('',#7916,#1851);
#1413=LINE('',#8000,#1852);
#1414=LINE('',#8090,#1853);
#1415=LINE('',#8174,#1854);
#1416=LINE('',#8264,#1855);
#1417=LINE('',#8354,#1856);
#1418=LINE('',#8438,#1857);
#1419=LINE('',#8447,#1858);
#1420=LINE('',#8456,#1859);
#1421=LINE('',#8482,#1860);
#1422=LINE('',#8486,#1861);
#1423=LINE('',#8505,#1862);
#1424=LINE('',#8542,#1863);
#1425=LINE('',#8579,#1864);
#1426=LINE('',#8616,#1865);
#1427=LINE('',#8618,#1866);
#1428=LINE('',#8620,#1867);
#1429=LINE('',#8621,#1868);
#1430=LINE('',#8624,#1869);
#1431=LINE('',#8626,#1870);
#1432=LINE('',#8628,#1871);
#1433=LINE('',#8630,#1872);
#1434=LINE('',#8632,#1873);
#1435=LINE('',#8634,#1874);
#1436=LINE('',#8636,#1875);
#1437=LINE('',#8637,#1876);
#1438=LINE('',#8640,#1877);
#1439=LINE('',#8644,#1878);
#1440=LINE('',#8654,#1879);
#1441=LINE('',#8665,#1880);
#1442=LINE('',#8667,#1881);
#1443=LINE('',#8669,#1882);
#1444=LINE('',#8676,#1883);
#1445=LINE('',#8683,#1884);
#1446=LINE('',#8690,#1885);
#1447=LINE('',#8697,#1886);
#1448=LINE('',#8699,#1887);
#1449=LINE('',#8701,#1888);
#1450=LINE('',#8708,#1889);
#1451=LINE('',#8718,#1890);
#1452=LINE('',#8724,#1891);
#1453=LINE('',#8727,#1892);
#1454=LINE('',#8728,#1893);
#1455=LINE('',#8729,#1894);
#1456=LINE('',#8742,#1895);
#1457=LINE('',#8748,#1896);
#1458=LINE('',#8758,#1897);
#1459=LINE('',#8765,#1898);
#1460=LINE('',#8772,#1899);
#1461=LINE('',#8779,#1900);
#1462=LINE('',#8780,#1901);
#1463=LINE('',#8786,#1902);
#1464=LINE('',#8794,#1903);
#1465=LINE('',#8805,#1904);
#1466=LINE('',#8811,#1905);
#1467=LINE('',#8813,#1906);
#1468=LINE('',#8823,#1907);
#1469=LINE('',#8830,#1908);
#1470=LINE('',#8837,#1909);
#1471=LINE('',#8853,#1910);
#1472=LINE('',#8864,#1911);
#1473=LINE('',#8865,#1912);
#1474=LINE('',#8872,#1913);
#1475=LINE('',#10286,#1914);
#1476=LINE('',#10289,#1915);
#1477=LINE('',#10294,#1916);
#1478=LINE('',#10300,#1917);
#1479=LINE('',#10304,#1918);
#1480=LINE('',#10306,#1919);
#1481=LINE('',#10308,#1920);
#1482=LINE('',#10310,#1921);
#1483=LINE('',#10311,#1922);
#1484=LINE('',#10313,#1923);
#1485=LINE('',#10315,#1924);
#1486=LINE('',#10316,#1925);
#1487=LINE('',#10317,#1926);
#1488=LINE('',#10327,#1927);
#1489=LINE('',#10332,#1928);
#1490=LINE('',#10333,#1929);
#1491=LINE('',#10334,#1930);
#1492=LINE('',#10345,#1931);
#1493=LINE('',#10347,#1932);
#1494=LINE('',#10348,#1933);
#1495=LINE('',#10351,#1934);
#1496=LINE('',#10362,#1935);
#1497=LINE('',#10366,#1936);
#1498=LINE('',#10367,#1937);
#1499=LINE('',#10375,#1938);
#1500=LINE('',#10378,#1939);
#1501=LINE('',#10379,#1940);
#1502=LINE('',#10381,#1941);
#1503=LINE('',#10383,#1942);
#1504=LINE('',#10384,#1943);
#1505=LINE('',#10386,#1944);
#1506=LINE('',#10387,#1945);
#1507=LINE('',#10390,#1946);
#1508=LINE('',#10392,#1947);
#1509=LINE('',#10394,#1948);
#1510=LINE('',#10396,#1949);
#1511=LINE('',#10398,#1950);
#1512=LINE('',#10399,#1951);
#1513=LINE('',#10401,#1952);
#1514=LINE('',#10404,#1953);
#1515=LINE('',#10406,#1954);
#1516=LINE('',#10407,#1955);
#1517=LINE('',#10411,#1956);
#1518=LINE('',#10412,#1957);
#1519=LINE('',#10413,#1958);
#1520=LINE('',#10416,#1959);
#1521=LINE('',#10419,#1960);
#1522=LINE('',#10421,#1961);
#1523=LINE('',#10423,#1962);
#1524=LINE('',#10424,#1963);
#1525=LINE('',#10430,#1964);
#1526=LINE('',#10435,#1965);
#1527=LINE('',#10436,#1966);
#1528=LINE('',#10437,#1967);
#1529=LINE('',#10442,#1968);
#1530=LINE('',#10444,#1969);
#1531=LINE('',#10445,#1970);
#1532=LINE('',#10447,#1971);
#1533=LINE('',#10448,#1972);
#1534=LINE('',#10451,#1973);
#1535=LINE('',#10452,#1974);
#1536=LINE('',#10455,#1975);
#1537=LINE('',#10456,#1976);
#1538=LINE('',#10459,#1977);
#1539=LINE('',#10460,#1978);
#1540=LINE('',#10462,#1979);
#1541=LINE('',#10467,#1980);
#1542=LINE('',#10471,#1981);
#1543=LINE('',#10475,#1982);
#1544=LINE('',#10476,#1983);
#1545=LINE('',#10478,#1984);
#1546=LINE('',#10485,#1985);
#1547=LINE('',#10492,#1986);
#1548=LINE('',#10500,#1987);
#1549=LINE('',#10507,#1988);
#1550=LINE('',#10515,#1989);
#1551=LINE('',#10521,#1990);
#1552=LINE('',#10529,#1991);
#1553=LINE('',#10532,#1992);
#1554=LINE('',#10535,#1993);
#1555=LINE('',#10537,#1994);
#1556=LINE('',#10538,#1995);
#1557=LINE('',#10544,#1996);
#1558=LINE('',#10547,#1997);
#1559=LINE('',#10549,#1998);
#1560=LINE('',#10550,#1999);
#1561=LINE('',#10556,#2000);
#1562=LINE('',#10559,#2001);
#1563=LINE('',#10561,#2002);
#1564=LINE('',#10562,#2003);
#1565=LINE('',#10568,#2004);
#1566=LINE('',#10570,#2005);
#1567=LINE('',#10571,#2006);
#1568=LINE('',#10575,#2007);
#1569=LINE('',#10577,#2008);
#1570=LINE('',#10579,#2009);
#1571=LINE('',#10580,#2010);
#1572=LINE('',#10583,#2011);
#1573=LINE('',#10585,#2012);
#1574=LINE('',#10586,#2013);
#1575=LINE('',#10589,#2014);
#1576=LINE('',#10590,#2015);
#1577=LINE('',#10593,#2016);
#1578=LINE('',#10594,#2017);
#1579=LINE('',#10596,#2018);
#1580=LINE('',#10602,#2019);
#1581=LINE('',#10671,#2020);
#1582=LINE('',#10758,#2021);
#1583=LINE('',#10815,#2022);
#1584=LINE('',#10831,#2023);
#1585=LINE('',#10869,#2024);
#1586=LINE('',#10905,#2025);
#1587=LINE('',#10936,#2026);
#1588=LINE('',#10948,#2027);
#1589=LINE('',#10962,#2028);
#1590=LINE('',#10977,#2029);
#1591=LINE('',#11679,#2030);
#1592=LINE('',#11682,#2031);
#1593=LINE('',#11694,#2032);
#1594=LINE('',#11709,#2033);
#1595=LINE('',#11712,#2034);
#1596=LINE('',#11724,#2035);
#1597=LINE('',#11739,#2036);
#1598=LINE('',#11742,#2037);
#1599=LINE('',#11754,#2038);
#1600=LINE('',#11769,#2039);
#1601=LINE('',#11772,#2040);
#1602=LINE('',#11784,#2041);
#1603=LINE('',#11799,#2042);
#1604=LINE('',#11802,#2043);
#1605=LINE('',#11814,#2044);
#1606=LINE('',#11829,#2045);
#1607=LINE('',#11832,#2046);
#1608=LINE('',#11844,#2047);
#1609=LINE('',#11861,#2048);
#1610=LINE('',#11864,#2049);
#1611=LINE('',#11876,#2050);
#1612=LINE('',#11891,#2051);
#1613=LINE('',#11894,#2052);
#1614=LINE('',#11906,#2053);
#1615=LINE('',#11921,#2054);
#1616=LINE('',#11924,#2055);
#1617=LINE('',#11936,#2056);
#1618=LINE('',#11951,#2057);
#1619=LINE('',#11954,#2058);
#1620=LINE('',#11966,#2059);
#1621=LINE('',#11981,#2060);
#1622=LINE('',#11984,#2061);
#1623=LINE('',#11996,#2062);
#1624=LINE('',#12011,#2063);
#1625=LINE('',#12014,#2064);
#1626=LINE('',#12026,#2065);
#1627=LINE('',#12041,#2066);
#1628=LINE('',#12044,#2067);
#1629=LINE('',#12056,#2068);
#1630=LINE('',#12071,#2069);
#1631=LINE('',#12074,#2070);
#1632=LINE('',#12086,#2071);
#1633=LINE('',#12101,#2072);
#1634=LINE('',#12104,#2073);
#1635=LINE('',#12116,#2074);
#1636=LINE('',#12131,#2075);
#1637=LINE('',#12134,#2076);
#1638=LINE('',#12146,#2077);
#1639=LINE('',#12161,#2078);
#1640=LINE('',#12164,#2079);
#1641=LINE('',#12176,#2080);
#1642=LINE('',#12191,#2081);
#1643=LINE('',#12194,#2082);
#1644=LINE('',#12206,#2083);
#1645=LINE('',#12221,#2084);
#1646=LINE('',#12224,#2085);
#1647=LINE('',#12236,#2086);
#1648=LINE('',#12251,#2087);
#1649=LINE('',#12254,#2088);
#1650=LINE('',#12266,#2089);
#1651=LINE('',#12281,#2090);
#1652=LINE('',#12284,#2091);
#1653=LINE('',#12296,#2092);
#1654=LINE('',#12311,#2093);
#1655=LINE('',#12314,#2094);
#1656=LINE('',#12326,#2095);
#1657=LINE('',#12341,#2096);
#1658=LINE('',#12344,#2097);
#1659=LINE('',#12356,#2098);
#1660=LINE('',#12371,#2099);
#1661=LINE('',#12374,#2100);
#1662=LINE('',#12386,#2101);
#1663=LINE('',#12401,#2102);
#1664=LINE('',#12404,#2103);
#1665=LINE('',#12416,#2104);
#1666=LINE('',#12431,#2105);
#1667=LINE('',#12434,#2106);
#1668=LINE('',#12446,#2107);
#1669=LINE('',#12461,#2108);
#1670=LINE('',#12464,#2109);
#1671=LINE('',#12476,#2110);
#1672=LINE('',#12491,#2111);
#1673=LINE('',#12494,#2112);
#1674=LINE('',#12506,#2113);
#1675=LINE('',#12545,#2114);
#1676=LINE('',#12548,#2115);
#1677=LINE('',#12550,#2116);
#1678=LINE('',#12552,#2117);
#1679=VECTOR('',#6069,10.);
#1680=VECTOR('',#6070,10.);
#1681=VECTOR('',#6071,10.);
#1682=VECTOR('',#6072,10.);
#1683=VECTOR('',#6075,10.);
#1684=VECTOR('',#6076,10.);
#1685=VECTOR('',#6077,10.);
#1686=VECTOR('',#6080,10.);
#1687=VECTOR('',#6081,10.);
#1688=VECTOR('',#6082,10.);
#1689=VECTOR('',#6089,10.);
#1690=VECTOR('',#6092,10.);
#1691=VECTOR('',#6093,10.);
#1692=VECTOR('',#6094,10.);
#1693=VECTOR('',#6097,10.);
#1694=VECTOR('',#6098,10.);
#1695=VECTOR('',#6099,10.);
#1696=VECTOR('',#6102,10.);
#1697=VECTOR('',#6103,10.);
#1698=VECTOR('',#6104,10.);
#1699=VECTOR('',#6111,10.);
#1700=VECTOR('',#6114,10.);
#1701=VECTOR('',#6115,10.);
#1702=VECTOR('',#6116,10.);
#1703=VECTOR('',#6119,10.);
#1704=VECTOR('',#6120,10.);
#1705=VECTOR('',#6121,10.);
#1706=VECTOR('',#6124,10.);
#1707=VECTOR('',#6125,10.);
#1708=VECTOR('',#6126,10.);
#1709=VECTOR('',#6129,10.);
#1710=VECTOR('',#6130,10.);
#1711=VECTOR('',#6131,10.);
#1712=VECTOR('',#6138,10.);
#1713=VECTOR('',#6141,10.);
#1714=VECTOR('',#6142,10.);
#1715=VECTOR('',#6153,10.);
#1716=VECTOR('',#6162,10.);
#1717=VECTOR('',#6167,10.);
#1718=VECTOR('',#6170,10.);
#1719=VECTOR('',#6175,10.);
#1720=VECTOR('',#6178,10.);
#1721=VECTOR('',#6181,10.);
#1722=VECTOR('',#6182,10.);
#1723=VECTOR('',#6183,10.);
#1724=VECTOR('',#6184,10.);
#1725=VECTOR('',#6191,10.);
#1726=VECTOR('',#6192,10.);
#1727=VECTOR('',#6193,10.);
#1728=VECTOR('',#6196,10.);
#1729=VECTOR('',#6197,10.);
#1730=VECTOR('',#6198,10.);
#1731=VECTOR('',#6199,10.);
#1732=VECTOR('',#6200,10.);
#1733=VECTOR('',#6203,10.);
#1734=VECTOR('',#6204,10.);
#1735=VECTOR('',#6205,10.);
#1736=VECTOR('',#6206,10.);
#1737=VECTOR('',#6207,10.);
#1738=VECTOR('',#6208,10.);
#1739=VECTOR('',#6211,10.);
#1740=VECTOR('',#6216,10.);
#1741=VECTOR('',#6219,10.);
#1742=VECTOR('',#6222,10.);
#1743=VECTOR('',#6223,10.);
#1744=VECTOR('',#6224,10.);
#1745=VECTOR('',#6227,10.);
#1746=VECTOR('',#6228,10.);
#1747=VECTOR('',#6229,10.);
#1748=VECTOR('',#6232,10.);
#1749=VECTOR('',#6233,10.);
#1750=VECTOR('',#6236,10.);
#1751=VECTOR('',#6237,10.);
#1752=VECTOR('',#6240,10.);
#1753=VECTOR('',#6243,10.);
#1754=VECTOR('',#6246,10.);
#1755=VECTOR('',#6247,10.);
#1756=VECTOR('',#6252,10.);
#1757=VECTOR('',#6253,10.);
#1758=VECTOR('',#6258,10.);
#1759=VECTOR('',#6261,10.);
#1760=VECTOR('',#6262,10.);
#1761=VECTOR('',#6267,10.);
#1762=VECTOR('',#6268,10.);
#1763=VECTOR('',#6271,10.);
#1764=VECTOR('',#6272,10.);
#1765=VECTOR('',#6277,10.);
#1766=VECTOR('',#6280,10.);
#1767=VECTOR('',#6281,10.);
#1768=VECTOR('',#6282,10.);
#1769=VECTOR('',#6283,10.);
#1770=VECTOR('',#6286,10.);
#1771=VECTOR('',#6287,10.);
#1772=VECTOR('',#6288,10.);
#1773=VECTOR('',#6291,10.);
#1774=VECTOR('',#6292,10.);
#1775=VECTOR('',#6293,10.);
#1776=VECTOR('',#6296,10.);
#1777=VECTOR('',#6297,10.);
#1778=VECTOR('',#6298,10.);
#1779=VECTOR('',#6299,10.);
#1780=VECTOR('',#6302,10.);
#1781=VECTOR('',#6303,10.);
#1782=VECTOR('',#6304,10.);
#1783=VECTOR('',#6307,10.);
#1784=VECTOR('',#6308,10.);
#1785=VECTOR('',#6309,10.);
#1786=VECTOR('',#6312,10.);
#1787=VECTOR('',#6313,10.);
#1788=VECTOR('',#6314,10.);
#1789=VECTOR('',#6315,10.);
#1790=VECTOR('',#6318,10.);
#1791=VECTOR('',#6319,10.);
#1792=VECTOR('',#6320,10.);
#1793=VECTOR('',#6321,10.);
#1794=VECTOR('',#6326,10.);
#1795=VECTOR('',#6327,10.);
#1796=VECTOR('',#6330,10.);
#1797=VECTOR('',#6331,10.);
#1798=VECTOR('',#6336,10.);
#1799=VECTOR('',#6337,10.);
#1800=VECTOR('',#6338,10.);
#1801=VECTOR('',#6339,10.);
#1802=VECTOR('',#6340,10.);
#1803=VECTOR('',#6341,10.);
#1804=VECTOR('',#6344,10.);
#1805=VECTOR('',#6349,10.);
#1806=VECTOR('',#6356,10.);
#1807=VECTOR('',#6357,10.);
#1808=VECTOR('',#6358,10.);
#1809=VECTOR('',#6359,10.);
#1810=VECTOR('',#6362,1.49999999999993);
#1811=VECTOR('',#6365,1.49999999999999);
#1812=VECTOR('',#6368,10.);
#1813=VECTOR('',#6369,10.);
#1814=VECTOR('',#6372,10.);
#1815=VECTOR('',#6375,10.);
#1816=VECTOR('',#6378,10.);
#1817=VECTOR('',#6381,10.);
#1818=VECTOR('',#6384,10.);
#1819=VECTOR('',#6385,10.);
#1820=VECTOR('',#6388,10.);
#1821=VECTOR('',#6391,10.);
#1822=VECTOR('',#6394,10.);
#1823=VECTOR('',#6399,10.);
#1824=VECTOR('',#6404,1.49999999999994);
#1825=VECTOR('',#6407,10.);
#1826=VECTOR('',#6408,10.);
#1827=VECTOR('',#6411,10.);
#1828=VECTOR('',#6414,10.);
#1829=VECTOR('',#6423,1.5);
#1830=VECTOR('',#6430,1.5);
#1831=VECTOR('',#6437,2.09999999999993);
#1832=VECTOR('',#6442,10.);
#1833=VECTOR('',#6443,10.);
#1834=VECTOR('',#6444,10.);
#1835=VECTOR('',#6445,10.);
#1836=VECTOR('',#6458,1.49999999999993);
#1837=VECTOR('',#6463,2.09999999999999);
#1838=VECTOR('',#6468,6.8);
#1839=VECTOR('',#6473,1.49999999999999);
#1840=VECTOR('',#6478,2.09999999999994);
#1841=VECTOR('',#6483,1.49999999999994);
#1842=VECTOR('',#6488,10.);
#1843=VECTOR('',#6489,10.);
#1844=VECTOR('',#6490,10.);
#1845=VECTOR('',#6493,10.);
#1846=VECTOR('',#6494,10.);
#1847=VECTOR('',#6497,10.);
#1848=VECTOR('',#6498,10.);
#1849=VECTOR('',#6501,10.);
#1850=VECTOR('',#6506,9.25);
#1851=VECTOR('',#6511,9.25);
#1852=VECTOR('',#6514,9.25);
#1853=VECTOR('',#6517,9.25);
#1854=VECTOR('',#6520,9.25);
#1855=VECTOR('',#6523,9.25);
#1856=VECTOR('',#6526,9.25);
#1857=VECTOR('',#6529,9.0685);
#1858=VECTOR('',#6530,10.);
#1859=VECTOR('',#6533,9.0685);
#1860=VECTOR('',#6534,10.);
#1861=VECTOR('',#6537,10.);
#1862=VECTOR('',#6540,9.0685);
#1863=VECTOR('',#6543,9.0685);
#1864=VECTOR('',#6546,9.0685);
#1865=VECTOR('',#6549,10.);
#1866=VECTOR('',#6550,10.);
#1867=VECTOR('',#6551,10.);
#1868=VECTOR('',#6552,10.);
#1869=VECTOR('',#6555,10.);
#1870=VECTOR('',#6556,10.);
#1871=VECTOR('',#6557,10.);
#1872=VECTOR('',#6558,10.);
#1873=VECTOR('',#6559,10.);
#1874=VECTOR('',#6560,10.);
#1875=VECTOR('',#6561,10.);
#1876=VECTOR('',#6562,10.);
#1877=VECTOR('',#6565,10.);
#1878=VECTOR('',#6568,10.);
#1879=VECTOR('',#6579,1.8);
#1880=VECTOR('',#6586,10.);
#1881=VECTOR('',#6587,10.);
#1882=VECTOR('',#6588,10.);
#1883=VECTOR('',#6589,10.);
#1884=VECTOR('',#6590,10.);
#1885=VECTOR('',#6591,10.);
#1886=VECTOR('',#6592,10.);
#1887=VECTOR('',#6593,10.);
#1888=VECTOR('',#6594,10.);
#1889=VECTOR('',#6595,10.);
#1890=VECTOR('',#6596,10.);
#1891=VECTOR('',#6597,10.);
#1892=VECTOR('',#6600,10.);
#1893=VECTOR('',#6601,10.);
#1894=VECTOR('',#6602,10.);
#1895=VECTOR('',#6605,10.);
#1896=VECTOR('',#6606,10.);
#1897=VECTOR('',#6607,10.);
#1898=VECTOR('',#6608,10.);
#1899=VECTOR('',#6609,10.);
#1900=VECTOR('',#6610,10.);
#1901=VECTOR('',#6611,10.);
#1902=VECTOR('',#6612,10.);
#1903=VECTOR('',#6615,10.);
#1904=VECTOR('',#6616,10.);
#1905=VECTOR('',#6617,10.);
#1906=VECTOR('',#6618,10.);
#1907=VECTOR('',#6619,10.);
#1908=VECTOR('',#6620,10.);
#1909=VECTOR('',#6621,10.);
#1910=VECTOR('',#6624,10.);
#1911=VECTOR('',#6625,10.);
#1912=VECTOR('',#6626,10.);
#1913=VECTOR('',#6627,10.);
#1914=VECTOR('',#6662,10.);
#1915=VECTOR('',#6665,10.);
#1916=VECTOR('',#6670,10.);
#1917=VECTOR('',#6677,10.);
#1918=VECTOR('',#6682,10.);
#1919=VECTOR('',#6683,10.);
#1920=VECTOR('',#6684,10.);
#1921=VECTOR('',#6685,10.);
#1922=VECTOR('',#6686,10.);
#1923=VECTOR('',#6687,10.);
#1924=VECTOR('',#6688,10.);
#1925=VECTOR('',#6689,10.);
#1926=VECTOR('',#6690,10.);
#1927=VECTOR('',#6695,10.);
#1928=VECTOR('',#6700,10.);
#1929=VECTOR('',#6701,10.);
#1930=VECTOR('',#6702,10.);
#1931=VECTOR('',#6711,10.);
#1932=VECTOR('',#6712,10.);
#1933=VECTOR('',#6713,10.);
#1934=VECTOR('',#6716,10.);
#1935=VECTOR('',#6723,10.);
#1936=VECTOR('',#6728,10.);
#1937=VECTOR('',#6729,10.);
#1938=VECTOR('',#6736,10.);
#1939=VECTOR('',#6739,10.);
#1940=VECTOR('',#6740,10.);
#1941=VECTOR('',#6741,10.);
#1942=VECTOR('',#6742,10.);
#1943=VECTOR('',#6743,10.);
#1944=VECTOR('',#6744,10.);
#1945=VECTOR('',#6745,10.);
#1946=VECTOR('',#6748,10.);
#1947=VECTOR('',#6749,10.);
#1948=VECTOR('',#6750,10.);
#1949=VECTOR('',#6751,10.);
#1950=VECTOR('',#6752,10.);
#1951=VECTOR('',#6753,10.);
#1952=VECTOR('',#6756,10.);
#1953=VECTOR('',#6759,10.);
#1954=VECTOR('',#6760,10.);
#1955=VECTOR('',#6761,10.);
#1956=VECTOR('',#6764,10.);
#1957=VECTOR('',#6765,10.);
#1958=VECTOR('',#6766,10.);
#1959=VECTOR('',#6771,10.);
#1960=VECTOR('',#6774,10.);
#1961=VECTOR('',#6775,10.);
#1962=VECTOR('',#6776,10.);
#1963=VECTOR('',#6777,10.);
#1964=VECTOR('',#6784,1.375);
#1965=VECTOR('',#6789,10.);
#1966=VECTOR('',#6790,10.);
#1967=VECTOR('',#6791,10.);
#1968=VECTOR('',#6798,10.);
#1969=VECTOR('',#6799,10.);
#1970=VECTOR('',#6800,10.);
#1971=VECTOR('',#6803,10.);
#1972=VECTOR('',#6804,10.);
#1973=VECTOR('',#6807,10.);
#1974=VECTOR('',#6808,10.);
#1975=VECTOR('',#6811,10.);
#1976=VECTOR('',#6812,10.);
#1977=VECTOR('',#6815,10.);
#1978=VECTOR('',#6816,10.);
#1979=VECTOR('',#6819,10.);
#1980=VECTOR('',#6826,1.375);
#1981=VECTOR('',#6831,1.375);
#1982=VECTOR('',#6836,10.);
#1983=VECTOR('',#6837,10.);
#1984=VECTOR('',#6840,10.);
#1985=VECTOR('',#6849,1.5);
#1986=VECTOR('',#6858,2.5);
#1987=VECTOR('',#6869,1.5);
#1988=VECTOR('',#6878,2.5);
#1989=VECTOR('',#6889,2.25);
#1990=VECTOR('',#6896,4.);
#1991=VECTOR('',#6905,10.);
#1992=VECTOR('',#6908,10.);
#1993=VECTOR('',#6911,10.);
#1994=VECTOR('',#6912,10.);
#1995=VECTOR('',#6913,10.);
#1996=VECTOR('',#6918,10.);
#1997=VECTOR('',#6921,10.);
#1998=VECTOR('',#6924,10.);
#1999=VECTOR('',#6925,10.);
#2000=VECTOR('',#6930,10.);
#2001=VECTOR('',#6933,10.);
#2002=VECTOR('',#6936,10.);
#2003=VECTOR('',#6937,10.);
#2004=VECTOR('',#6944,10.);
#2005=VECTOR('',#6947,10.);
#2006=VECTOR('',#6948,10.);
#2007=VECTOR('',#6951,10.);
#2008=VECTOR('',#6952,10.);
#2009=VECTOR('',#6953,10.);
#2010=VECTOR('',#6954,10.);
#2011=VECTOR('',#6957,10.);
#2012=VECTOR('',#6958,10.);
#2013=VECTOR('',#6959,10.);
#2014=VECTOR('',#6962,10.);
#2015=VECTOR('',#6963,10.);
#2016=VECTOR('',#6966,10.);
#2017=VECTOR('',#6967,10.);
#2018=VECTOR('',#6970,10.);
#2019=VECTOR('',#6977,9.25);
#2020=VECTOR('',#6982,9.25);
#2021=VECTOR('',#6985,9.25);
#2022=VECTOR('',#6990,10.1015);
#2023=VECTOR('',#6995,10.1015);
#2024=VECTOR('',#6998,10.1015);
#2025=VECTOR('',#7001,10.1015);
#2026=VECTOR('',#7006,10.);
#2027=VECTOR('',#7007,10.);
#2028=VECTOR('',#7010,10.);
#2029=VECTOR('',#7015,14.5);
#2030=VECTOR('',#7082,10.);
#2031=VECTOR('',#7085,10.);
#2032=VECTOR('',#7086,10.);
#2033=VECTOR('',#7093,10.);
#2034=VECTOR('',#7096,10.);
#2035=VECTOR('',#7097,10.);
#2036=VECTOR('',#7104,10.);
#2037=VECTOR('',#7107,10.);
#2038=VECTOR('',#7108,10.);
#2039=VECTOR('',#7115,10.);
#2040=VECTOR('',#7118,10.);
#2041=VECTOR('',#7119,10.);
#2042=VECTOR('',#7126,10.);
#2043=VECTOR('',#7129,10.);
#2044=VECTOR('',#7130,10.);
#2045=VECTOR('',#7137,10.);
#2046=VECTOR('',#7140,10.);
#2047=VECTOR('',#7141,10.);
#2048=VECTOR('',#7150,10.);
#2049=VECTOR('',#7153,10.);
#2050=VECTOR('',#7154,10.);
#2051=VECTOR('',#7161,10.);
#2052=VECTOR('',#7164,10.);
#2053=VECTOR('',#7165,10.);
#2054=VECTOR('',#7172,10.);
#2055=VECTOR('',#7175,10.);
#2056=VECTOR('',#7176,10.);
#2057=VECTOR('',#7183,10.);
#2058=VECTOR('',#7186,10.);
#2059=VECTOR('',#7187,10.);
#2060=VECTOR('',#7194,10.);
#2061=VECTOR('',#7197,10.);
#2062=VECTOR('',#7198,10.);
#2063=VECTOR('',#7205,10.);
#2064=VECTOR('',#7208,10.);
#2065=VECTOR('',#7209,10.);
#2066=VECTOR('',#7216,10.);
#2067=VECTOR('',#7219,10.);
#2068=VECTOR('',#7220,10.);
#2069=VECTOR('',#7227,10.);
#2070=VECTOR('',#7230,10.);
#2071=VECTOR('',#7231,10.);
#2072=VECTOR('',#7238,10.);
#2073=VECTOR('',#7241,10.);
#2074=VECTOR('',#7242,10.);
#2075=VECTOR('',#7249,10.);
#2076=VECTOR('',#7252,10.);
#2077=VECTOR('',#7253,10.);
#2078=VECTOR('',#7260,10.);
#2079=VECTOR('',#7263,10.);
#2080=VECTOR('',#7264,10.);
#2081=VECTOR('',#7271,10.);
#2082=VECTOR('',#7274,10.);
#2083=VECTOR('',#7275,10.);
#2084=VECTOR('',#7282,10.);
#2085=VECTOR('',#7285,10.);
#2086=VECTOR('',#7286,10.);
#2087=VECTOR('',#7293,10.);
#2088=VECTOR('',#7296,10.);
#2089=VECTOR('',#7297,10.);
#2090=VECTOR('',#7304,10.);
#2091=VECTOR('',#7307,10.);
#2092=VECTOR('',#7308,10.);
#2093=VECTOR('',#7315,10.);
#2094=VECTOR('',#7318,10.);
#2095=VECTOR('',#7319,10.);
#2096=VECTOR('',#7326,10.);
#2097=VECTOR('',#7329,10.);
#2098=VECTOR('',#7330,10.);
#2099=VECTOR('',#7337,10.);
#2100=VECTOR('',#7340,10.);
#2101=VECTOR('',#7341,10.);
#2102=VECTOR('',#7348,10.);
#2103=VECTOR('',#7351,10.);
#2104=VECTOR('',#7352,10.);
#2105=VECTOR('',#7359,10.);
#2106=VECTOR('',#7362,10.);
#2107=VECTOR('',#7363,10.);
#2108=VECTOR('',#7370,10.);
#2109=VECTOR('',#7373,10.);
#2110=VECTOR('',#7374,10.);
#2111=VECTOR('',#7381,10.);
#2112=VECTOR('',#7384,10.);
#2113=VECTOR('',#7385,10.);
#2114=VECTOR('',#7394,14.5);
#2115=VECTOR('',#7399,10.);
#2116=VECTOR('',#7402,10.);
#2117=VECTOR('',#7405,10.);
#2118=VERTEX_POINT('',#7418);
#2119=VERTEX_POINT('',#7419);
#2120=VERTEX_POINT('',#7421);
#2121=VERTEX_POINT('',#7423);
#2122=VERTEX_POINT('',#7427);
#2123=VERTEX_POINT('',#7429);
#2124=VERTEX_POINT('',#7433);
#2125=VERTEX_POINT('',#7435);
#2126=VERTEX_POINT('',#7439);
#2127=VERTEX_POINT('',#7441);
#2128=VERTEX_POINT('',#7445);
#2129=VERTEX_POINT('',#7447);
#2130=VERTEX_POINT('',#7451);
#2131=VERTEX_POINT('',#7453);
#2132=VERTEX_POINT('',#7457);
#2133=VERTEX_POINT('',#7459);
#2134=VERTEX_POINT('',#7463);
#2135=VERTEX_POINT('',#7465);
#2136=VERTEX_POINT('',#7469);
#2137=VERTEX_POINT('',#7471);
#2138=VERTEX_POINT('',#7475);
#2139=VERTEX_POINT('',#7477);
#2140=VERTEX_POINT('',#7481);
#2141=VERTEX_POINT('',#7483);
#2142=VERTEX_POINT('',#7487);
#2143=VERTEX_POINT('',#7489);
#2144=VERTEX_POINT('',#7493);
#2145=VERTEX_POINT('',#7495);
#2146=VERTEX_POINT('',#7504);
#2147=VERTEX_POINT('',#7505);
#2148=VERTEX_POINT('',#7507);
#2149=VERTEX_POINT('',#7509);
#2150=VERTEX_POINT('',#7513);
#2151=VERTEX_POINT('',#7514);
#2152=VERTEX_POINT('',#7516);
#2153=VERTEX_POINT('',#7518);
#2154=VERTEX_POINT('',#7522);
#2155=VERTEX_POINT('',#7524);
#2156=VERTEX_POINT('',#7528);
#2157=VERTEX_POINT('',#7529);
#2158=VERTEX_POINT('',#7531);
#2159=VERTEX_POINT('',#7533);
#2160=VERTEX_POINT('',#7537);
#2161=VERTEX_POINT('',#7538);
#2162=VERTEX_POINT('',#7540);
#2163=VERTEX_POINT('',#7542);
#2164=VERTEX_POINT('',#7545);
#2165=VERTEX_POINT('',#7547);
#2166=VERTEX_POINT('',#7549);
#2167=VERTEX_POINT('',#7551);
#2168=VERTEX_POINT('',#7553);
#2169=VERTEX_POINT('',#7555);
#2170=VERTEX_POINT('',#7557);
#2171=VERTEX_POINT('',#7559);
#2172=VERTEX_POINT('',#7561);
#2173=VERTEX_POINT('',#7563);
#2174=VERTEX_POINT('',#7565);
#2175=VERTEX_POINT('',#7568);
#2176=VERTEX_POINT('',#7570);
#2177=VERTEX_POINT('',#7572);
#2178=VERTEX_POINT('',#7574);
#2179=VERTEX_POINT('',#7576);
#2180=VERTEX_POINT('',#7578);
#2181=VERTEX_POINT('',#7580);
#2182=VERTEX_POINT('',#7582);
#2183=VERTEX_POINT('',#7586);
#2184=VERTEX_POINT('',#7587);
#2185=VERTEX_POINT('',#7589);
#2186=VERTEX_POINT('',#7591);
#2187=VERTEX_POINT('',#7596);
#2188=VERTEX_POINT('',#7601);
#2189=VERTEX_POINT('',#7605);
#2190=VERTEX_POINT('',#7609);
#2191=VERTEX_POINT('',#7613);
#2192=VERTEX_POINT('',#7615);
#2193=VERTEX_POINT('',#7619);
#2194=VERTEX_POINT('',#7621);
#2195=VERTEX_POINT('',#7625);
#2196=VERTEX_POINT('',#7627);
#2197=VERTEX_POINT('',#7633);
#2198=VERTEX_POINT('',#7638);
#2199=VERTEX_POINT('',#7640);
#2200=VERTEX_POINT('',#7642);
#2201=VERTEX_POINT('',#7644);
#2202=VERTEX_POINT('',#7646);
#2203=VERTEX_POINT('',#7652);
#2204=VERTEX_POINT('',#7653);
#2205=VERTEX_POINT('',#7655);
#2206=VERTEX_POINT('',#7657);
#2207=VERTEX_POINT('',#7661);
#2208=VERTEX_POINT('',#7663);
#2209=VERTEX_POINT('',#7667);
#2210=VERTEX_POINT('',#7669);
#2211=VERTEX_POINT('',#7673);
#2212=VERTEX_POINT('',#7674);
#2213=VERTEX_POINT('',#7676);
#2214=VERTEX_POINT('',#7678);
#2215=VERTEX_POINT('',#7682);
#2216=VERTEX_POINT('',#7684);
#2217=VERTEX_POINT('',#7688);
#2218=VERTEX_POINT('',#7690);
#2219=VERTEX_POINT('',#7694);
#2220=VERTEX_POINT('',#7695);
#2221=VERTEX_POINT('',#7697);
#2222=VERTEX_POINT('',#7699);
#2223=VERTEX_POINT('',#7703);
#2224=VERTEX_POINT('',#7704);
#2225=VERTEX_POINT('',#7706);
#2226=VERTEX_POINT('',#7708);
#2227=VERTEX_POINT('',#7711);
#2228=VERTEX_POINT('',#7714);
#2229=VERTEX_POINT('',#7718);
#2230=VERTEX_POINT('',#7723);
#2231=VERTEX_POINT('',#7724);
#2232=VERTEX_POINT('',#7726);
#2233=VERTEX_POINT('',#7728);
#2234=VERTEX_POINT('',#7730);
#2235=VERTEX_POINT('',#7732);
#2236=VERTEX_POINT('',#7736);
#2237=VERTEX_POINT('',#7739);
#2238=VERTEX_POINT('',#7745);
#2239=VERTEX_POINT('',#7746);
#2240=VERTEX_POINT('',#7748);
#2241=VERTEX_POINT('',#7750);
#2242=VERTEX_POINT('',#7793);
#2243=VERTEX_POINT('',#7795);
#2244=VERTEX_POINT('',#7799);
#2245=VERTEX_POINT('',#7801);
#2246=VERTEX_POINT('',#7805);
#2247=VERTEX_POINT('',#7807);
#2248=VERTEX_POINT('',#7811);
#2249=VERTEX_POINT('',#7812);
#2250=VERTEX_POINT('',#7814);
#2251=VERTEX_POINT('',#7816);
#2252=VERTEX_POINT('',#7819);
#2253=VERTEX_POINT('',#7821);
#2254=VERTEX_POINT('',#7822);
#2255=VERTEX_POINT('',#7824);
#2256=VERTEX_POINT('',#7826);
#2257=VERTEX_POINT('',#7830);
#2258=VERTEX_POINT('',#7844);
#2259=VERTEX_POINT('',#7848);
#2260=VERTEX_POINT('',#7852);
#2261=VERTEX_POINT('',#7856);
#2262=VERTEX_POINT('',#7860);
#2263=VERTEX_POINT('',#7864);
#2264=VERTEX_POINT('',#7865);
#2265=VERTEX_POINT('',#7870);
#2266=VERTEX_POINT('',#7874);
#2267=VERTEX_POINT('',#7881);
#2268=VERTEX_POINT('',#7882);
#2269=VERTEX_POINT('',#7884);
#2270=VERTEX_POINT('',#7901);
#2271=VERTEX_POINT('',#7914);
#2272=VERTEX_POINT('',#7915);
#2273=VERTEX_POINT('',#7998);
#2274=VERTEX_POINT('',#7999);
#2275=VERTEX_POINT('',#8088);
#2276=VERTEX_POINT('',#8089);
#2277=VERTEX_POINT('',#8172);
#2278=VERTEX_POINT('',#8173);
#2279=VERTEX_POINT('',#8262);
#2280=VERTEX_POINT('',#8263);
#2281=VERTEX_POINT('',#8352);
#2282=VERTEX_POINT('',#8353);
#2283=VERTEX_POINT('',#8436);
#2284=VERTEX_POINT('',#8437);
#2285=VERTEX_POINT('',#8439);
#2286=VERTEX_POINT('',#8446);
#2287=VERTEX_POINT('',#8454);
#2288=VERTEX_POINT('',#8455);
#2289=VERTEX_POINT('',#8474);
#2290=VERTEX_POINT('',#8481);
#2291=VERTEX_POINT('',#8483);
#2292=VERTEX_POINT('',#8485);
#2293=VERTEX_POINT('',#8503);
#2294=VERTEX_POINT('',#8504);
#2295=VERTEX_POINT('',#8540);
#2296=VERTEX_POINT('',#8541);
#2297=VERTEX_POINT('',#8577);
#2298=VERTEX_POINT('',#8578);
#2299=VERTEX_POINT('',#8614);
#2300=VERTEX_POINT('',#8615);
#2301=VERTEX_POINT('',#8617);
#2302=VERTEX_POINT('',#8619);
#2303=VERTEX_POINT('',#8623);
#2304=VERTEX_POINT('',#8625);
#2305=VERTEX_POINT('',#8627);
#2306=VERTEX_POINT('',#8629);
#2307=VERTEX_POINT('',#8631);
#2308=VERTEX_POINT('',#8633);
#2309=VERTEX_POINT('',#8635);
#2310=VERTEX_POINT('',#8639);
#2311=VERTEX_POINT('',#8641);
#2312=VERTEX_POINT('',#8643);
#2313=VERTEX_POINT('',#8646);
#2314=VERTEX_POINT('',#8648);
#2315=VERTEX_POINT('',#8651);
#2316=VERTEX_POINT('',#8653);
#2317=VERTEX_POINT('',#8658);
#2318=VERTEX_POINT('',#8659);
#2319=VERTEX_POINT('',#8664);
#2320=VERTEX_POINT('',#8666);
#2321=VERTEX_POINT('',#8668);
#2322=VERTEX_POINT('',#8670);
#2323=VERTEX_POINT('',#8675);
#2324=VERTEX_POINT('',#8677);
#2325=VERTEX_POINT('',#8682);
#2326=VERTEX_POINT('',#8684);
#2327=VERTEX_POINT('',#8689);
#2328=VERTEX_POINT('',#8691);
#2329=VERTEX_POINT('',#8696);
#2330=VERTEX_POINT('',#8698);
#2331=VERTEX_POINT('',#8700);
#2332=VERTEX_POINT('',#8702);
#2333=VERTEX_POINT('',#8707);
#2334=VERTEX_POINT('',#8709);
#2335=VERTEX_POINT('',#8717);
#2336=VERTEX_POINT('',#8719);
#2337=VERTEX_POINT('',#8726);
#2338=VERTEX_POINT('',#8731);
#2339=VERTEX_POINT('',#8736);
#2340=VERTEX_POINT('',#8741);
#2341=VERTEX_POINT('',#8747);
#2342=VERTEX_POINT('',#8749);
#2343=VERTEX_POINT('',#8757);
#2344=VERTEX_POINT('',#8759);
#2345=VERTEX_POINT('',#8764);
#2346=VERTEX_POINT('',#8766);
#2347=VERTEX_POINT('',#8771);
#2348=VERTEX_POINT('',#8773);
#2349=VERTEX_POINT('',#8778);
#2350=VERTEX_POINT('',#8781);
#2351=VERTEX_POINT('',#8788);
#2352=VERTEX_POINT('',#8793);
#2353=VERTEX_POINT('',#8799);
#2354=VERTEX_POINT('',#8804);
#2355=VERTEX_POINT('',#8810);
#2356=VERTEX_POINT('',#8812);
#2357=VERTEX_POINT('',#8814);
#2358=VERTEX_POINT('',#8822);
#2359=VERTEX_POINT('',#8824);
#2360=VERTEX_POINT('',#8829);
#2361=VERTEX_POINT('',#8831);
#2362=VERTEX_POINT('',#8836);
#2363=VERTEX_POINT('',#8847);
#2364=VERTEX_POINT('',#8852);
#2365=VERTEX_POINT('',#8858);
#2366=VERTEX_POINT('',#8863);
#2367=VERTEX_POINT('',#8866);
#2368=VERTEX_POINT('',#8871);
#2369=VERTEX_POINT('',#9263);
#2370=VERTEX_POINT('',#9397);
#2371=VERTEX_POINT('',#9414);
#2372=VERTEX_POINT('',#9577);
#2373=VERTEX_POINT('',#9579);
#2374=VERTEX_POINT('',#9709);
#2375=VERTEX_POINT('',#10282);
#2376=VERTEX_POINT('',#10283);
#2377=VERTEX_POINT('',#10285);
#2378=VERTEX_POINT('',#10287);
#2379=VERTEX_POINT('',#10291);
#2380=VERTEX_POINT('',#10293);
#2381=VERTEX_POINT('',#10297);
#2382=VERTEX_POINT('',#10299);
#2383=VERTEX_POINT('',#10303);
#2384=VERTEX_POINT('',#10305);
#2385=VERTEX_POINT('',#10307);
#2386=VERTEX_POINT('',#10309);
#2387=VERTEX_POINT('',#10312);
#2388=VERTEX_POINT('',#10314);
#2389=VERTEX_POINT('',#10319);
#2390=VERTEX_POINT('',#10320);
#2391=VERTEX_POINT('',#10324);
#2392=VERTEX_POINT('',#10326);
#2393=VERTEX_POINT('',#10330);
#2394=VERTEX_POINT('',#10331);
#2395=VERTEX_POINT('',#10336);
#2396=VERTEX_POINT('',#10337);
#2397=VERTEX_POINT('',#10344);
#2398=VERTEX_POINT('',#10346);
#2399=VERTEX_POINT('',#10350);
#2400=VERTEX_POINT('',#10354);
#2401=VERTEX_POINT('',#10355);
#2402=VERTEX_POINT('',#10361);
#2403=VERTEX_POINT('',#10365);
#2404=VERTEX_POINT('',#10369);
#2405=VERTEX_POINT('',#10377);
#2406=VERTEX_POINT('',#10380);
#2407=VERTEX_POINT('',#10382);
#2408=VERTEX_POINT('',#10385);
#2409=VERTEX_POINT('',#10389);
#2410=VERTEX_POINT('',#10391);
#2411=VERTEX_POINT('',#10393);
#2412=VERTEX_POINT('',#10395);
#2413=VERTEX_POINT('',#10397);
#2414=VERTEX_POINT('',#10403);
#2415=VERTEX_POINT('',#10405);
#2416=VERTEX_POINT('',#10409);
#2417=VERTEX_POINT('',#10410);
#2418=VERTEX_POINT('',#10418);
#2419=VERTEX_POINT('',#10420);
#2420=VERTEX_POINT('',#10422);
#2421=VERTEX_POINT('',#10426);
#2422=VERTEX_POINT('',#10429);
#2423=VERTEX_POINT('',#10433);
#2424=VERTEX_POINT('',#10434);
#2425=VERTEX_POINT('',#10441);
#2426=VERTEX_POINT('',#10443);
#2427=VERTEX_POINT('',#10450);
#2428=VERTEX_POINT('',#10454);
#2429=VERTEX_POINT('',#10458);
#2430=VERTEX_POINT('',#10466);
#2431=VERTEX_POINT('',#10470);
#2432=VERTEX_POINT('',#10474);
#2433=VERTEX_POINT('',#10482);
#2434=VERTEX_POINT('',#10484);
#2435=VERTEX_POINT('',#10489);
#2436=VERTEX_POINT('',#10491);
#2437=VERTEX_POINT('',#10497);
#2438=VERTEX_POINT('',#10499);
#2439=VERTEX_POINT('',#10504);
#2440=VERTEX_POINT('',#10506);
#2441=VERTEX_POINT('',#10512);
#2442=VERTEX_POINT('',#10514);
#2443=VERTEX_POINT('',#10518);
#2444=VERTEX_POINT('',#10520);
#2445=VERTEX_POINT('',#10525);
#2446=VERTEX_POINT('',#10526);
#2447=VERTEX_POINT('',#10528);
#2448=VERTEX_POINT('',#10530);
#2449=VERTEX_POINT('',#10534);
#2450=VERTEX_POINT('',#10536);
#2451=VERTEX_POINT('',#10540);
#2452=VERTEX_POINT('',#10541);
#2453=VERTEX_POINT('',#10543);
#2454=VERTEX_POINT('',#10545);
#2455=VERTEX_POINT('',#10552);
#2456=VERTEX_POINT('',#10553);
#2457=VERTEX_POINT('',#10555);
#2458=VERTEX_POINT('',#10557);
#2459=VERTEX_POINT('',#10564);
#2460=VERTEX_POINT('',#10566);
#2461=VERTEX_POINT('',#10573);
#2462=VERTEX_POINT('',#10574);
#2463=VERTEX_POINT('',#10576);
#2464=VERTEX_POINT('',#10578);
#2465=VERTEX_POINT('',#10582);
#2466=VERTEX_POINT('',#10584);
#2467=VERTEX_POINT('',#10588);
#2468=VERTEX_POINT('',#10592);
#2469=VERTEX_POINT('',#10600);
#2470=VERTEX_POINT('',#10601);
#2471=VERTEX_POINT('',#10603);
#2472=VERTEX_POINT('',#10629);
#2473=VERTEX_POINT('',#10669);
#2474=VERTEX_POINT('',#10670);
#2475=VERTEX_POINT('',#10756);
#2476=VERTEX_POINT('',#10757);
#2477=VERTEX_POINT('',#10759);
#2478=VERTEX_POINT('',#10779);
#2479=VERTEX_POINT('',#10813);
#2480=VERTEX_POINT('',#10814);
#2481=VERTEX_POINT('',#10816);
#2482=VERTEX_POINT('',#10821);
#2483=VERTEX_POINT('',#10829);
#2484=VERTEX_POINT('',#10830);
#2485=VERTEX_POINT('',#10867);
#2486=VERTEX_POINT('',#10868);
#2487=VERTEX_POINT('',#10903);
#2488=VERTEX_POINT('',#10904);
#2489=VERTEX_POINT('',#10906);
#2490=VERTEX_POINT('',#10913);
#2491=VERTEX_POINT('',#10923);
#2492=VERTEX_POINT('',#10924);
#2493=VERTEX_POINT('',#10935);
#2494=VERTEX_POINT('',#10937);
#2495=VERTEX_POINT('',#10950);
#2496=VERTEX_POINT('',#10961);
#2497=VERTEX_POINT('',#10974);
#2498=VERTEX_POINT('',#10976);
#2499=VERTEX_POINT('',#10978);
#2500=VERTEX_POINT('',#10980);
#2501=VERTEX_POINT('',#10991);
#2502=VERTEX_POINT('',#11002);
#2503=VERTEX_POINT('',#11004);
#2504=VERTEX_POINT('',#11015);
#2505=VERTEX_POINT('',#11026);
#2506=VERTEX_POINT('',#11028);
#2507=VERTEX_POINT('',#11039);
#2508=VERTEX_POINT('',#11050);
#2509=VERTEX_POINT('',#11052);
#2510=VERTEX_POINT('',#11063);
#2511=VERTEX_POINT('',#11074);
#2512=VERTEX_POINT('',#11076);
#2513=VERTEX_POINT('',#11087);
#2514=VERTEX_POINT('',#11098);
#2515=VERTEX_POINT('',#11100);
#2516=VERTEX_POINT('',#11111);
#2517=VERTEX_POINT('',#11122);
#2518=VERTEX_POINT('',#11124);
#2519=VERTEX_POINT('',#11135);
#2520=VERTEX_POINT('',#11146);
#2521=VERTEX_POINT('',#11148);
#2522=VERTEX_POINT('',#11159);
#2523=VERTEX_POINT('',#11170);
#2524=VERTEX_POINT('',#11172);
#2525=VERTEX_POINT('',#11183);
#2526=VERTEX_POINT('',#11194);
#2527=VERTEX_POINT('',#11196);
#2528=VERTEX_POINT('',#11207);
#2529=VERTEX_POINT('',#11218);
#2530=VERTEX_POINT('',#11220);
#2531=VERTEX_POINT('',#11231);
#2532=VERTEX_POINT('',#11242);
#2533=VERTEX_POINT('',#11244);
#2534=VERTEX_POINT('',#11255);
#2535=VERTEX_POINT('',#11266);
#2536=VERTEX_POINT('',#11268);
#2537=VERTEX_POINT('',#11279);
#2538=VERTEX_POINT('',#11290);
#2539=VERTEX_POINT('',#11292);
#2540=VERTEX_POINT('',#11303);
#2541=VERTEX_POINT('',#11314);
#2542=VERTEX_POINT('',#11316);
#2543=VERTEX_POINT('',#11327);
#2544=VERTEX_POINT('',#11338);
#2545=VERTEX_POINT('',#11340);
#2546=VERTEX_POINT('',#11351);
#2547=VERTEX_POINT('',#11362);
#2548=VERTEX_POINT('',#11364);
#2549=VERTEX_POINT('',#11375);
#2550=VERTEX_POINT('',#11386);
#2551=VERTEX_POINT('',#11388);
#2552=VERTEX_POINT('',#11399);
#2553=VERTEX_POINT('',#11410);
#2554=VERTEX_POINT('',#11412);
#2555=VERTEX_POINT('',#11423);
#2556=VERTEX_POINT('',#11434);
#2557=VERTEX_POINT('',#11436);
#2558=VERTEX_POINT('',#11447);
#2559=VERTEX_POINT('',#11458);
#2560=VERTEX_POINT('',#11460);
#2561=VERTEX_POINT('',#11471);
#2562=VERTEX_POINT('',#11482);
#2563=VERTEX_POINT('',#11484);
#2564=VERTEX_POINT('',#11495);
#2565=VERTEX_POINT('',#11506);
#2566=VERTEX_POINT('',#11508);
#2567=VERTEX_POINT('',#11519);
#2568=VERTEX_POINT('',#11531);
#2569=VERTEX_POINT('',#11533);
#2570=VERTEX_POINT('',#11544);
#2571=VERTEX_POINT('',#11555);
#2572=VERTEX_POINT('',#11557);
#2573=VERTEX_POINT('',#11568);
#2574=VERTEX_POINT('',#11579);
#2575=VERTEX_POINT('',#11581);
#2576=VERTEX_POINT('',#11592);
#2577=VERTEX_POINT('',#11603);
#2578=VERTEX_POINT('',#11605);
#2579=VERTEX_POINT('',#11616);
#2580=VERTEX_POINT('',#11627);
#2581=VERTEX_POINT('',#11629);
#2582=VERTEX_POINT('',#11640);
#2583=VERTEX_POINT('',#11651);
#2584=VERTEX_POINT('',#11653);
#2585=VERTEX_POINT('',#11664);
#2586=VERTEX_POINT('',#11677);
#2587=VERTEX_POINT('',#11681);
#2588=VERTEX_POINT('',#11683);
#2589=VERTEX_POINT('',#11707);
#2590=VERTEX_POINT('',#11711);
#2591=VERTEX_POINT('',#11713);
#2592=VERTEX_POINT('',#11737);
#2593=VERTEX_POINT('',#11741);
#2594=VERTEX_POINT('',#11743);
#2595=VERTEX_POINT('',#11767);
#2596=VERTEX_POINT('',#11771);
#2597=VERTEX_POINT('',#11773);
#2598=VERTEX_POINT('',#11797);
#2599=VERTEX_POINT('',#11801);
#2600=VERTEX_POINT('',#11803);
#2601=VERTEX_POINT('',#11827);
#2602=VERTEX_POINT('',#11831);
#2603=VERTEX_POINT('',#11833);
#2604=VERTEX_POINT('',#11857);
#2605=VERTEX_POINT('',#11859);
#2606=VERTEX_POINT('',#11863);
#2607=VERTEX_POINT('',#11865);
#2608=VERTEX_POINT('',#11889);
#2609=VERTEX_POINT('',#11893);
#2610=VERTEX_POINT('',#11895);
#2611=VERTEX_POINT('',#11919);
#2612=VERTEX_POINT('',#11923);
#2613=VERTEX_POINT('',#11925);
#2614=VERTEX_POINT('',#11949);
#2615=VERTEX_POINT('',#11953);
#2616=VERTEX_POINT('',#11955);
#2617=VERTEX_POINT('',#11979);
#2618=VERTEX_POINT('',#11983);
#2619=VERTEX_POINT('',#11985);
#2620=VERTEX_POINT('',#12009);
#2621=VERTEX_POINT('',#12013);
#2622=VERTEX_POINT('',#12015);
#2623=VERTEX_POINT('',#12039);
#2624=VERTEX_POINT('',#12043);
#2625=VERTEX_POINT('',#12045);
#2626=VERTEX_POINT('',#12069);
#2627=VERTEX_POINT('',#12073);
#2628=VERTEX_POINT('',#12075);
#2629=VERTEX_POINT('',#12099);
#2630=VERTEX_POINT('',#12103);
#2631=VERTEX_POINT('',#12105);
#2632=VERTEX_POINT('',#12129);
#2633=VERTEX_POINT('',#12133);
#2634=VERTEX_POINT('',#12135);
#2635=VERTEX_POINT('',#12159);
#2636=VERTEX_POINT('',#12163);
#2637=VERTEX_POINT('',#12165);
#2638=VERTEX_POINT('',#12189);
#2639=VERTEX_POINT('',#12193);
#2640=VERTEX_POINT('',#12195);
#2641=VERTEX_POINT('',#12219);
#2642=VERTEX_POINT('',#12223);
#2643=VERTEX_POINT('',#12225);
#2644=VERTEX_POINT('',#12249);
#2645=VERTEX_POINT('',#12253);
#2646=VERTEX_POINT('',#12255);
#2647=VERTEX_POINT('',#12279);
#2648=VERTEX_POINT('',#12283);
#2649=VERTEX_POINT('',#12285);
#2650=VERTEX_POINT('',#12309);
#2651=VERTEX_POINT('',#12313);
#2652=VERTEX_POINT('',#12315);
#2653=VERTEX_POINT('',#12339);
#2654=VERTEX_POINT('',#12343);
#2655=VERTEX_POINT('',#12345);
#2656=VERTEX_POINT('',#12369);
#2657=VERTEX_POINT('',#12373);
#2658=VERTEX_POINT('',#12375);
#2659=VERTEX_POINT('',#12399);
#2660=VERTEX_POINT('',#12403);
#2661=VERTEX_POINT('',#12405);
#2662=VERTEX_POINT('',#12429);
#2663=VERTEX_POINT('',#12433);
#2664=VERTEX_POINT('',#12435);
#2665=VERTEX_POINT('',#12459);
#2666=VERTEX_POINT('',#12463);
#2667=VERTEX_POINT('',#12465);
#2668=VERTEX_POINT('',#12489);
#2669=VERTEX_POINT('',#12493);
#2670=VERTEX_POINT('',#12495);
#2671=VERTEX_POINT('',#12519);
#2672=VERTEX_POINT('',#12521);
#2673=VERTEX_POINT('',#12532);
#2674=VERTEX_POINT('',#12544);
#2675=EDGE_CURVE('',#2118,#2119,#1240,.T.);
#2676=EDGE_CURVE('',#2118,#2120,#1241,.T.);
#2677=EDGE_CURVE('',#2121,#2120,#1242,.T.);
#2678=EDGE_CURVE('',#2119,#2121,#1243,.T.);
#2679=EDGE_CURVE('',#2122,#2119,#1244,.T.);
#2680=EDGE_CURVE('',#2123,#2121,#1245,.T.);
#2681=EDGE_CURVE('',#2122,#2123,#1246,.T.);
#2682=EDGE_CURVE('',#2124,#2122,#1247,.T.);
#2683=EDGE_CURVE('',#2125,#2123,#1248,.T.);
#2684=EDGE_CURVE('',#2124,#2125,#1249,.T.);
#2685=EDGE_CURVE('',#2126,#2124,#301,.T.);
#2686=EDGE_CURVE('',#2127,#2125,#302,.T.);
#2687=EDGE_CURVE('',#2126,#2127,#1250,.T.);
#2688=EDGE_CURVE('',#2126,#2128,#1251,.T.);
#2689=EDGE_CURVE('',#2129,#2127,#1252,.T.);
#2690=EDGE_CURVE('',#2128,#2129,#1253,.T.);
#2691=EDGE_CURVE('',#2128,#2130,#1254,.T.);
#2692=EDGE_CURVE('',#2131,#2129,#1255,.T.);
#2693=EDGE_CURVE('',#2130,#2131,#1256,.T.);
#2694=EDGE_CURVE('',#2132,#2130,#1257,.T.);
#2695=EDGE_CURVE('',#2133,#2131,#1258,.T.);
#2696=EDGE_CURVE('',#2132,#2133,#1259,.T.);
#2697=EDGE_CURVE('',#2134,#2132,#303,.T.);
#2698=EDGE_CURVE('',#2135,#2133,#304,.T.);
#2699=EDGE_CURVE('',#2134,#2135,#1260,.T.);
#2700=EDGE_CURVE('',#2134,#2136,#1261,.T.);
#2701=EDGE_CURVE('',#2137,#2135,#1262,.T.);
#2702=EDGE_CURVE('',#2136,#2137,#1263,.T.);
#2703=EDGE_CURVE('',#2136,#2138,#1264,.T.);
#2704=EDGE_CURVE('',#2139,#2137,#1265,.T.);
#2705=EDGE_CURVE('',#2138,#2139,#1266,.T.);
#2706=EDGE_CURVE('',#2138,#2140,#1267,.T.);
#2707=EDGE_CURVE('',#2141,#2139,#1268,.T.);
#2708=EDGE_CURVE('',#2140,#2141,#1269,.T.);
#2709=EDGE_CURVE('',#2140,#2142,#1270,.T.);
#2710=EDGE_CURVE('',#2143,#2141,#1271,.T.);
#2711=EDGE_CURVE('',#2142,#2143,#1272,.T.);
#2712=EDGE_CURVE('',#2144,#2142,#305,.T.);
#2713=EDGE_CURVE('',#2145,#2143,#306,.T.);
#2714=EDGE_CURVE('',#2144,#2145,#1273,.T.);
#2715=EDGE_CURVE('',#2144,#2118,#1274,.T.);
#2716=EDGE_CURVE('',#2120,#2145,#1275,.T.);
#2717=EDGE_CURVE('',#2146,#2147,#307,.T.);
#2718=EDGE_CURVE('',#2147,#2148,#308,.T.);
#2719=EDGE_CURVE('',#2149,#2148,#1276,.T.);
#2720=EDGE_CURVE('',#2146,#2149,#309,.T.);
#2721=EDGE_CURVE('',#2150,#2151,#310,.T.);
#2722=EDGE_CURVE('',#2152,#2151,#311,.T.);
#2723=EDGE_CURVE('',#2153,#2152,#1277,.T.);
#2724=EDGE_CURVE('',#2150,#2153,#312,.T.);
#2725=EDGE_CURVE('',#2147,#2154,#1278,.T.);
#2726=EDGE_CURVE('',#2155,#2154,#313,.T.);
#2727=EDGE_CURVE('',#2148,#2155,#1279,.T.);
#2728=EDGE_CURVE('',#2156,#2157,#314,.T.);
#2729=EDGE_CURVE('',#2156,#2158,#1280,.T.);
#2730=EDGE_CURVE('',#2159,#2158,#315,.T.);
#2731=EDGE_CURVE('',#2157,#2159,#1281,.T.);
#2732=EDGE_CURVE('',#2160,#2161,#1282,.T.);
#2733=EDGE_CURVE('',#2162,#2160,#1283,.T.);
#2734=EDGE_CURVE('',#2163,#2162,#1284,.T.);
#2735=EDGE_CURVE('',#2161,#2163,#1285,.T.);
#2736=EDGE_CURVE('',#2164,#2164,#316,.T.);
#2737=EDGE_CURVE('',#2165,#2165,#317,.T.);
#2738=EDGE_CURVE('',#2166,#2166,#318,.T.);
#2739=EDGE_CURVE('',#2167,#2159,#1286,.T.);
#2740=EDGE_CURVE('',#2158,#2168,#1287,.T.);
#2741=EDGE_CURVE('',#2169,#2168,#1288,.T.);
#2742=EDGE_CURVE('',#2170,#2169,#319,.T.);
#2743=EDGE_CURVE('',#2171,#2170,#1289,.T.);
#2744=EDGE_CURVE('',#2172,#2171,#1290,.T.);
#2745=EDGE_CURVE('',#2173,#2172,#1291,.T.);
#2746=EDGE_CURVE('',#2174,#2173,#1292,.T.);
#2747=EDGE_CURVE('',#2174,#2155,#1293,.T.);
#2748=EDGE_CURVE('',#2175,#2154,#320,.T.);
#2749=EDGE_CURVE('',#2176,#2175,#1294,.T.);
#2750=EDGE_CURVE('',#2177,#2176,#1295,.T.);
#2751=EDGE_CURVE('',#2178,#2177,#1296,.T.);
#2752=EDGE_CURVE('',#2179,#2178,#1297,.T.);
#2753=EDGE_CURVE('',#2180,#2179,#1298,.T.);
#2754=EDGE_CURVE('',#2181,#2180,#1299,.T.);
#2755=EDGE_CURVE('',#2182,#2181,#321,.T.);
#2756=EDGE_CURVE('',#2167,#2182,#1300,.T.);
#2757=EDGE_CURVE('',#2183,#2184,#322,.T.);
#2758=EDGE_CURVE('',#2185,#2184,#1301,.T.);
#2759=EDGE_CURVE('',#2185,#2186,#323,.T.);
#2760=EDGE_CURVE('',#2186,#2183,#1302,.T.);
#2761=EDGE_CURVE('',#2184,#2157,#1303,.T.);
#2762=EDGE_CURVE('',#2187,#2167,#1304,.T.);
#2763=EDGE_CURVE('',#2185,#2187,#1305,.T.);
#2764=EDGE_CURVE('',#2156,#2183,#1306,.T.);
#2765=EDGE_CURVE('',#2186,#2188,#1307,.T.);
#2766=EDGE_CURVE('',#2168,#2188,#1308,.T.);
#2767=EDGE_CURVE('',#2189,#2182,#1309,.T.);
#2768=EDGE_CURVE('',#2189,#2187,#1310,.T.);
#2769=EDGE_CURVE('',#2188,#2190,#1311,.T.);
#2770=EDGE_CURVE('',#2190,#2169,#1312,.T.);
#2771=EDGE_CURVE('',#2191,#2151,#1313,.T.);
#2772=EDGE_CURVE('',#2191,#2192,#324,.T.);
#2773=EDGE_CURVE('',#2192,#2152,#1314,.T.);
#2774=EDGE_CURVE('',#2146,#2193,#1315,.T.);
#2775=EDGE_CURVE('',#2194,#2149,#1316,.T.);
#2776=EDGE_CURVE('',#2194,#2193,#325,.T.);
#2777=EDGE_CURVE('',#2150,#2195,#1317,.T.);
#2778=EDGE_CURVE('',#2196,#2153,#1318,.T.);
#2779=EDGE_CURVE('',#2195,#2196,#326,.T.);
#2780=EDGE_CURVE('',#2196,#2192,#1319,.T.);
#2781=EDGE_CURVE('',#2197,#2174,#1320,.T.);
#2782=EDGE_CURVE('',#2194,#2197,#1321,.T.);
#2783=EDGE_CURVE('',#2193,#2191,#327,.T.);
#2784=EDGE_CURVE('',#2198,#2197,#1322,.T.);
#2785=EDGE_CURVE('',#2198,#2199,#1323,.T.);
#2786=EDGE_CURVE('',#2200,#2199,#328,.T.);
#2787=EDGE_CURVE('',#2200,#2201,#1324,.T.);
#2788=EDGE_CURVE('',#2201,#2202,#1325,.T.);
#2789=EDGE_CURVE('',#2195,#2202,#329,.T.);
#2790=EDGE_CURVE('',#2202,#2175,#1326,.T.);
#2791=EDGE_CURVE('',#2203,#2204,#1327,.T.);
#2792=EDGE_CURVE('',#2203,#2205,#1328,.T.);
#2793=EDGE_CURVE('',#2206,#2205,#1329,.T.);
#2794=EDGE_CURVE('',#2204,#2206,#1330,.T.);
#2795=EDGE_CURVE('',#2204,#2207,#1331,.T.);
#2796=EDGE_CURVE('',#2208,#2206,#1332,.T.);
#2797=EDGE_CURVE('',#2207,#2208,#1333,.T.);
#2798=EDGE_CURVE('',#2207,#2209,#1334,.T.);
#2799=EDGE_CURVE('',#2210,#2208,#1335,.T.);
#2800=EDGE_CURVE('',#2209,#2210,#1336,.T.);
#2801=EDGE_CURVE('',#2211,#2212,#1337,.T.);
#2802=EDGE_CURVE('',#2211,#2213,#1338,.T.);
#2803=EDGE_CURVE('',#2214,#2213,#1339,.T.);
#2804=EDGE_CURVE('',#2212,#2214,#1340,.T.);
#2805=EDGE_CURVE('',#2198,#2215,#1341,.T.);
#2806=EDGE_CURVE('',#2216,#2215,#1342,.T.);
#2807=EDGE_CURVE('',#2199,#2216,#1343,.T.);
#2808=EDGE_CURVE('',#2200,#2217,#1344,.T.);
#2809=EDGE_CURVE('',#2218,#2217,#1345,.T.);
#2810=EDGE_CURVE('',#2201,#2218,#1346,.T.);
#2811=EDGE_CURVE('',#2219,#2220,#1347,.T.);
#2812=EDGE_CURVE('',#2219,#2221,#1348,.T.);
#2813=EDGE_CURVE('',#2222,#2221,#1349,.T.);
#2814=EDGE_CURVE('',#2220,#2222,#1350,.T.);
#2815=EDGE_CURVE('',#2223,#2224,#1351,.T.);
#2816=EDGE_CURVE('',#2224,#2225,#1352,.T.);
#2817=EDGE_CURVE('',#2225,#2226,#1353,.T.);
#2818=EDGE_CURVE('',#2226,#2223,#1354,.T.);
#2819=EDGE_CURVE('',#2205,#2227,#330,.T.);
#2820=EDGE_CURVE('',#2227,#2222,#331,.T.);
#2821=EDGE_CURVE('',#2221,#2228,#1355,.T.);
#2822=EDGE_CURVE('',#2228,#2218,#1356,.T.);
#2823=EDGE_CURVE('',#2217,#2216,#332,.T.);
#2824=EDGE_CURVE('',#2215,#2229,#1357,.T.);
#2825=EDGE_CURVE('',#2229,#2214,#1358,.T.);
#2826=EDGE_CURVE('',#2213,#2210,#333,.T.);
#2827=EDGE_CURVE('',#2230,#2231,#1359,.T.);
#2828=EDGE_CURVE('',#2231,#2232,#1360,.T.);
#2829=EDGE_CURVE('',#2233,#2232,#1361,.T.);
#2830=EDGE_CURVE('',#2234,#2233,#1362,.T.);
#2831=EDGE_CURVE('',#2235,#2234,#1363,.T.);
#2832=EDGE_CURVE('',#2230,#2235,#1364,.T.);
#2833=EDGE_CURVE('',#2212,#2236,#1365,.T.);
#2834=EDGE_CURVE('',#2190,#2236,#334,.T.);
#2835=EDGE_CURVE('',#2237,#2189,#335,.T.);
#2836=EDGE_CURVE('',#2237,#2219,#1366,.T.);
#2837=EDGE_CURVE('',#2203,#2220,#336,.T.);
#2838=EDGE_CURVE('',#2211,#2209,#337,.T.);
#2839=EDGE_CURVE('',#2238,#2239,#1367,.T.);
#2840=EDGE_CURVE('',#2240,#2239,#1368,.T.);
#2841=EDGE_CURVE('',#2241,#2240,#1369,.T.);
#2842=EDGE_CURVE('',#2241,#2238,#1370,.T.);
#2843=EDGE_CURVE('',#2165,#2227,#1371,.T.);
#2844=EDGE_CURVE('',#2164,#2200,#1372,.T.);
#2845=EDGE_CURVE('',#2232,#2180,#1373,.T.);
#2846=EDGE_CURVE('',#2233,#2179,#1374,.T.);
#2847=EDGE_CURVE('',#2234,#2178,#1375,.T.);
#2848=EDGE_CURVE('',#2235,#2177,#1376,.T.);
#2849=EDGE_CURVE('',#2230,#2176,#1377,.T.);
#2850=EDGE_CURVE('',#2231,#2228,#1378,.T.);
#2851=EDGE_CURVE('',#2239,#2173,#1379,.T.);
#2852=EDGE_CURVE('',#2238,#2229,#1380,.T.);
#2853=EDGE_CURVE('',#2240,#2172,#1381,.T.);
#2854=EDGE_CURVE('',#2241,#2171,#1382,.T.);
#2855=EDGE_CURVE('',#2236,#2170,#1383,.T.);
#2856=EDGE_CURVE('',#2237,#2181,#1384,.T.);
#2857=EDGE_CURVE('',#2166,#2209,#1385,.T.);
#2858=EDGE_CURVE('',#2162,#2224,#1386,.T.);
#2859=EDGE_CURVE('',#2225,#2160,#1387,.T.);
#2860=EDGE_CURVE('',#2226,#2161,#1388,.T.);
#2861=EDGE_CURVE('',#2223,#2163,#1389,.T.);
#2862=EDGE_CURVE('',#2242,#2242,#338,.T.);
#2863=EDGE_CURVE('',#2242,#2243,#1390,.T.);
#2864=EDGE_CURVE('',#2243,#2243,#339,.T.);
#2865=EDGE_CURVE('',#2244,#2244,#340,.T.);
#2866=EDGE_CURVE('',#2244,#2245,#1391,.T.);
#2867=EDGE_CURVE('',#2245,#2245,#341,.T.);
#2868=EDGE_CURVE('',#2246,#2246,#342,.T.);
#2869=EDGE_CURVE('',#2246,#2247,#1392,.T.);
#2870=EDGE_CURVE('',#2247,#2247,#343,.T.);
#2871=EDGE_CURVE('',#2248,#2249,#1393,.T.);
#2872=EDGE_CURVE('',#2249,#2250,#1394,.T.);
#2873=EDGE_CURVE('',#2250,#2251,#1395,.T.);
#2874=EDGE_CURVE('',#2251,#2248,#1396,.T.);
#2875=EDGE_CURVE('',#2252,#2252,#344,.T.);
#2876=EDGE_CURVE('',#2253,#2254,#345,.T.);
#2877=EDGE_CURVE('',#2253,#2255,#346,.T.);
#2878=EDGE_CURVE('',#2255,#2256,#347,.T.);
#2879=EDGE_CURVE('',#2254,#2256,#348,.T.);
#2880=EDGE_CURVE('',#2247,#2257,#1397,.T.);
#2881=EDGE_CURVE('',#2257,#2257,#349,.T.);
#2882=EDGE_CURVE('',#2253,#2256,#21,.T.);
#2883=EDGE_CURVE('',#2254,#2258,#1398,.T.);
#2884=EDGE_CURVE('',#2258,#2258,#350,.T.);
#2885=EDGE_CURVE('',#2255,#2259,#1399,.T.);
#2886=EDGE_CURVE('',#2259,#2259,#351,.T.);
#2887=EDGE_CURVE('',#2258,#2260,#1400,.T.);
#2888=EDGE_CURVE('',#2260,#2260,#352,.T.);
#2889=EDGE_CURVE('',#2252,#2261,#1401,.T.);
#2890=EDGE_CURVE('',#2261,#2261,#353,.T.);
#2891=EDGE_CURVE('',#2261,#2262,#1402,.T.);
#2892=EDGE_CURVE('',#2262,#2262,#354,.T.);
#2893=EDGE_CURVE('',#2263,#2264,#1403,.T.);
#2894=EDGE_CURVE('',#2264,#2248,#1404,.T.);
#2895=EDGE_CURVE('',#2263,#2251,#1405,.T.);
#2896=EDGE_CURVE('',#2265,#2263,#1406,.T.);
#2897=EDGE_CURVE('',#2265,#2250,#1407,.T.);
#2898=EDGE_CURVE('',#2266,#2265,#1408,.T.);
#2899=EDGE_CURVE('',#2266,#2249,#1409,.T.);
#2900=EDGE_CURVE('',#2264,#2266,#1410,.T.);
#2901=EDGE_CURVE('',#2267,#2268,#1411,.T.);
#2902=EDGE_CURVE('',#2267,#2269,#22,.T.);
#2903=EDGE_CURVE('',#2270,#2269,#355,.T.);
#2904=EDGE_CURVE('',#2270,#2268,#23,.T.);
#2905=EDGE_CURVE('',#2271,#2272,#1412,.T.);
#2906=EDGE_CURVE('',#2271,#2267,#24,.T.);
#2907=EDGE_CURVE('',#2268,#2272,#25,.T.);
#2908=EDGE_CURVE('',#2273,#2274,#1413,.T.);
#2909=EDGE_CURVE('',#2273,#2271,#26,.T.);
#2910=EDGE_CURVE('',#2272,#2274,#27,.T.);
#2911=EDGE_CURVE('',#2275,#2276,#1414,.T.);
#2912=EDGE_CURVE('',#2275,#2273,#28,.T.);
#2913=EDGE_CURVE('',#2274,#2276,#29,.T.);
#2914=EDGE_CURVE('',#2277,#2278,#1415,.T.);
#2915=EDGE_CURVE('',#2277,#2275,#30,.T.);
#2916=EDGE_CURVE('',#2276,#2278,#31,.T.);
#2917=EDGE_CURVE('',#2279,#2280,#1416,.T.);
#2918=EDGE_CURVE('',#2279,#2277,#32,.T.);
#2919=EDGE_CURVE('',#2278,#2280,#33,.T.);
#2920=EDGE_CURVE('',#2281,#2282,#1417,.T.);
#2921=EDGE_CURVE('',#2281,#2279,#34,.T.);
#2922=EDGE_CURVE('',#2280,#2282,#35,.T.);
#2923=EDGE_CURVE('',#2283,#2284,#1418,.T.);
#2924=EDGE_CURVE('',#2283,#2285,#36,.T.);
#2925=EDGE_CURVE('',#2285,#2286,#1419,.T.);
#2926=EDGE_CURVE('',#2284,#2286,#37,.T.);
#2927=EDGE_CURVE('',#2287,#2288,#1420,.T.);
#2928=EDGE_CURVE('',#2287,#2283,#38,.T.);
#2929=EDGE_CURVE('',#2289,#2284,#39,.T.);
#2930=EDGE_CURVE('',#2289,#2290,#1421,.T.);
#2931=EDGE_CURVE('',#2290,#2291,#356,.T.);
#2932=EDGE_CURVE('',#2291,#2292,#1422,.T.);
#2933=EDGE_CURVE('',#2288,#2292,#40,.T.);
#2934=EDGE_CURVE('',#2293,#2294,#1423,.T.);
#2935=EDGE_CURVE('',#2293,#2287,#41,.T.);
#2936=EDGE_CURVE('',#2294,#2288,#42,.T.);
#2937=EDGE_CURVE('',#2295,#2296,#1424,.T.);
#2938=EDGE_CURVE('',#2295,#2293,#43,.T.);
#2939=EDGE_CURVE('',#2296,#2294,#44,.T.);
#2940=EDGE_CURVE('',#2297,#2298,#1425,.T.);
#2941=EDGE_CURVE('',#2297,#2295,#45,.T.);
#2942=EDGE_CURVE('',#2298,#2296,#46,.T.);
#2943=EDGE_CURVE('',#2299,#2300,#1426,.T.);
#2944=EDGE_CURVE('',#2299,#2301,#1427,.T.);
#2945=EDGE_CURVE('',#2302,#2301,#1428,.T.);
#2946=EDGE_CURVE('',#2302,#2300,#1429,.T.);
#2947=EDGE_CURVE('',#2303,#2301,#1430,.T.);
#2948=EDGE_CURVE('',#2304,#2303,#1431,.T.);
#2949=EDGE_CURVE('',#2305,#2304,#1432,.T.);
#2950=EDGE_CURVE('',#2305,#2306,#1433,.T.);
#2951=EDGE_CURVE('',#2307,#2306,#1434,.T.);
#2952=EDGE_CURVE('',#2307,#2308,#1435,.T.);
#2953=EDGE_CURVE('',#2309,#2308,#1436,.T.);
#2954=EDGE_CURVE('',#2302,#2309,#1437,.T.);
#2955=EDGE_CURVE('',#2299,#2310,#1438,.T.);
#2956=EDGE_CURVE('',#2310,#2311,#357,.T.);
#2957=EDGE_CURVE('',#2311,#2312,#1439,.T.);
#2958=EDGE_CURVE('',#2312,#2303,#358,.T.);
#2959=EDGE_CURVE('',#2313,#2313,#359,.T.);
#2960=EDGE_CURVE('',#2314,#2314,#360,.T.);
#2961=EDGE_CURVE('',#2315,#2315,#361,.T.);
#2962=EDGE_CURVE('',#2315,#2316,#1440,.T.);
#2963=EDGE_CURVE('',#2316,#2316,#362,.T.);
#2964=EDGE_CURVE('',#2317,#2318,#47,.T.);
#2965=EDGE_CURVE('',#2317,#2319,#1441,.T.);
#2966=EDGE_CURVE('',#2319,#2320,#1442,.T.);
#2967=EDGE_CURVE('',#2321,#2320,#1443,.T.);
#2968=EDGE_CURVE('',#2322,#2321,#48,.T.);
#2969=EDGE_CURVE('',#2323,#2322,#1444,.T.);
#2970=EDGE_CURVE('',#2324,#2323,#49,.T.);
#2971=EDGE_CURVE('',#2325,#2324,#1445,.T.);
#2972=EDGE_CURVE('',#2326,#2325,#50,.T.);
#2973=EDGE_CURVE('',#2327,#2326,#1446,.T.);
#2974=EDGE_CURVE('',#2328,#2327,#51,.T.);
#2975=EDGE_CURVE('',#2329,#2328,#1447,.T.);
#2976=EDGE_CURVE('',#2330,#2329,#1448,.T.);
#2977=EDGE_CURVE('',#2330,#2331,#1449,.T.);
#2978=EDGE_CURVE('',#2332,#2331,#52,.T.);
#2979=EDGE_CURVE('',#2333,#2332,#1450,.T.);
#2980=EDGE_CURVE('',#2334,#2333,#53,.T.);
#2981=EDGE_CURVE('',#2334,#2335,#1451,.T.);
#2982=EDGE_CURVE('',#2336,#2335,#54,.T.);
#2983=EDGE_CURVE('',#2318,#2336,#1452,.T.);
#2984=EDGE_CURVE('',#2337,#2290,#1453,.T.);
#2985=EDGE_CURVE('',#2320,#2337,#1454,.T.);
#2986=EDGE_CURVE('',#2291,#2319,#1455,.T.);
#2987=EDGE_CURVE('',#2325,#2338,#55,.T.);
#2988=EDGE_CURVE('',#2339,#2324,#56,.T.);
#2989=EDGE_CURVE('',#2340,#2339,#1456,.T.);
#2990=EDGE_CURVE('',#2321,#2340,#57,.T.);
#2991=EDGE_CURVE('',#2341,#2337,#1457,.T.);
#2992=EDGE_CURVE('',#2342,#2341,#58,.T.);
#2993=EDGE_CURVE('',#2343,#2342,#1458,.T.);
#2994=EDGE_CURVE('',#2344,#2343,#59,.T.);
#2995=EDGE_CURVE('',#2345,#2344,#1459,.T.);
#2996=EDGE_CURVE('',#2346,#2345,#60,.T.);
#2997=EDGE_CURVE('',#2347,#2346,#1460,.T.);
#2998=EDGE_CURVE('',#2348,#2347,#61,.T.);
#2999=EDGE_CURVE('',#2349,#2348,#1461,.T.);
#3000=EDGE_CURVE('',#2329,#2349,#1462,.T.);
#3001=EDGE_CURVE('',#2350,#2328,#62,.T.);
#3002=EDGE_CURVE('',#2338,#2350,#1463,.T.);
#3003=EDGE_CURVE('',#2351,#2317,#63,.T.);
#3004=EDGE_CURVE('',#2352,#2351,#1464,.T.);
#3005=EDGE_CURVE('',#2335,#2352,#64,.T.);
#3006=EDGE_CURVE('',#2353,#2334,#65,.T.);
#3007=EDGE_CURVE('',#2354,#2353,#1465,.T.);
#3008=EDGE_CURVE('',#2331,#2354,#66,.T.);
#3009=EDGE_CURVE('',#2355,#2330,#1466,.T.);
#3010=EDGE_CURVE('',#2356,#2355,#1467,.T.);
#3011=EDGE_CURVE('',#2357,#2356,#67,.T.);
#3012=EDGE_CURVE('',#2357,#2358,#1468,.T.);
#3013=EDGE_CURVE('',#2359,#2358,#68,.T.);
#3014=EDGE_CURVE('',#2360,#2359,#1469,.T.);
#3015=EDGE_CURVE('',#2361,#2360,#69,.T.);
#3016=EDGE_CURVE('',#2361,#2362,#1470,.T.);
#3017=EDGE_CURVE('',#2292,#2362,#70,.T.);
#3018=EDGE_CURVE('',#2362,#2289,#71,.T.);
#3019=EDGE_CURVE('',#2363,#2361,#72,.T.);
#3020=EDGE_CURVE('',#2364,#2363,#1471,.T.);
#3021=EDGE_CURVE('',#2358,#2364,#73,.T.);
#3022=EDGE_CURVE('',#2365,#2357,#74,.T.);
#3023=EDGE_CURVE('',#2366,#2365,#1472,.T.);
#3024=EDGE_CURVE('',#2349,#2366,#1473,.T.);
#3025=EDGE_CURVE('',#2367,#2348,#75,.T.);
#3026=EDGE_CURVE('',#2368,#2367,#1474,.T.);
#3027=EDGE_CURVE('',#2345,#2368,#76,.T.);
#3028=EDGE_CURVE('',#2286,#2344,#77,.T.);
#3029=EDGE_CURVE('',#2341,#2285,#78,.T.);
#3030=EDGE_CURVE('',#2322,#2318,#79,.T.);
#3031=EDGE_CURVE('',#2342,#2340,#80,.T.);
#3032=EDGE_CURVE('',#2369,#2297,#81,.T.);
#3033=EDGE_CURVE('',#2269,#2369,#82,.T.);
#3034=EDGE_CURVE('',#2370,#2281,#83,.T.);
#3035=EDGE_CURVE('',#2371,#2370,#84,.T.);
#3036=EDGE_CURVE('',#2365,#2371,#85,.T.);
#3037=EDGE_CURVE('',#2353,#2356,#86,.T.);
#3038=EDGE_CURVE('',#2326,#2333,#87,.T.);
#3039=EDGE_CURVE('',#2346,#2338,#88,.T.);
#3040=EDGE_CURVE('',#2363,#2368,#89,.T.);
#3041=EDGE_CURVE('',#2351,#2360,#90,.T.);
#3042=EDGE_CURVE('',#2366,#2371,#363,.T.);
#3043=EDGE_CURVE('',#2370,#2372,#364,.F.);
#3044=EDGE_CURVE('',#2372,#2373,#91,.T.);
#3045=EDGE_CURVE('',#2373,#2355,#365,.T.);
#3046=EDGE_CURVE('',#2364,#2367,#92,.T.);
#3047=EDGE_CURVE('',#2374,#2298,#93,.T.);
#3048=EDGE_CURVE('',#2369,#2374,#366,.T.);
#3049=EDGE_CURVE('',#2323,#2336,#94,.T.);
#3050=EDGE_CURVE('',#2343,#2339,#95,.T.);
#3051=EDGE_CURVE('',#2327,#2332,#96,.T.);
#3052=EDGE_CURVE('',#2347,#2350,#97,.T.);
#3053=EDGE_CURVE('',#2354,#2373,#98,.T.);
#3054=EDGE_CURVE('',#2352,#2359,#99,.T.);
#3055=EDGE_CURVE('',#2282,#2372,#100,.T.);
#3056=EDGE_CURVE('',#2374,#2270,#101,.T.);
#3057=EDGE_CURVE('',#2375,#2376,#367,.T.);
#3058=EDGE_CURVE('',#2376,#2377,#1475,.T.);
#3059=EDGE_CURVE('',#2377,#2378,#368,.T.);
#3060=EDGE_CURVE('',#2378,#2375,#1476,.T.);
#3061=EDGE_CURVE('',#2379,#2376,#369,.T.);
#3062=EDGE_CURVE('',#2380,#2379,#1477,.T.);
#3063=EDGE_CURVE('',#2377,#2380,#370,.T.);
#3064=EDGE_CURVE('',#2379,#2381,#371,.T.);
#3065=EDGE_CURVE('',#2381,#2382,#1478,.T.);
#3066=EDGE_CURVE('',#2382,#2380,#372,.T.);
#3067=EDGE_CURVE('',#2383,#2378,#1479,.T.);
#3068=EDGE_CURVE('',#2383,#2384,#1480,.T.);
#3069=EDGE_CURVE('',#2385,#2384,#1481,.T.);
#3070=EDGE_CURVE('',#2385,#2386,#1482,.T.);
#3071=EDGE_CURVE('',#2308,#2386,#1483,.T.);
#3072=EDGE_CURVE('',#2387,#2307,#1484,.T.);
#3073=EDGE_CURVE('',#2388,#2387,#1485,.T.);
#3074=EDGE_CURVE('',#2382,#2388,#1486,.T.);
#3075=EDGE_CURVE('',#2375,#2381,#1487,.T.);
#3076=EDGE_CURVE('',#2389,#2390,#13,.T.);
#3077=EDGE_CURVE('',#2390,#2391,#373,.T.);
#3078=EDGE_CURVE('',#2391,#2392,#1488,.T.);
#3079=EDGE_CURVE('',#2392,#2389,#374,.T.);
#3080=EDGE_CURVE('',#2393,#2394,#1489,.T.);
#3081=EDGE_CURVE('',#2394,#2392,#1490,.T.);
#3082=EDGE_CURVE('',#2391,#2393,#1491,.T.);
#3083=EDGE_CURVE('',#2395,#2396,#14,.T.);
#3084=EDGE_CURVE('',#2396,#2394,#375,.T.);
#3085=EDGE_CURVE('',#2393,#2395,#376,.T.);
#3086=EDGE_CURVE('',#2391,#2397,#1492,.T.);
#3087=EDGE_CURVE('',#2398,#2397,#1493,.T.);
#3088=EDGE_CURVE('',#2393,#2398,#1494,.T.);
#3089=EDGE_CURVE('',#2390,#2399,#1495,.T.);
#3090=EDGE_CURVE('',#2397,#2399,#377,.T.);
#3091=EDGE_CURVE('',#2400,#2401,#15,.T.);
#3092=EDGE_CURVE('',#2401,#2398,#378,.T.);
#3093=EDGE_CURVE('',#2398,#2402,#1496,.T.);
#3094=EDGE_CURVE('',#2402,#2400,#379,.T.);
#3095=EDGE_CURVE('',#2397,#2403,#1497,.T.);
#3096=EDGE_CURVE('',#2403,#2402,#1498,.T.);
#3097=EDGE_CURVE('',#2399,#2404,#16,.T.);
#3098=EDGE_CURVE('',#2404,#2403,#380,.T.);
#3099=EDGE_CURVE('',#2395,#2401,#1499,.T.);
#3100=EDGE_CURVE('',#2300,#2405,#1500,.T.);
#3101=EDGE_CURVE('',#2386,#2405,#1501,.T.);
#3102=EDGE_CURVE('',#2406,#2385,#1502,.T.);
#3103=EDGE_CURVE('',#2407,#2406,#1503,.T.);
#3104=EDGE_CURVE('',#2400,#2407,#1504,.T.);
#3105=EDGE_CURVE('',#2408,#2404,#1505,.T.);
#3106=EDGE_CURVE('',#2408,#2310,#1506,.T.);
#3107=EDGE_CURVE('',#2409,#2396,#1507,.T.);
#3108=EDGE_CURVE('',#2409,#2410,#1508,.T.);
#3109=EDGE_CURVE('',#2411,#2410,#1509,.T.);
#3110=EDGE_CURVE('',#2412,#2411,#1510,.T.);
#3111=EDGE_CURVE('',#2413,#2412,#1511,.T.);
#3112=EDGE_CURVE('',#2389,#2413,#1512,.T.);
#3113=EDGE_CURVE('',#2405,#2309,#1513,.T.);
#3114=EDGE_CURVE('',#2414,#2411,#1514,.T.);
#3115=EDGE_CURVE('',#2410,#2415,#1515,.T.);
#3116=EDGE_CURVE('',#2415,#2414,#1516,.T.);
#3117=EDGE_CURVE('',#2416,#2417,#1517,.T.);
#3118=EDGE_CURVE('',#2413,#2417,#1518,.T.);
#3119=EDGE_CURVE('',#2412,#2416,#1519,.T.);
#3120=EDGE_CURVE('',#2416,#2414,#1520,.T.);
#3121=EDGE_CURVE('',#2306,#2418,#1521,.T.);
#3122=EDGE_CURVE('',#2418,#2419,#1522,.T.);
#3123=EDGE_CURVE('',#2419,#2420,#1523,.T.);
#3124=EDGE_CURVE('',#2420,#2387,#1524,.T.);
#3125=EDGE_CURVE('',#2421,#2421,#381,.T.);
#3126=EDGE_CURVE('',#2313,#2422,#1525,.T.);
#3127=EDGE_CURVE('',#2422,#2422,#382,.T.);
#3128=EDGE_CURVE('',#2423,#2424,#1526,.T.);
#3129=EDGE_CURVE('',#2423,#2312,#1527,.T.);
#3130=EDGE_CURVE('',#2424,#2311,#1528,.T.);
#3131=EDGE_CURVE('',#2424,#2408,#383,.T.);
#3132=EDGE_CURVE('',#2407,#2425,#1529,.T.);
#3133=EDGE_CURVE('',#2426,#2406,#1530,.T.);
#3134=EDGE_CURVE('',#2425,#2426,#1531,.T.);
#3135=EDGE_CURVE('',#2425,#2383,#1532,.T.);
#3136=EDGE_CURVE('',#2384,#2426,#1533,.T.);
#3137=EDGE_CURVE('',#2388,#2427,#1534,.T.);
#3138=EDGE_CURVE('',#2427,#2420,#1535,.T.);
#3139=EDGE_CURVE('',#2427,#2428,#1536,.T.);
#3140=EDGE_CURVE('',#2428,#2419,#1537,.T.);
#3141=EDGE_CURVE('',#2428,#2429,#1538,.T.);
#3142=EDGE_CURVE('',#2429,#2418,#1539,.T.);
#3143=EDGE_CURVE('',#2429,#2305,#1540,.T.);
#3144=EDGE_CURVE('',#2304,#2423,#384,.T.);
#3145=EDGE_CURVE('',#2421,#2430,#1541,.T.);
#3146=EDGE_CURVE('',#2430,#2430,#385,.T.);
#3147=EDGE_CURVE('',#2314,#2431,#1542,.T.);
#3148=EDGE_CURVE('',#2431,#2431,#386,.T.);
#3149=EDGE_CURVE('',#2417,#2432,#1543,.T.);
#3150=EDGE_CURVE('',#2432,#2415,#1544,.T.);
#3151=EDGE_CURVE('',#2432,#2409,#1545,.T.);
#3152=EDGE_CURVE('',#2433,#2433,#387,.T.);
#3153=EDGE_CURVE('',#2433,#2434,#1546,.T.);
#3154=EDGE_CURVE('',#2434,#2434,#388,.T.);
#3155=EDGE_CURVE('',#2435,#2435,#389,.T.);
#3156=EDGE_CURVE('',#2435,#2436,#1547,.T.);
#3157=EDGE_CURVE('',#2436,#2436,#390,.T.);
#3158=EDGE_CURVE('',#2437,#2437,#391,.T.);
#3159=EDGE_CURVE('',#2437,#2438,#1548,.T.);
#3160=EDGE_CURVE('',#2438,#2438,#392,.T.);
#3161=EDGE_CURVE('',#2439,#2439,#393,.T.);
#3162=EDGE_CURVE('',#2439,#2440,#1549,.T.);
#3163=EDGE_CURVE('',#2440,#2440,#394,.T.);
#3164=EDGE_CURVE('',#2441,#2441,#395,.T.);
#3165=EDGE_CURVE('',#2441,#2442,#1550,.T.);
#3166=EDGE_CURVE('',#2442,#2442,#396,.T.);
#3167=EDGE_CURVE('',#2443,#2443,#397,.T.);
#3168=EDGE_CURVE('',#2443,#2444,#1551,.T.);
#3169=EDGE_CURVE('',#2444,#2444,#398,.T.);
#3170=EDGE_CURVE('',#2445,#2446,#399,.T.);
#3171=EDGE_CURVE('',#2446,#2447,#1552,.T.);
#3172=EDGE_CURVE('',#2447,#2448,#400,.F.);
#3173=EDGE_CURVE('',#2448,#2445,#1553,.T.);
#3174=EDGE_CURVE('',#2449,#2448,#1554,.T.);
#3175=EDGE_CURVE('',#2450,#2449,#1555,.T.);
#3176=EDGE_CURVE('',#2445,#2450,#1556,.T.);
#3177=EDGE_CURVE('',#2451,#2452,#401,.T.);
#3178=EDGE_CURVE('',#2452,#2453,#1557,.T.);
#3179=EDGE_CURVE('',#2453,#2454,#402,.F.);
#3180=EDGE_CURVE('',#2454,#2451,#1558,.T.);
#3181=EDGE_CURVE('',#2451,#2446,#1559,.T.);
#3182=EDGE_CURVE('',#2447,#2454,#1560,.T.);
#3183=EDGE_CURVE('',#2455,#2456,#403,.T.);
#3184=EDGE_CURVE('',#2456,#2457,#1561,.T.);
#3185=EDGE_CURVE('',#2457,#2458,#404,.F.);
#3186=EDGE_CURVE('',#2458,#2455,#1562,.T.);
#3187=EDGE_CURVE('',#2455,#2452,#1563,.T.);
#3188=EDGE_CURVE('',#2453,#2458,#1564,.T.);
#3189=EDGE_CURVE('',#2459,#2450,#405,.T.);
#3190=EDGE_CURVE('',#2449,#2460,#406,.F.);
#3191=EDGE_CURVE('',#2460,#2459,#1565,.T.);
#3192=EDGE_CURVE('',#2459,#2456,#1566,.T.);
#3193=EDGE_CURVE('',#2457,#2460,#1567,.T.);
#3194=EDGE_CURVE('',#2461,#2462,#1568,.T.);
#3195=EDGE_CURVE('',#2462,#2463,#1569,.T.);
#3196=EDGE_CURVE('',#2463,#2464,#1570,.T.);
#3197=EDGE_CURVE('',#2464,#2461,#1571,.T.);
#3198=EDGE_CURVE('',#2462,#2465,#1572,.T.);
#3199=EDGE_CURVE('',#2466,#2465,#1573,.T.);
#3200=EDGE_CURVE('',#2463,#2466,#1574,.T.);
#3201=EDGE_CURVE('',#2467,#2466,#1575,.T.);
#3202=EDGE_CURVE('',#2464,#2467,#1576,.T.);
#3203=EDGE_CURVE('',#2468,#2467,#1577,.T.);
#3204=EDGE_CURVE('',#2461,#2468,#1578,.T.);
#3205=EDGE_CURVE('',#2465,#2468,#1579,.T.);
#3206=EDGE_CURVE('',#2469,#2470,#1580,.T.);
#3207=EDGE_CURVE('',#2470,#2471,#102,.T.);
#3208=EDGE_CURVE('',#2471,#2472,#407,.F.);
#3209=EDGE_CURVE('',#2472,#2469,#103,.T.);
#3210=EDGE_CURVE('',#2473,#2474,#1581,.T.);
#3211=EDGE_CURVE('',#2474,#2470,#104,.T.);
#3212=EDGE_CURVE('',#2469,#2473,#105,.T.);
#3213=EDGE_CURVE('',#2475,#2476,#1582,.T.);
#3214=EDGE_CURVE('',#2475,#2477,#106,.T.);
#3215=EDGE_CURVE('',#2478,#2477,#408,.F.);
#3216=EDGE_CURVE('',#2478,#2476,#107,.T.);
#3217=EDGE_CURVE('',#2479,#2480,#1583,.T.);
#3218=EDGE_CURVE('',#2480,#2481,#108,.T.);
#3219=EDGE_CURVE('',#2482,#2481,#409,.T.);
#3220=EDGE_CURVE('',#2479,#2482,#109,.T.);
#3221=EDGE_CURVE('',#2483,#2484,#1584,.T.);
#3222=EDGE_CURVE('',#2484,#2480,#110,.T.);
#3223=EDGE_CURVE('',#2483,#2479,#111,.T.);
#3224=EDGE_CURVE('',#2485,#2486,#1585,.T.);
#3225=EDGE_CURVE('',#2486,#2484,#112,.T.);
#3226=EDGE_CURVE('',#2485,#2483,#113,.T.);
#3227=EDGE_CURVE('',#2487,#2488,#1586,.T.);
#3228=EDGE_CURVE('',#2489,#2487,#114,.T.);
#3229=EDGE_CURVE('',#2490,#2489,#410,.T.);
#3230=EDGE_CURVE('',#2490,#2488,#115,.T.);
#3231=EDGE_CURVE('',#2491,#2492,#116,.T.);
#3232=EDGE_CURVE('',#2493,#2492,#1587,.T.);
#3233=EDGE_CURVE('',#2493,#2494,#117,.T.);
#3234=EDGE_CURVE('',#2494,#2491,#1588,.T.);
#3235=EDGE_CURVE('',#2492,#2495,#118,.T.);
#3236=EDGE_CURVE('',#2496,#2495,#1589,.T.);
#3237=EDGE_CURVE('',#2496,#2493,#119,.T.);
#3238=EDGE_CURVE('',#2497,#2497,#411,.T.);
#3239=EDGE_CURVE('',#2497,#2498,#1590,.T.);
#3240=EDGE_CURVE('',#2498,#2499,#412,.T.);
#3241=EDGE_CURVE('',#2500,#2499,#120,.T.);
#3242=EDGE_CURVE('',#2501,#2500,#121,.T.);
#3243=EDGE_CURVE('',#2501,#2502,#413,.T.);
#3244=EDGE_CURVE('',#2503,#2502,#122,.T.);
#3245=EDGE_CURVE('',#2504,#2503,#123,.T.);
#3246=EDGE_CURVE('',#2504,#2505,#414,.T.);
#3247=EDGE_CURVE('',#2506,#2505,#124,.T.);
#3248=EDGE_CURVE('',#2507,#2506,#125,.T.);
#3249=EDGE_CURVE('',#2507,#2508,#415,.T.);
#3250=EDGE_CURVE('',#2509,#2508,#126,.T.);
#3251=EDGE_CURVE('',#2510,#2509,#127,.T.);
#3252=EDGE_CURVE('',#2510,#2511,#416,.T.);
#3253=EDGE_CURVE('',#2512,#2511,#128,.T.);
#3254=EDGE_CURVE('',#2513,#2512,#129,.T.);
#3255=EDGE_CURVE('',#2513,#2514,#417,.T.);
#3256=EDGE_CURVE('',#2515,#2514,#130,.T.);
#3257=EDGE_CURVE('',#2516,#2515,#131,.T.);
#3258=EDGE_CURVE('',#2516,#2517,#418,.T.);
#3259=EDGE_CURVE('',#2518,#2517,#132,.T.);
#3260=EDGE_CURVE('',#2519,#2518,#133,.T.);
#3261=EDGE_CURVE('',#2519,#2520,#419,.T.);
#3262=EDGE_CURVE('',#2521,#2520,#134,.T.);
#3263=EDGE_CURVE('',#2522,#2521,#135,.T.);
#3264=EDGE_CURVE('',#2522,#2523,#420,.T.);
#3265=EDGE_CURVE('',#2524,#2523,#136,.T.);
#3266=EDGE_CURVE('',#2525,#2524,#137,.T.);
#3267=EDGE_CURVE('',#2525,#2526,#421,.T.);
#3268=EDGE_CURVE('',#2527,#2526,#138,.T.);
#3269=EDGE_CURVE('',#2528,#2527,#139,.T.);
#3270=EDGE_CURVE('',#2528,#2529,#422,.T.);
#3271=EDGE_CURVE('',#2530,#2529,#140,.T.);
#3272=EDGE_CURVE('',#2531,#2530,#141,.T.);
#3273=EDGE_CURVE('',#2531,#2532,#423,.T.);
#3274=EDGE_CURVE('',#2533,#2532,#142,.T.);
#3275=EDGE_CURVE('',#2534,#2533,#143,.T.);
#3276=EDGE_CURVE('',#2534,#2535,#424,.T.);
#3277=EDGE_CURVE('',#2536,#2535,#144,.T.);
#3278=EDGE_CURVE('',#2537,#2536,#145,.T.);
#3279=EDGE_CURVE('',#2537,#2538,#425,.T.);
#3280=EDGE_CURVE('',#2539,#2538,#146,.T.);
#3281=EDGE_CURVE('',#2540,#2539,#147,.T.);
#3282=EDGE_CURVE('',#2540,#2541,#426,.T.);
#3283=EDGE_CURVE('',#2542,#2541,#148,.T.);
#3284=EDGE_CURVE('',#2543,#2542,#149,.T.);
#3285=EDGE_CURVE('',#2543,#2544,#427,.T.);
#3286=EDGE_CURVE('',#2545,#2544,#150,.T.);
#3287=EDGE_CURVE('',#2546,#2545,#151,.T.);
#3288=EDGE_CURVE('',#2546,#2547,#428,.T.);
#3289=EDGE_CURVE('',#2548,#2547,#152,.T.);
#3290=EDGE_CURVE('',#2549,#2548,#153,.T.);
#3291=EDGE_CURVE('',#2549,#2550,#429,.T.);
#3292=EDGE_CURVE('',#2551,#2550,#154,.T.);
#3293=EDGE_CURVE('',#2552,#2551,#155,.T.);
#3294=EDGE_CURVE('',#2552,#2553,#430,.T.);
#3295=EDGE_CURVE('',#2554,#2553,#156,.T.);
#3296=EDGE_CURVE('',#2555,#2554,#157,.T.);
#3297=EDGE_CURVE('',#2555,#2556,#431,.T.);
#3298=EDGE_CURVE('',#2557,#2556,#158,.T.);
#3299=EDGE_CURVE('',#2558,#2557,#159,.T.);
#3300=EDGE_CURVE('',#2558,#2559,#432,.T.);
#3301=EDGE_CURVE('',#2560,#2559,#160,.T.);
#3302=EDGE_CURVE('',#2561,#2560,#161,.T.);
#3303=EDGE_CURVE('',#2561,#2562,#433,.T.);
#3304=EDGE_CURVE('',#2563,#2562,#162,.T.);
#3305=EDGE_CURVE('',#2564,#2563,#163,.T.);
#3306=EDGE_CURVE('',#2564,#2565,#434,.T.);
#3307=EDGE_CURVE('',#2565,#2566,#164,.T.);
#3308=EDGE_CURVE('',#2566,#2567,#165,.T.);
#3309=EDGE_CURVE('',#2567,#2495,#435,.T.);
#3310=EDGE_CURVE('',#2491,#2568,#436,.T.);
#3311=EDGE_CURVE('',#2569,#2568,#166,.T.);
#3312=EDGE_CURVE('',#2570,#2569,#167,.T.);
#3313=EDGE_CURVE('',#2570,#2571,#437,.T.);
#3314=EDGE_CURVE('',#2572,#2571,#168,.T.);
#3315=EDGE_CURVE('',#2573,#2572,#169,.T.);
#3316=EDGE_CURVE('',#2573,#2574,#438,.T.);
#3317=EDGE_CURVE('',#2575,#2574,#170,.T.);
#3318=EDGE_CURVE('',#2576,#2575,#171,.T.);
#3319=EDGE_CURVE('',#2576,#2577,#439,.T.);
#3320=EDGE_CURVE('',#2578,#2577,#172,.T.);
#3321=EDGE_CURVE('',#2579,#2578,#173,.T.);
#3322=EDGE_CURVE('',#2579,#2580,#440,.T.);
#3323=EDGE_CURVE('',#2581,#2580,#174,.T.);
#3324=EDGE_CURVE('',#2582,#2581,#175,.T.);
#3325=EDGE_CURVE('',#2582,#2583,#441,.T.);
#3326=EDGE_CURVE('',#2584,#2583,#176,.T.);
#3327=EDGE_CURVE('',#2585,#2584,#177,.T.);
#3328=EDGE_CURVE('',#2585,#2498,#442,.T.);
#3329=EDGE_CURVE('',#2586,#2494,#443,.T.);
#3330=EDGE_CURVE('',#2586,#2568,#1591,.T.);
#3331=EDGE_CURVE('',#2587,#2569,#1592,.T.);
#3332=EDGE_CURVE('',#2587,#2588,#178,.T.);
#3333=EDGE_CURVE('',#2588,#2570,#1593,.T.);
#3334=EDGE_CURVE('',#2586,#2587,#179,.T.);
#3335=EDGE_CURVE('',#2589,#2588,#444,.T.);
#3336=EDGE_CURVE('',#2589,#2571,#1594,.T.);
#3337=EDGE_CURVE('',#2590,#2572,#1595,.T.);
#3338=EDGE_CURVE('',#2590,#2591,#180,.T.);
#3339=EDGE_CURVE('',#2591,#2573,#1596,.T.);
#3340=EDGE_CURVE('',#2589,#2590,#181,.T.);
#3341=EDGE_CURVE('',#2592,#2591,#445,.T.);
#3342=EDGE_CURVE('',#2592,#2574,#1597,.T.);
#3343=EDGE_CURVE('',#2593,#2575,#1598,.T.);
#3344=EDGE_CURVE('',#2593,#2594,#182,.T.);
#3345=EDGE_CURVE('',#2594,#2576,#1599,.T.);
#3346=EDGE_CURVE('',#2592,#2593,#183,.T.);
#3347=EDGE_CURVE('',#2595,#2594,#446,.T.);
#3348=EDGE_CURVE('',#2595,#2577,#1600,.T.);
#3349=EDGE_CURVE('',#2596,#2578,#1601,.T.);
#3350=EDGE_CURVE('',#2596,#2597,#184,.T.);
#3351=EDGE_CURVE('',#2597,#2579,#1602,.T.);
#3352=EDGE_CURVE('',#2595,#2596,#185,.T.);
#3353=EDGE_CURVE('',#2598,#2597,#447,.T.);
#3354=EDGE_CURVE('',#2598,#2580,#1603,.T.);
#3355=EDGE_CURVE('',#2599,#2581,#1604,.T.);
#3356=EDGE_CURVE('',#2599,#2600,#186,.T.);
#3357=EDGE_CURVE('',#2600,#2582,#1605,.T.);
#3358=EDGE_CURVE('',#2598,#2599,#187,.T.);
#3359=EDGE_CURVE('',#2601,#2600,#448,.T.);
#3360=EDGE_CURVE('',#2601,#2583,#1606,.T.);
#3361=EDGE_CURVE('',#2602,#2584,#1607,.T.);
#3362=EDGE_CURVE('',#2602,#2603,#188,.T.);
#3363=EDGE_CURVE('',#2603,#2585,#1608,.T.);
#3364=EDGE_CURVE('',#2601,#2602,#189,.T.);
#3365=EDGE_CURVE('',#2604,#2603,#449,.T.);
#3366=EDGE_CURVE('',#2605,#2604,#450,.T.);
#3367=EDGE_CURVE('',#2605,#2499,#1609,.T.);
#3368=EDGE_CURVE('',#2606,#2500,#1610,.T.);
#3369=EDGE_CURVE('',#2606,#2607,#190,.T.);
#3370=EDGE_CURVE('',#2607,#2501,#1611,.T.);
#3371=EDGE_CURVE('',#2605,#2606,#191,.T.);
#3372=EDGE_CURVE('',#2608,#2607,#451,.T.);
#3373=EDGE_CURVE('',#2608,#2502,#1612,.T.);
#3374=EDGE_CURVE('',#2609,#2503,#1613,.T.);
#3375=EDGE_CURVE('',#2609,#2610,#192,.T.);
#3376=EDGE_CURVE('',#2610,#2504,#1614,.T.);
#3377=EDGE_CURVE('',#2608,#2609,#193,.T.);
#3378=EDGE_CURVE('',#2611,#2610,#452,.T.);
#3379=EDGE_CURVE('',#2611,#2505,#1615,.T.);
#3380=EDGE_CURVE('',#2612,#2506,#1616,.T.);
#3381=EDGE_CURVE('',#2612,#2613,#194,.T.);
#3382=EDGE_CURVE('',#2613,#2507,#1617,.T.);
#3383=EDGE_CURVE('',#2611,#2612,#195,.T.);
#3384=EDGE_CURVE('',#2614,#2613,#453,.T.);
#3385=EDGE_CURVE('',#2614,#2508,#1618,.T.);
#3386=EDGE_CURVE('',#2615,#2509,#1619,.T.);
#3387=EDGE_CURVE('',#2615,#2616,#196,.T.);
#3388=EDGE_CURVE('',#2616,#2510,#1620,.T.);
#3389=EDGE_CURVE('',#2614,#2615,#197,.T.);
#3390=EDGE_CURVE('',#2617,#2616,#454,.T.);
#3391=EDGE_CURVE('',#2617,#2511,#1621,.T.);
#3392=EDGE_CURVE('',#2618,#2512,#1622,.T.);
#3393=EDGE_CURVE('',#2618,#2619,#198,.T.);
#3394=EDGE_CURVE('',#2619,#2513,#1623,.T.);
#3395=EDGE_CURVE('',#2617,#2618,#199,.T.);
#3396=EDGE_CURVE('',#2620,#2619,#455,.T.);
#3397=EDGE_CURVE('',#2620,#2514,#1624,.T.);
#3398=EDGE_CURVE('',#2621,#2515,#1625,.T.);
#3399=EDGE_CURVE('',#2621,#2622,#200,.T.);
#3400=EDGE_CURVE('',#2622,#2516,#1626,.T.);
#3401=EDGE_CURVE('',#2620,#2621,#201,.T.);
#3402=EDGE_CURVE('',#2623,#2622,#456,.T.);
#3403=EDGE_CURVE('',#2623,#2517,#1627,.T.);
#3404=EDGE_CURVE('',#2624,#2518,#1628,.T.);
#3405=EDGE_CURVE('',#2624,#2625,#202,.T.);
#3406=EDGE_CURVE('',#2625,#2519,#1629,.T.);
#3407=EDGE_CURVE('',#2623,#2624,#203,.T.);
#3408=EDGE_CURVE('',#2626,#2625,#457,.T.);
#3409=EDGE_CURVE('',#2626,#2520,#1630,.T.);
#3410=EDGE_CURVE('',#2627,#2521,#1631,.T.);
#3411=EDGE_CURVE('',#2627,#2628,#204,.T.);
#3412=EDGE_CURVE('',#2628,#2522,#1632,.T.);
#3413=EDGE_CURVE('',#2626,#2627,#205,.T.);
#3414=EDGE_CURVE('',#2629,#2628,#458,.T.);
#3415=EDGE_CURVE('',#2629,#2523,#1633,.T.);
#3416=EDGE_CURVE('',#2630,#2524,#1634,.T.);
#3417=EDGE_CURVE('',#2630,#2631,#206,.T.);
#3418=EDGE_CURVE('',#2631,#2525,#1635,.T.);
#3419=EDGE_CURVE('',#2629,#2630,#207,.T.);
#3420=EDGE_CURVE('',#2632,#2631,#459,.T.);
#3421=EDGE_CURVE('',#2632,#2526,#1636,.T.);
#3422=EDGE_CURVE('',#2633,#2527,#1637,.T.);
#3423=EDGE_CURVE('',#2633,#2634,#208,.T.);
#3424=EDGE_CURVE('',#2634,#2528,#1638,.T.);
#3425=EDGE_CURVE('',#2632,#2633,#209,.T.);
#3426=EDGE_CURVE('',#2635,#2634,#460,.T.);
#3427=EDGE_CURVE('',#2635,#2529,#1639,.T.);
#3428=EDGE_CURVE('',#2636,#2530,#1640,.T.);
#3429=EDGE_CURVE('',#2636,#2637,#210,.T.);
#3430=EDGE_CURVE('',#2637,#2531,#1641,.T.);
#3431=EDGE_CURVE('',#2635,#2636,#211,.T.);
#3432=EDGE_CURVE('',#2638,#2637,#461,.T.);
#3433=EDGE_CURVE('',#2638,#2532,#1642,.T.);
#3434=EDGE_CURVE('',#2639,#2533,#1643,.T.);
#3435=EDGE_CURVE('',#2639,#2640,#212,.T.);
#3436=EDGE_CURVE('',#2640,#2534,#1644,.T.);
#3437=EDGE_CURVE('',#2638,#2639,#213,.T.);
#3438=EDGE_CURVE('',#2641,#2640,#462,.T.);
#3439=EDGE_CURVE('',#2641,#2535,#1645,.T.);
#3440=EDGE_CURVE('',#2642,#2536,#1646,.T.);
#3441=EDGE_CURVE('',#2642,#2643,#214,.T.);
#3442=EDGE_CURVE('',#2643,#2537,#1647,.T.);
#3443=EDGE_CURVE('',#2641,#2642,#215,.T.);
#3444=EDGE_CURVE('',#2644,#2643,#463,.T.);
#3445=EDGE_CURVE('',#2644,#2538,#1648,.T.);
#3446=EDGE_CURVE('',#2645,#2539,#1649,.T.);
#3447=EDGE_CURVE('',#2645,#2646,#216,.T.);
#3448=EDGE_CURVE('',#2646,#2540,#1650,.T.);
#3449=EDGE_CURVE('',#2644,#2645,#217,.T.);
#3450=EDGE_CURVE('',#2647,#2646,#464,.T.);
#3451=EDGE_CURVE('',#2647,#2541,#1651,.T.);
#3452=EDGE_CURVE('',#2648,#2542,#1652,.T.);
#3453=EDGE_CURVE('',#2648,#2649,#218,.T.);
#3454=EDGE_CURVE('',#2649,#2543,#1653,.T.);
#3455=EDGE_CURVE('',#2647,#2648,#219,.T.);
#3456=EDGE_CURVE('',#2650,#2649,#465,.T.);
#3457=EDGE_CURVE('',#2650,#2544,#1654,.T.);
#3458=EDGE_CURVE('',#2651,#2545,#1655,.T.);
#3459=EDGE_CURVE('',#2651,#2652,#220,.T.);
#3460=EDGE_CURVE('',#2652,#2546,#1656,.T.);
#3461=EDGE_CURVE('',#2650,#2651,#221,.T.);
#3462=EDGE_CURVE('',#2653,#2652,#466,.T.);
#3463=EDGE_CURVE('',#2653,#2547,#1657,.T.);
#3464=EDGE_CURVE('',#2654,#2548,#1658,.T.);
#3465=EDGE_CURVE('',#2654,#2655,#222,.T.);
#3466=EDGE_CURVE('',#2655,#2549,#1659,.T.);
#3467=EDGE_CURVE('',#2653,#2654,#223,.T.);
#3468=EDGE_CURVE('',#2656,#2655,#467,.T.);
#3469=EDGE_CURVE('',#2656,#2550,#1660,.T.);
#3470=EDGE_CURVE('',#2657,#2551,#1661,.T.);
#3471=EDGE_CURVE('',#2657,#2658,#224,.T.);
#3472=EDGE_CURVE('',#2658,#2552,#1662,.T.);
#3473=EDGE_CURVE('',#2656,#2657,#225,.T.);
#3474=EDGE_CURVE('',#2659,#2658,#468,.T.);
#3475=EDGE_CURVE('',#2659,#2553,#1663,.T.);
#3476=EDGE_CURVE('',#2660,#2554,#1664,.T.);
#3477=EDGE_CURVE('',#2660,#2661,#226,.T.);
#3478=EDGE_CURVE('',#2661,#2555,#1665,.T.);
#3479=EDGE_CURVE('',#2659,#2660,#227,.T.);
#3480=EDGE_CURVE('',#2662,#2661,#469,.T.);
#3481=EDGE_CURVE('',#2662,#2556,#1666,.T.);
#3482=EDGE_CURVE('',#2663,#2557,#1667,.T.);
#3483=EDGE_CURVE('',#2663,#2664,#228,.T.);
#3484=EDGE_CURVE('',#2664,#2558,#1668,.T.);
#3485=EDGE_CURVE('',#2662,#2663,#229,.T.);
#3486=EDGE_CURVE('',#2665,#2664,#470,.T.);
#3487=EDGE_CURVE('',#2665,#2559,#1669,.T.);
#3488=EDGE_CURVE('',#2666,#2560,#1670,.T.);
#3489=EDGE_CURVE('',#2666,#2667,#230,.T.);
#3490=EDGE_CURVE('',#2667,#2561,#1671,.T.);
#3491=EDGE_CURVE('',#2665,#2666,#231,.T.);
#3492=EDGE_CURVE('',#2668,#2667,#471,.T.);
#3493=EDGE_CURVE('',#2668,#2562,#1672,.T.);
#3494=EDGE_CURVE('',#2669,#2563,#1673,.T.);
#3495=EDGE_CURVE('',#2669,#2670,#232,.T.);
#3496=EDGE_CURVE('',#2670,#2564,#1674,.T.);
#3497=EDGE_CURVE('',#2668,#2669,#233,.T.);
#3498=EDGE_CURVE('',#2496,#2671,#472,.T.);
#3499=EDGE_CURVE('',#2671,#2672,#234,.T.);
#3500=EDGE_CURVE('',#2672,#2673,#235,.T.);
#3501=EDGE_CURVE('',#2673,#2670,#473,.T.);
#3502=EDGE_CURVE('',#2604,#2674,#1675,.T.);
#3503=EDGE_CURVE('',#2674,#2674,#474,.T.);
#3504=EDGE_CURVE('',#2671,#2567,#1676,.T.);
#3505=EDGE_CURVE('',#2673,#2565,#1677,.T.);
#3506=EDGE_CURVE('',#2672,#2566,#1678,.T.);
#3507=EDGE_CURVE('',#2477,#2482,#236,.T.);
#3508=EDGE_CURVE('',#2481,#2478,#237,.T.);
#3509=EDGE_CURVE('',#2489,#2472,#238,.T.);
#3510=EDGE_CURVE('',#2471,#2490,#239,.T.);
#3511=EDGE_CURVE('',#2488,#2486,#240,.T.);
#3512=EDGE_CURVE('',#2487,#2485,#241,.T.);
#3513=EDGE_CURVE('',#2476,#2474,#242,.T.);
#3514=EDGE_CURVE('',#2473,#2475,#243,.T.);
#3515=ORIENTED_EDGE('',*,*,#2675,.F.);
#3516=ORIENTED_EDGE('',*,*,#2676,.T.);
#3517=ORIENTED_EDGE('',*,*,#2677,.F.);
#3518=ORIENTED_EDGE('',*,*,#2678,.F.);
#3519=ORIENTED_EDGE('',*,*,#2679,.T.);
#3520=ORIENTED_EDGE('',*,*,#2678,.T.);
#3521=ORIENTED_EDGE('',*,*,#2680,.F.);
#3522=ORIENTED_EDGE('',*,*,#2681,.F.);
#3523=ORIENTED_EDGE('',*,*,#2682,.T.);
#3524=ORIENTED_EDGE('',*,*,#2681,.T.);
#3525=ORIENTED_EDGE('',*,*,#2683,.F.);
#3526=ORIENTED_EDGE('',*,*,#2684,.F.);
#3527=ORIENTED_EDGE('',*,*,#2685,.T.);
#3528=ORIENTED_EDGE('',*,*,#2684,.T.);
#3529=ORIENTED_EDGE('',*,*,#2686,.F.);
#3530=ORIENTED_EDGE('',*,*,#2687,.F.);
#3531=ORIENTED_EDGE('',*,*,#2688,.F.);
#3532=ORIENTED_EDGE('',*,*,#2687,.T.);
#3533=ORIENTED_EDGE('',*,*,#2689,.F.);
#3534=ORIENTED_EDGE('',*,*,#2690,.F.);
#3535=ORIENTED_EDGE('',*,*,#2691,.F.);
#3536=ORIENTED_EDGE('',*,*,#2690,.T.);
#3537=ORIENTED_EDGE('',*,*,#2692,.F.);
#3538=ORIENTED_EDGE('',*,*,#2693,.F.);
#3539=ORIENTED_EDGE('',*,*,#2694,.T.);
#3540=ORIENTED_EDGE('',*,*,#2693,.T.);
#3541=ORIENTED_EDGE('',*,*,#2695,.F.);
#3542=ORIENTED_EDGE('',*,*,#2696,.F.);
#3543=ORIENTED_EDGE('',*,*,#2697,.T.);
#3544=ORIENTED_EDGE('',*,*,#2696,.T.);
#3545=ORIENTED_EDGE('',*,*,#2698,.F.);
#3546=ORIENTED_EDGE('',*,*,#2699,.F.);
#3547=ORIENTED_EDGE('',*,*,#2700,.F.);
#3548=ORIENTED_EDGE('',*,*,#2699,.T.);
#3549=ORIENTED_EDGE('',*,*,#2701,.F.);
#3550=ORIENTED_EDGE('',*,*,#2702,.F.);
#3551=ORIENTED_EDGE('',*,*,#2703,.F.);
#3552=ORIENTED_EDGE('',*,*,#2702,.T.);
#3553=ORIENTED_EDGE('',*,*,#2704,.F.);
#3554=ORIENTED_EDGE('',*,*,#2705,.F.);
#3555=ORIENTED_EDGE('',*,*,#2706,.F.);
#3556=ORIENTED_EDGE('',*,*,#2705,.T.);
#3557=ORIENTED_EDGE('',*,*,#2707,.F.);
#3558=ORIENTED_EDGE('',*,*,#2708,.F.);
#3559=ORIENTED_EDGE('',*,*,#2709,.F.);
#3560=ORIENTED_EDGE('',*,*,#2708,.T.);
#3561=ORIENTED_EDGE('',*,*,#2710,.F.);
#3562=ORIENTED_EDGE('',*,*,#2711,.F.);
#3563=ORIENTED_EDGE('',*,*,#2712,.T.);
#3564=ORIENTED_EDGE('',*,*,#2711,.T.);
#3565=ORIENTED_EDGE('',*,*,#2713,.F.);
#3566=ORIENTED_EDGE('',*,*,#2714,.F.);
#3567=ORIENTED_EDGE('',*,*,#2715,.F.);
#3568=ORIENTED_EDGE('',*,*,#2714,.T.);
#3569=ORIENTED_EDGE('',*,*,#2716,.F.);
#3570=ORIENTED_EDGE('',*,*,#2676,.F.);
#3571=ORIENTED_EDGE('',*,*,#2715,.T.);
#3572=ORIENTED_EDGE('',*,*,#2675,.T.);
#3573=ORIENTED_EDGE('',*,*,#2679,.F.);
#3574=ORIENTED_EDGE('',*,*,#2682,.F.);
#3575=ORIENTED_EDGE('',*,*,#2685,.F.);
#3576=ORIENTED_EDGE('',*,*,#2688,.T.);
#3577=ORIENTED_EDGE('',*,*,#2691,.T.);
#3578=ORIENTED_EDGE('',*,*,#2694,.F.);
#3579=ORIENTED_EDGE('',*,*,#2697,.F.);
#3580=ORIENTED_EDGE('',*,*,#2700,.T.);
#3581=ORIENTED_EDGE('',*,*,#2703,.T.);
#3582=ORIENTED_EDGE('',*,*,#2706,.T.);
#3583=ORIENTED_EDGE('',*,*,#2709,.T.);
#3584=ORIENTED_EDGE('',*,*,#2712,.F.);
#3585=ORIENTED_EDGE('',*,*,#2716,.T.);
#3586=ORIENTED_EDGE('',*,*,#2713,.T.);
#3587=ORIENTED_EDGE('',*,*,#2710,.T.);
#3588=ORIENTED_EDGE('',*,*,#2707,.T.);
#3589=ORIENTED_EDGE('',*,*,#2704,.T.);
#3590=ORIENTED_EDGE('',*,*,#2701,.T.);
#3591=ORIENTED_EDGE('',*,*,#2698,.T.);
#3592=ORIENTED_EDGE('',*,*,#2695,.T.);
#3593=ORIENTED_EDGE('',*,*,#2692,.T.);
#3594=ORIENTED_EDGE('',*,*,#2689,.T.);
#3595=ORIENTED_EDGE('',*,*,#2686,.T.);
#3596=ORIENTED_EDGE('',*,*,#2683,.T.);
#3597=ORIENTED_EDGE('',*,*,#2680,.T.);
#3598=ORIENTED_EDGE('',*,*,#2677,.T.);
#3599=ORIENTED_EDGE('',*,*,#2717,.T.);
#3600=ORIENTED_EDGE('',*,*,#2718,.T.);
#3601=ORIENTED_EDGE('',*,*,#2719,.F.);
#3602=ORIENTED_EDGE('',*,*,#2720,.F.);
#3603=ORIENTED_EDGE('',*,*,#2721,.T.);
#3604=ORIENTED_EDGE('',*,*,#2722,.F.);
#3605=ORIENTED_EDGE('',*,*,#2723,.F.);
#3606=ORIENTED_EDGE('',*,*,#2724,.F.);
#3607=ORIENTED_EDGE('',*,*,#2718,.F.);
#3608=ORIENTED_EDGE('',*,*,#2725,.T.);
#3609=ORIENTED_EDGE('',*,*,#2726,.F.);
#3610=ORIENTED_EDGE('',*,*,#2727,.F.);
#3611=ORIENTED_EDGE('',*,*,#2728,.F.);
#3612=ORIENTED_EDGE('',*,*,#2729,.T.);
#3613=ORIENTED_EDGE('',*,*,#2730,.F.);
#3614=ORIENTED_EDGE('',*,*,#2731,.F.);
#3615=ORIENTED_EDGE('',*,*,#2732,.F.);
#3616=ORIENTED_EDGE('',*,*,#2733,.F.);
#3617=ORIENTED_EDGE('',*,*,#2734,.F.);
#3618=ORIENTED_EDGE('',*,*,#2735,.F.);
#3619=ORIENTED_EDGE('',*,*,#2736,.F.);
#3620=ORIENTED_EDGE('',*,*,#2737,.F.);
#3621=ORIENTED_EDGE('',*,*,#2738,.F.);
#3622=ORIENTED_EDGE('',*,*,#2739,.T.);
#3623=ORIENTED_EDGE('',*,*,#2730,.T.);
#3624=ORIENTED_EDGE('',*,*,#2740,.T.);
#3625=ORIENTED_EDGE('',*,*,#2741,.F.);
#3626=ORIENTED_EDGE('',*,*,#2742,.F.);
#3627=ORIENTED_EDGE('',*,*,#2743,.F.);
#3628=ORIENTED_EDGE('',*,*,#2744,.F.);
#3629=ORIENTED_EDGE('',*,*,#2745,.F.);
#3630=ORIENTED_EDGE('',*,*,#2746,.F.);
#3631=ORIENTED_EDGE('',*,*,#2747,.T.);
#3632=ORIENTED_EDGE('',*,*,#2726,.T.);
#3633=ORIENTED_EDGE('',*,*,#2748,.F.);
#3634=ORIENTED_EDGE('',*,*,#2749,.F.);
#3635=ORIENTED_EDGE('',*,*,#2750,.F.);
#3636=ORIENTED_EDGE('',*,*,#2751,.F.);
#3637=ORIENTED_EDGE('',*,*,#2752,.F.);
#3638=ORIENTED_EDGE('',*,*,#2753,.F.);
#3639=ORIENTED_EDGE('',*,*,#2754,.F.);
#3640=ORIENTED_EDGE('',*,*,#2755,.F.);
#3641=ORIENTED_EDGE('',*,*,#2756,.F.);
#3642=ORIENTED_EDGE('',*,*,#2757,.T.);
#3643=ORIENTED_EDGE('',*,*,#2758,.F.);
#3644=ORIENTED_EDGE('',*,*,#2759,.T.);
#3645=ORIENTED_EDGE('',*,*,#2760,.T.);
#3646=ORIENTED_EDGE('',*,*,#2761,.T.);
#3647=ORIENTED_EDGE('',*,*,#2731,.T.);
#3648=ORIENTED_EDGE('',*,*,#2739,.F.);
#3649=ORIENTED_EDGE('',*,*,#2762,.F.);
#3650=ORIENTED_EDGE('',*,*,#2763,.F.);
#3651=ORIENTED_EDGE('',*,*,#2758,.T.);
#3652=ORIENTED_EDGE('',*,*,#2764,.T.);
#3653=ORIENTED_EDGE('',*,*,#2760,.F.);
#3654=ORIENTED_EDGE('',*,*,#2765,.T.);
#3655=ORIENTED_EDGE('',*,*,#2766,.F.);
#3656=ORIENTED_EDGE('',*,*,#2740,.F.);
#3657=ORIENTED_EDGE('',*,*,#2729,.F.);
#3658=ORIENTED_EDGE('',*,*,#2762,.T.);
#3659=ORIENTED_EDGE('',*,*,#2756,.T.);
#3660=ORIENTED_EDGE('',*,*,#2767,.F.);
#3661=ORIENTED_EDGE('',*,*,#2768,.T.);
#3662=ORIENTED_EDGE('',*,*,#2766,.T.);
#3663=ORIENTED_EDGE('',*,*,#2769,.T.);
#3664=ORIENTED_EDGE('',*,*,#2770,.T.);
#3665=ORIENTED_EDGE('',*,*,#2741,.T.);
#3666=ORIENTED_EDGE('',*,*,#2771,.F.);
#3667=ORIENTED_EDGE('',*,*,#2772,.T.);
#3668=ORIENTED_EDGE('',*,*,#2773,.T.);
#3669=ORIENTED_EDGE('',*,*,#2722,.T.);
#3670=ORIENTED_EDGE('',*,*,#2774,.F.);
#3671=ORIENTED_EDGE('',*,*,#2720,.T.);
#3672=ORIENTED_EDGE('',*,*,#2775,.F.);
#3673=ORIENTED_EDGE('',*,*,#2776,.T.);
#3674=ORIENTED_EDGE('',*,*,#2777,.F.);
#3675=ORIENTED_EDGE('',*,*,#2724,.T.);
#3676=ORIENTED_EDGE('',*,*,#2778,.F.);
#3677=ORIENTED_EDGE('',*,*,#2779,.F.);
#3678=ORIENTED_EDGE('',*,*,#2723,.T.);
#3679=ORIENTED_EDGE('',*,*,#2773,.F.);
#3680=ORIENTED_EDGE('',*,*,#2780,.F.);
#3681=ORIENTED_EDGE('',*,*,#2778,.T.);
#3682=ORIENTED_EDGE('',*,*,#2719,.T.);
#3683=ORIENTED_EDGE('',*,*,#2727,.T.);
#3684=ORIENTED_EDGE('',*,*,#2747,.F.);
#3685=ORIENTED_EDGE('',*,*,#2781,.F.);
#3686=ORIENTED_EDGE('',*,*,#2782,.F.);
#3687=ORIENTED_EDGE('',*,*,#2775,.T.);
#3688=ORIENTED_EDGE('',*,*,#2783,.F.);
#3689=ORIENTED_EDGE('',*,*,#2776,.F.);
#3690=ORIENTED_EDGE('',*,*,#2782,.T.);
#3691=ORIENTED_EDGE('',*,*,#2784,.F.);
#3692=ORIENTED_EDGE('',*,*,#2785,.T.);
#3693=ORIENTED_EDGE('',*,*,#2786,.F.);
#3694=ORIENTED_EDGE('',*,*,#2787,.T.);
#3695=ORIENTED_EDGE('',*,*,#2788,.T.);
#3696=ORIENTED_EDGE('',*,*,#2789,.F.);
#3697=ORIENTED_EDGE('',*,*,#2779,.T.);
#3698=ORIENTED_EDGE('',*,*,#2780,.T.);
#3699=ORIENTED_EDGE('',*,*,#2772,.F.);
#3700=ORIENTED_EDGE('',*,*,#2777,.T.);
#3701=ORIENTED_EDGE('',*,*,#2789,.T.);
#3702=ORIENTED_EDGE('',*,*,#2790,.T.);
#3703=ORIENTED_EDGE('',*,*,#2748,.T.);
#3704=ORIENTED_EDGE('',*,*,#2725,.F.);
#3705=ORIENTED_EDGE('',*,*,#2717,.F.);
#3706=ORIENTED_EDGE('',*,*,#2774,.T.);
#3707=ORIENTED_EDGE('',*,*,#2783,.T.);
#3708=ORIENTED_EDGE('',*,*,#2771,.T.);
#3709=ORIENTED_EDGE('',*,*,#2721,.F.);
#3710=ORIENTED_EDGE('',*,*,#2791,.F.);
#3711=ORIENTED_EDGE('',*,*,#2792,.T.);
#3712=ORIENTED_EDGE('',*,*,#2793,.F.);
#3713=ORIENTED_EDGE('',*,*,#2794,.F.);
#3714=ORIENTED_EDGE('',*,*,#2795,.F.);
#3715=ORIENTED_EDGE('',*,*,#2794,.T.);
#3716=ORIENTED_EDGE('',*,*,#2796,.F.);
#3717=ORIENTED_EDGE('',*,*,#2797,.F.);
#3718=ORIENTED_EDGE('',*,*,#2798,.F.);
#3719=ORIENTED_EDGE('',*,*,#2797,.T.);
#3720=ORIENTED_EDGE('',*,*,#2799,.F.);
#3721=ORIENTED_EDGE('',*,*,#2800,.F.);
#3722=ORIENTED_EDGE('',*,*,#2801,.F.);
#3723=ORIENTED_EDGE('',*,*,#2802,.T.);
#3724=ORIENTED_EDGE('',*,*,#2803,.F.);
#3725=ORIENTED_EDGE('',*,*,#2804,.F.);
#3726=ORIENTED_EDGE('',*,*,#2785,.F.);
#3727=ORIENTED_EDGE('',*,*,#2805,.T.);
#3728=ORIENTED_EDGE('',*,*,#2806,.F.);
#3729=ORIENTED_EDGE('',*,*,#2807,.F.);
#3730=ORIENTED_EDGE('',*,*,#2787,.F.);
#3731=ORIENTED_EDGE('',*,*,#2808,.T.);
#3732=ORIENTED_EDGE('',*,*,#2809,.F.);
#3733=ORIENTED_EDGE('',*,*,#2810,.F.);
#3734=ORIENTED_EDGE('',*,*,#2811,.F.);
#3735=ORIENTED_EDGE('',*,*,#2812,.T.);
#3736=ORIENTED_EDGE('',*,*,#2813,.F.);
#3737=ORIENTED_EDGE('',*,*,#2814,.F.);
#3738=ORIENTED_EDGE('',*,*,#2815,.T.);
#3739=ORIENTED_EDGE('',*,*,#2816,.T.);
#3740=ORIENTED_EDGE('',*,*,#2817,.T.);
#3741=ORIENTED_EDGE('',*,*,#2818,.T.);
#3742=ORIENTED_EDGE('',*,*,#2819,.T.);
#3743=ORIENTED_EDGE('',*,*,#2820,.T.);
#3744=ORIENTED_EDGE('',*,*,#2813,.T.);
#3745=ORIENTED_EDGE('',*,*,#2821,.T.);
#3746=ORIENTED_EDGE('',*,*,#2822,.T.);
#3747=ORIENTED_EDGE('',*,*,#2809,.T.);
#3748=ORIENTED_EDGE('',*,*,#2823,.T.);
#3749=ORIENTED_EDGE('',*,*,#2806,.T.);
#3750=ORIENTED_EDGE('',*,*,#2824,.T.);
#3751=ORIENTED_EDGE('',*,*,#2825,.T.);
#3752=ORIENTED_EDGE('',*,*,#2803,.T.);
#3753=ORIENTED_EDGE('',*,*,#2826,.T.);
#3754=ORIENTED_EDGE('',*,*,#2799,.T.);
#3755=ORIENTED_EDGE('',*,*,#2796,.T.);
#3756=ORIENTED_EDGE('',*,*,#2793,.T.);
#3757=ORIENTED_EDGE('',*,*,#2827,.T.);
#3758=ORIENTED_EDGE('',*,*,#2828,.T.);
#3759=ORIENTED_EDGE('',*,*,#2829,.F.);
#3760=ORIENTED_EDGE('',*,*,#2830,.F.);
#3761=ORIENTED_EDGE('',*,*,#2831,.F.);
#3762=ORIENTED_EDGE('',*,*,#2832,.F.);
#3763=ORIENTED_EDGE('',*,*,#2833,.T.);
#3764=ORIENTED_EDGE('',*,*,#2834,.F.);
#3765=ORIENTED_EDGE('',*,*,#2769,.F.);
#3766=ORIENTED_EDGE('',*,*,#2765,.F.);
#3767=ORIENTED_EDGE('',*,*,#2759,.F.);
#3768=ORIENTED_EDGE('',*,*,#2763,.T.);
#3769=ORIENTED_EDGE('',*,*,#2768,.F.);
#3770=ORIENTED_EDGE('',*,*,#2835,.F.);
#3771=ORIENTED_EDGE('',*,*,#2836,.T.);
#3772=ORIENTED_EDGE('',*,*,#2811,.T.);
#3773=ORIENTED_EDGE('',*,*,#2837,.F.);
#3774=ORIENTED_EDGE('',*,*,#2791,.T.);
#3775=ORIENTED_EDGE('',*,*,#2795,.T.);
#3776=ORIENTED_EDGE('',*,*,#2798,.T.);
#3777=ORIENTED_EDGE('',*,*,#2838,.F.);
#3778=ORIENTED_EDGE('',*,*,#2801,.T.);
#3779=ORIENTED_EDGE('',*,*,#2839,.T.);
#3780=ORIENTED_EDGE('',*,*,#2840,.F.);
#3781=ORIENTED_EDGE('',*,*,#2841,.F.);
#3782=ORIENTED_EDGE('',*,*,#2842,.T.);
#3783=ORIENTED_EDGE('',*,*,#2737,.T.);
#3784=ORIENTED_EDGE('',*,*,#2843,.T.);
#3785=ORIENTED_EDGE('',*,*,#2819,.F.);
#3786=ORIENTED_EDGE('',*,*,#2792,.F.);
#3787=ORIENTED_EDGE('',*,*,#2837,.T.);
#3788=ORIENTED_EDGE('',*,*,#2814,.T.);
#3789=ORIENTED_EDGE('',*,*,#2820,.F.);
#3790=ORIENTED_EDGE('',*,*,#2843,.F.);
#3791=ORIENTED_EDGE('',*,*,#2736,.T.);
#3792=ORIENTED_EDGE('',*,*,#2844,.T.);
#3793=ORIENTED_EDGE('',*,*,#2786,.T.);
#3794=ORIENTED_EDGE('',*,*,#2807,.T.);
#3795=ORIENTED_EDGE('',*,*,#2823,.F.);
#3796=ORIENTED_EDGE('',*,*,#2808,.F.);
#3797=ORIENTED_EDGE('',*,*,#2844,.F.);
#3798=ORIENTED_EDGE('',*,*,#2829,.T.);
#3799=ORIENTED_EDGE('',*,*,#2845,.T.);
#3800=ORIENTED_EDGE('',*,*,#2753,.T.);
#3801=ORIENTED_EDGE('',*,*,#2846,.F.);
#3802=ORIENTED_EDGE('',*,*,#2830,.T.);
#3803=ORIENTED_EDGE('',*,*,#2846,.T.);
#3804=ORIENTED_EDGE('',*,*,#2752,.T.);
#3805=ORIENTED_EDGE('',*,*,#2847,.F.);
#3806=ORIENTED_EDGE('',*,*,#2831,.T.);
#3807=ORIENTED_EDGE('',*,*,#2847,.T.);
#3808=ORIENTED_EDGE('',*,*,#2751,.T.);
#3809=ORIENTED_EDGE('',*,*,#2848,.F.);
#3810=ORIENTED_EDGE('',*,*,#2832,.T.);
#3811=ORIENTED_EDGE('',*,*,#2848,.T.);
#3812=ORIENTED_EDGE('',*,*,#2750,.T.);
#3813=ORIENTED_EDGE('',*,*,#2849,.F.);
#3814=ORIENTED_EDGE('',*,*,#2849,.T.);
#3815=ORIENTED_EDGE('',*,*,#2749,.T.);
#3816=ORIENTED_EDGE('',*,*,#2790,.F.);
#3817=ORIENTED_EDGE('',*,*,#2788,.F.);
#3818=ORIENTED_EDGE('',*,*,#2810,.T.);
#3819=ORIENTED_EDGE('',*,*,#2822,.F.);
#3820=ORIENTED_EDGE('',*,*,#2850,.F.);
#3821=ORIENTED_EDGE('',*,*,#2827,.F.);
#3822=ORIENTED_EDGE('',*,*,#2781,.T.);
#3823=ORIENTED_EDGE('',*,*,#2746,.T.);
#3824=ORIENTED_EDGE('',*,*,#2851,.F.);
#3825=ORIENTED_EDGE('',*,*,#2839,.F.);
#3826=ORIENTED_EDGE('',*,*,#2852,.T.);
#3827=ORIENTED_EDGE('',*,*,#2824,.F.);
#3828=ORIENTED_EDGE('',*,*,#2805,.F.);
#3829=ORIENTED_EDGE('',*,*,#2784,.T.);
#3830=ORIENTED_EDGE('',*,*,#2840,.T.);
#3831=ORIENTED_EDGE('',*,*,#2851,.T.);
#3832=ORIENTED_EDGE('',*,*,#2745,.T.);
#3833=ORIENTED_EDGE('',*,*,#2853,.F.);
#3834=ORIENTED_EDGE('',*,*,#2841,.T.);
#3835=ORIENTED_EDGE('',*,*,#2853,.T.);
#3836=ORIENTED_EDGE('',*,*,#2744,.T.);
#3837=ORIENTED_EDGE('',*,*,#2854,.F.);
#3838=ORIENTED_EDGE('',*,*,#2854,.T.);
#3839=ORIENTED_EDGE('',*,*,#2743,.T.);
#3840=ORIENTED_EDGE('',*,*,#2855,.F.);
#3841=ORIENTED_EDGE('',*,*,#2833,.F.);
#3842=ORIENTED_EDGE('',*,*,#2804,.T.);
#3843=ORIENTED_EDGE('',*,*,#2825,.F.);
#3844=ORIENTED_EDGE('',*,*,#2852,.F.);
#3845=ORIENTED_EDGE('',*,*,#2842,.F.);
#3846=ORIENTED_EDGE('',*,*,#2834,.T.);
#3847=ORIENTED_EDGE('',*,*,#2855,.T.);
#3848=ORIENTED_EDGE('',*,*,#2742,.T.);
#3849=ORIENTED_EDGE('',*,*,#2770,.F.);
#3850=ORIENTED_EDGE('',*,*,#2835,.T.);
#3851=ORIENTED_EDGE('',*,*,#2767,.T.);
#3852=ORIENTED_EDGE('',*,*,#2755,.T.);
#3853=ORIENTED_EDGE('',*,*,#2856,.F.);
#3854=ORIENTED_EDGE('',*,*,#2856,.T.);
#3855=ORIENTED_EDGE('',*,*,#2754,.T.);
#3856=ORIENTED_EDGE('',*,*,#2845,.F.);
#3857=ORIENTED_EDGE('',*,*,#2828,.F.);
#3858=ORIENTED_EDGE('',*,*,#2850,.T.);
#3859=ORIENTED_EDGE('',*,*,#2821,.F.);
#3860=ORIENTED_EDGE('',*,*,#2812,.F.);
#3861=ORIENTED_EDGE('',*,*,#2836,.F.);
#3862=ORIENTED_EDGE('',*,*,#2738,.T.);
#3863=ORIENTED_EDGE('',*,*,#2857,.T.);
#3864=ORIENTED_EDGE('',*,*,#2800,.T.);
#3865=ORIENTED_EDGE('',*,*,#2826,.F.);
#3866=ORIENTED_EDGE('',*,*,#2802,.F.);
#3867=ORIENTED_EDGE('',*,*,#2838,.T.);
#3868=ORIENTED_EDGE('',*,*,#2857,.F.);
#3869=ORIENTED_EDGE('',*,*,#2858,.F.);
#3870=ORIENTED_EDGE('',*,*,#2733,.T.);
#3871=ORIENTED_EDGE('',*,*,#2859,.F.);
#3872=ORIENTED_EDGE('',*,*,#2816,.F.);
#3873=ORIENTED_EDGE('',*,*,#2859,.T.);
#3874=ORIENTED_EDGE('',*,*,#2732,.T.);
#3875=ORIENTED_EDGE('',*,*,#2860,.F.);
#3876=ORIENTED_EDGE('',*,*,#2817,.F.);
#3877=ORIENTED_EDGE('',*,*,#2860,.T.);
#3878=ORIENTED_EDGE('',*,*,#2735,.T.);
#3879=ORIENTED_EDGE('',*,*,#2861,.F.);
#3880=ORIENTED_EDGE('',*,*,#2818,.F.);
#3881=ORIENTED_EDGE('',*,*,#2861,.T.);
#3882=ORIENTED_EDGE('',*,*,#2734,.T.);
#3883=ORIENTED_EDGE('',*,*,#2858,.T.);
#3884=ORIENTED_EDGE('',*,*,#2815,.F.);
#3885=ORIENTED_EDGE('',*,*,#2728,.T.);
#3886=ORIENTED_EDGE('',*,*,#2761,.F.);
#3887=ORIENTED_EDGE('',*,*,#2757,.F.);
#3888=ORIENTED_EDGE('',*,*,#2764,.F.);
#3889=ORIENTED_EDGE('',*,*,#2862,.F.);
#3890=ORIENTED_EDGE('',*,*,#2863,.T.);
#3891=ORIENTED_EDGE('',*,*,#2864,.F.);
#3892=ORIENTED_EDGE('',*,*,#2863,.F.);
#3893=ORIENTED_EDGE('',*,*,#2865,.F.);
#3894=ORIENTED_EDGE('',*,*,#2866,.T.);
#3895=ORIENTED_EDGE('',*,*,#2867,.F.);
#3896=ORIENTED_EDGE('',*,*,#2866,.F.);
#3897=ORIENTED_EDGE('',*,*,#2868,.T.);
#3898=ORIENTED_EDGE('',*,*,#2869,.T.);
#3899=ORIENTED_EDGE('',*,*,#2870,.T.);
#3900=ORIENTED_EDGE('',*,*,#2869,.F.);
#3901=ORIENTED_EDGE('',*,*,#2871,.T.);
#3902=ORIENTED_EDGE('',*,*,#2872,.T.);
#3903=ORIENTED_EDGE('',*,*,#2873,.T.);
#3904=ORIENTED_EDGE('',*,*,#2874,.T.);
#3905=ORIENTED_EDGE('',*,*,#2864,.T.);
#3906=ORIENTED_EDGE('',*,*,#2867,.T.);
#3907=ORIENTED_EDGE('',*,*,#2875,.F.);
#3908=ORIENTED_EDGE('',*,*,#2876,.F.);
#3909=ORIENTED_EDGE('',*,*,#2877,.T.);
#3910=ORIENTED_EDGE('',*,*,#2878,.T.);
#3911=ORIENTED_EDGE('',*,*,#2879,.F.);
#3912=ORIENTED_EDGE('',*,*,#2868,.F.);
#3913=ORIENTED_EDGE('',*,*,#2870,.F.);
#3914=ORIENTED_EDGE('',*,*,#2880,.T.);
#3915=ORIENTED_EDGE('',*,*,#2881,.T.);
#3916=ORIENTED_EDGE('',*,*,#2880,.F.);
#3917=ORIENTED_EDGE('',*,*,#2882,.F.);
#3918=ORIENTED_EDGE('',*,*,#2876,.T.);
#3919=ORIENTED_EDGE('',*,*,#2883,.T.);
#3920=ORIENTED_EDGE('',*,*,#2884,.T.);
#3921=ORIENTED_EDGE('',*,*,#2883,.F.);
#3922=ORIENTED_EDGE('',*,*,#2879,.T.);
#3923=ORIENTED_EDGE('',*,*,#2882,.T.);
#3924=ORIENTED_EDGE('',*,*,#2878,.F.);
#3925=ORIENTED_EDGE('',*,*,#2885,.T.);
#3926=ORIENTED_EDGE('',*,*,#2886,.T.);
#3927=ORIENTED_EDGE('',*,*,#2885,.F.);
#3928=ORIENTED_EDGE('',*,*,#2877,.F.);
#3929=ORIENTED_EDGE('',*,*,#2884,.F.);
#3930=ORIENTED_EDGE('',*,*,#2887,.T.);
#3931=ORIENTED_EDGE('',*,*,#2888,.T.);
#3932=ORIENTED_EDGE('',*,*,#2887,.F.);
#3933=ORIENTED_EDGE('',*,*,#2875,.T.);
#3934=ORIENTED_EDGE('',*,*,#2889,.T.);
#3935=ORIENTED_EDGE('',*,*,#2890,.T.);
#3936=ORIENTED_EDGE('',*,*,#2889,.F.);
#3937=ORIENTED_EDGE('',*,*,#2890,.F.);
#3938=ORIENTED_EDGE('',*,*,#2891,.T.);
#3939=ORIENTED_EDGE('',*,*,#2892,.T.);
#3940=ORIENTED_EDGE('',*,*,#2891,.F.);
#3941=ORIENTED_EDGE('',*,*,#2893,.T.);
#3942=ORIENTED_EDGE('',*,*,#2894,.T.);
#3943=ORIENTED_EDGE('',*,*,#2874,.F.);
#3944=ORIENTED_EDGE('',*,*,#2895,.F.);
#3945=ORIENTED_EDGE('',*,*,#2896,.T.);
#3946=ORIENTED_EDGE('',*,*,#2895,.T.);
#3947=ORIENTED_EDGE('',*,*,#2873,.F.);
#3948=ORIENTED_EDGE('',*,*,#2897,.F.);
#3949=ORIENTED_EDGE('',*,*,#2898,.T.);
#3950=ORIENTED_EDGE('',*,*,#2897,.T.);
#3951=ORIENTED_EDGE('',*,*,#2872,.F.);
#3952=ORIENTED_EDGE('',*,*,#2899,.F.);
#3953=ORIENTED_EDGE('',*,*,#2900,.T.);
#3954=ORIENTED_EDGE('',*,*,#2899,.T.);
#3955=ORIENTED_EDGE('',*,*,#2871,.F.);
#3956=ORIENTED_EDGE('',*,*,#2894,.F.);
#3957=ORIENTED_EDGE('',*,*,#2900,.F.);
#3958=ORIENTED_EDGE('',*,*,#2893,.F.);
#3959=ORIENTED_EDGE('',*,*,#2896,.F.);
#3960=ORIENTED_EDGE('',*,*,#2898,.F.);
#3961=ORIENTED_EDGE('',*,*,#2862,.T.);
#3962=ORIENTED_EDGE('',*,*,#2865,.T.);
#3963=ORIENTED_EDGE('',*,*,#2881,.F.);
#3964=ORIENTED_EDGE('',*,*,#2892,.F.);
#3965=ORIENTED_EDGE('',*,*,#2886,.F.);
#3966=ORIENTED_EDGE('',*,*,#2888,.F.);
#3967=ORIENTED_EDGE('',*,*,#2901,.F.);
#3968=ORIENTED_EDGE('',*,*,#2902,.T.);
#3969=ORIENTED_EDGE('',*,*,#2903,.F.);
#3970=ORIENTED_EDGE('',*,*,#2904,.T.);
#3971=ORIENTED_EDGE('',*,*,#2905,.F.);
#3972=ORIENTED_EDGE('',*,*,#2906,.T.);
#3973=ORIENTED_EDGE('',*,*,#2901,.T.);
#3974=ORIENTED_EDGE('',*,*,#2907,.T.);
#3975=ORIENTED_EDGE('',*,*,#2908,.F.);
#3976=ORIENTED_EDGE('',*,*,#2909,.T.);
#3977=ORIENTED_EDGE('',*,*,#2905,.T.);
#3978=ORIENTED_EDGE('',*,*,#2910,.T.);
#3979=ORIENTED_EDGE('',*,*,#2911,.F.);
#3980=ORIENTED_EDGE('',*,*,#2912,.T.);
#3981=ORIENTED_EDGE('',*,*,#2908,.T.);
#3982=ORIENTED_EDGE('',*,*,#2913,.T.);
#3983=ORIENTED_EDGE('',*,*,#2914,.F.);
#3984=ORIENTED_EDGE('',*,*,#2915,.T.);
#3985=ORIENTED_EDGE('',*,*,#2911,.T.);
#3986=ORIENTED_EDGE('',*,*,#2916,.T.);
#3987=ORIENTED_EDGE('',*,*,#2917,.F.);
#3988=ORIENTED_EDGE('',*,*,#2918,.T.);
#3989=ORIENTED_EDGE('',*,*,#2914,.T.);
#3990=ORIENTED_EDGE('',*,*,#2919,.T.);
#3991=ORIENTED_EDGE('',*,*,#2920,.F.);
#3992=ORIENTED_EDGE('',*,*,#2921,.T.);
#3993=ORIENTED_EDGE('',*,*,#2917,.T.);
#3994=ORIENTED_EDGE('',*,*,#2922,.T.);
#3995=ORIENTED_EDGE('',*,*,#2923,.F.);
#3996=ORIENTED_EDGE('',*,*,#2924,.T.);
#3997=ORIENTED_EDGE('',*,*,#2925,.T.);
#3998=ORIENTED_EDGE('',*,*,#2926,.F.);
#3999=ORIENTED_EDGE('',*,*,#2927,.F.);
#4000=ORIENTED_EDGE('',*,*,#2928,.T.);
#4001=ORIENTED_EDGE('',*,*,#2923,.T.);
#4002=ORIENTED_EDGE('',*,*,#2929,.F.);
#4003=ORIENTED_EDGE('',*,*,#2930,.T.);
#4004=ORIENTED_EDGE('',*,*,#2931,.T.);
#4005=ORIENTED_EDGE('',*,*,#2932,.T.);
#4006=ORIENTED_EDGE('',*,*,#2933,.F.);
#4007=ORIENTED_EDGE('',*,*,#2934,.F.);
#4008=ORIENTED_EDGE('',*,*,#2935,.T.);
#4009=ORIENTED_EDGE('',*,*,#2927,.T.);
#4010=ORIENTED_EDGE('',*,*,#2936,.F.);
#4011=ORIENTED_EDGE('',*,*,#2937,.F.);
#4012=ORIENTED_EDGE('',*,*,#2938,.T.);
#4013=ORIENTED_EDGE('',*,*,#2934,.T.);
#4014=ORIENTED_EDGE('',*,*,#2939,.F.);
#4015=ORIENTED_EDGE('',*,*,#2940,.F.);
#4016=ORIENTED_EDGE('',*,*,#2941,.T.);
#4017=ORIENTED_EDGE('',*,*,#2937,.T.);
#4018=ORIENTED_EDGE('',*,*,#2942,.F.);
#4019=ORIENTED_EDGE('',*,*,#2943,.F.);
#4020=ORIENTED_EDGE('',*,*,#2944,.T.);
#4021=ORIENTED_EDGE('',*,*,#2945,.F.);
#4022=ORIENTED_EDGE('',*,*,#2946,.T.);
#4023=ORIENTED_EDGE('',*,*,#2945,.T.);
#4024=ORIENTED_EDGE('',*,*,#2947,.F.);
#4025=ORIENTED_EDGE('',*,*,#2948,.F.);
#4026=ORIENTED_EDGE('',*,*,#2949,.F.);
#4027=ORIENTED_EDGE('',*,*,#2950,.T.);
#4028=ORIENTED_EDGE('',*,*,#2951,.F.);
#4029=ORIENTED_EDGE('',*,*,#2952,.T.);
#4030=ORIENTED_EDGE('',*,*,#2953,.F.);
#4031=ORIENTED_EDGE('',*,*,#2954,.F.);
#4032=ORIENTED_EDGE('',*,*,#2944,.F.);
#4033=ORIENTED_EDGE('',*,*,#2955,.T.);
#4034=ORIENTED_EDGE('',*,*,#2956,.T.);
#4035=ORIENTED_EDGE('',*,*,#2957,.T.);
#4036=ORIENTED_EDGE('',*,*,#2958,.T.);
#4037=ORIENTED_EDGE('',*,*,#2947,.T.);
#4038=ORIENTED_EDGE('',*,*,#2959,.T.);
#4039=ORIENTED_EDGE('',*,*,#2960,.T.);
#4040=ORIENTED_EDGE('',*,*,#2961,.F.);
#4041=ORIENTED_EDGE('',*,*,#2962,.T.);
#4042=ORIENTED_EDGE('',*,*,#2963,.T.);
#4043=ORIENTED_EDGE('',*,*,#2962,.F.);
#4044=ORIENTED_EDGE('',*,*,#2963,.F.);
#4045=ORIENTED_EDGE('',*,*,#2964,.F.);
#4046=ORIENTED_EDGE('',*,*,#2965,.T.);
#4047=ORIENTED_EDGE('',*,*,#2966,.T.);
#4048=ORIENTED_EDGE('',*,*,#2967,.F.);
#4049=ORIENTED_EDGE('',*,*,#2968,.F.);
#4050=ORIENTED_EDGE('',*,*,#2969,.F.);
#4051=ORIENTED_EDGE('',*,*,#2970,.F.);
#4052=ORIENTED_EDGE('',*,*,#2971,.F.);
#4053=ORIENTED_EDGE('',*,*,#2972,.F.);
#4054=ORIENTED_EDGE('',*,*,#2973,.F.);
#4055=ORIENTED_EDGE('',*,*,#2974,.F.);
#4056=ORIENTED_EDGE('',*,*,#2975,.F.);
#4057=ORIENTED_EDGE('',*,*,#2976,.F.);
#4058=ORIENTED_EDGE('',*,*,#2977,.T.);
#4059=ORIENTED_EDGE('',*,*,#2978,.F.);
#4060=ORIENTED_EDGE('',*,*,#2979,.F.);
#4061=ORIENTED_EDGE('',*,*,#2980,.F.);
#4062=ORIENTED_EDGE('',*,*,#2981,.T.);
#4063=ORIENTED_EDGE('',*,*,#2982,.F.);
#4064=ORIENTED_EDGE('',*,*,#2983,.F.);
#4065=ORIENTED_EDGE('',*,*,#2931,.F.);
#4066=ORIENTED_EDGE('',*,*,#2984,.F.);
#4067=ORIENTED_EDGE('',*,*,#2985,.F.);
#4068=ORIENTED_EDGE('',*,*,#2966,.F.);
#4069=ORIENTED_EDGE('',*,*,#2986,.F.);
#4070=ORIENTED_EDGE('',*,*,#2961,.T.);
#4071=ORIENTED_EDGE('',*,*,#2987,.F.);
#4072=ORIENTED_EDGE('',*,*,#2971,.T.);
#4073=ORIENTED_EDGE('',*,*,#2988,.F.);
#4074=ORIENTED_EDGE('',*,*,#2989,.F.);
#4075=ORIENTED_EDGE('',*,*,#2990,.F.);
#4076=ORIENTED_EDGE('',*,*,#2967,.T.);
#4077=ORIENTED_EDGE('',*,*,#2985,.T.);
#4078=ORIENTED_EDGE('',*,*,#2991,.F.);
#4079=ORIENTED_EDGE('',*,*,#2992,.F.);
#4080=ORIENTED_EDGE('',*,*,#2993,.F.);
#4081=ORIENTED_EDGE('',*,*,#2994,.F.);
#4082=ORIENTED_EDGE('',*,*,#2995,.F.);
#4083=ORIENTED_EDGE('',*,*,#2996,.F.);
#4084=ORIENTED_EDGE('',*,*,#2997,.F.);
#4085=ORIENTED_EDGE('',*,*,#2998,.F.);
#4086=ORIENTED_EDGE('',*,*,#2999,.F.);
#4087=ORIENTED_EDGE('',*,*,#3000,.F.);
#4088=ORIENTED_EDGE('',*,*,#2975,.T.);
#4089=ORIENTED_EDGE('',*,*,#3001,.F.);
#4090=ORIENTED_EDGE('',*,*,#3002,.F.);
#4091=ORIENTED_EDGE('',*,*,#3003,.F.);
#4092=ORIENTED_EDGE('',*,*,#3004,.F.);
#4093=ORIENTED_EDGE('',*,*,#3005,.F.);
#4094=ORIENTED_EDGE('',*,*,#2981,.F.);
#4095=ORIENTED_EDGE('',*,*,#3006,.F.);
#4096=ORIENTED_EDGE('',*,*,#3007,.F.);
#4097=ORIENTED_EDGE('',*,*,#3008,.F.);
#4098=ORIENTED_EDGE('',*,*,#2977,.F.);
#4099=ORIENTED_EDGE('',*,*,#3009,.F.);
#4100=ORIENTED_EDGE('',*,*,#3010,.F.);
#4101=ORIENTED_EDGE('',*,*,#3011,.F.);
#4102=ORIENTED_EDGE('',*,*,#3012,.T.);
#4103=ORIENTED_EDGE('',*,*,#3013,.F.);
#4104=ORIENTED_EDGE('',*,*,#3014,.F.);
#4105=ORIENTED_EDGE('',*,*,#3015,.F.);
#4106=ORIENTED_EDGE('',*,*,#3016,.T.);
#4107=ORIENTED_EDGE('',*,*,#3017,.F.);
#4108=ORIENTED_EDGE('',*,*,#2932,.F.);
#4109=ORIENTED_EDGE('',*,*,#2986,.T.);
#4110=ORIENTED_EDGE('',*,*,#2965,.F.);
#4111=ORIENTED_EDGE('',*,*,#2930,.F.);
#4112=ORIENTED_EDGE('',*,*,#3018,.F.);
#4113=ORIENTED_EDGE('',*,*,#3016,.F.);
#4114=ORIENTED_EDGE('',*,*,#3019,.F.);
#4115=ORIENTED_EDGE('',*,*,#3020,.F.);
#4116=ORIENTED_EDGE('',*,*,#3021,.F.);
#4117=ORIENTED_EDGE('',*,*,#3012,.F.);
#4118=ORIENTED_EDGE('',*,*,#3022,.F.);
#4119=ORIENTED_EDGE('',*,*,#3023,.F.);
#4120=ORIENTED_EDGE('',*,*,#3024,.F.);
#4121=ORIENTED_EDGE('',*,*,#2999,.T.);
#4122=ORIENTED_EDGE('',*,*,#3025,.F.);
#4123=ORIENTED_EDGE('',*,*,#3026,.F.);
#4124=ORIENTED_EDGE('',*,*,#3027,.F.);
#4125=ORIENTED_EDGE('',*,*,#2995,.T.);
#4126=ORIENTED_EDGE('',*,*,#3028,.F.);
#4127=ORIENTED_EDGE('',*,*,#2925,.F.);
#4128=ORIENTED_EDGE('',*,*,#3029,.F.);
#4129=ORIENTED_EDGE('',*,*,#2991,.T.);
#4130=ORIENTED_EDGE('',*,*,#2984,.T.);
#4131=ORIENTED_EDGE('',*,*,#3003,.T.);
#4132=ORIENTED_EDGE('',*,*,#2964,.T.);
#4133=ORIENTED_EDGE('',*,*,#3030,.F.);
#4134=ORIENTED_EDGE('',*,*,#2968,.T.);
#4135=ORIENTED_EDGE('',*,*,#2990,.T.);
#4136=ORIENTED_EDGE('',*,*,#3031,.F.);
#4137=ORIENTED_EDGE('',*,*,#2992,.T.);
#4138=ORIENTED_EDGE('',*,*,#3029,.T.);
#4139=ORIENTED_EDGE('',*,*,#2924,.F.);
#4140=ORIENTED_EDGE('',*,*,#2928,.F.);
#4141=ORIENTED_EDGE('',*,*,#2935,.F.);
#4142=ORIENTED_EDGE('',*,*,#2938,.F.);
#4143=ORIENTED_EDGE('',*,*,#2941,.F.);
#4144=ORIENTED_EDGE('',*,*,#3032,.F.);
#4145=ORIENTED_EDGE('',*,*,#3033,.F.);
#4146=ORIENTED_EDGE('',*,*,#2902,.F.);
#4147=ORIENTED_EDGE('',*,*,#2906,.F.);
#4148=ORIENTED_EDGE('',*,*,#2909,.F.);
#4149=ORIENTED_EDGE('',*,*,#2912,.F.);
#4150=ORIENTED_EDGE('',*,*,#2915,.F.);
#4151=ORIENTED_EDGE('',*,*,#2918,.F.);
#4152=ORIENTED_EDGE('',*,*,#2921,.F.);
#4153=ORIENTED_EDGE('',*,*,#3034,.F.);
#4154=ORIENTED_EDGE('',*,*,#3035,.F.);
#4155=ORIENTED_EDGE('',*,*,#3036,.F.);
#4156=ORIENTED_EDGE('',*,*,#3022,.T.);
#4157=ORIENTED_EDGE('',*,*,#3011,.T.);
#4158=ORIENTED_EDGE('',*,*,#3037,.F.);
#4159=ORIENTED_EDGE('',*,*,#3006,.T.);
#4160=ORIENTED_EDGE('',*,*,#2980,.T.);
#4161=ORIENTED_EDGE('',*,*,#3038,.F.);
#4162=ORIENTED_EDGE('',*,*,#2972,.T.);
#4163=ORIENTED_EDGE('',*,*,#2987,.T.);
#4164=ORIENTED_EDGE('',*,*,#3039,.F.);
#4165=ORIENTED_EDGE('',*,*,#2996,.T.);
#4166=ORIENTED_EDGE('',*,*,#3027,.T.);
#4167=ORIENTED_EDGE('',*,*,#3040,.F.);
#4168=ORIENTED_EDGE('',*,*,#3019,.T.);
#4169=ORIENTED_EDGE('',*,*,#3015,.T.);
#4170=ORIENTED_EDGE('',*,*,#3041,.F.);
#4171=ORIENTED_EDGE('',*,*,#3009,.T.);
#4172=ORIENTED_EDGE('',*,*,#2976,.T.);
#4173=ORIENTED_EDGE('',*,*,#3000,.T.);
#4174=ORIENTED_EDGE('',*,*,#3024,.T.);
#4175=ORIENTED_EDGE('',*,*,#3042,.T.);
#4176=ORIENTED_EDGE('',*,*,#3035,.T.);
#4177=ORIENTED_EDGE('',*,*,#3043,.T.);
#4178=ORIENTED_EDGE('',*,*,#3044,.T.);
#4179=ORIENTED_EDGE('',*,*,#3045,.T.);
#4180=ORIENTED_EDGE('',*,*,#3023,.T.);
#4181=ORIENTED_EDGE('',*,*,#3036,.T.);
#4182=ORIENTED_EDGE('',*,*,#3042,.F.);
#4183=ORIENTED_EDGE('',*,*,#3020,.T.);
#4184=ORIENTED_EDGE('',*,*,#3040,.T.);
#4185=ORIENTED_EDGE('',*,*,#3026,.T.);
#4186=ORIENTED_EDGE('',*,*,#3046,.F.);
#4187=ORIENTED_EDGE('',*,*,#2940,.T.);
#4188=ORIENTED_EDGE('',*,*,#3047,.F.);
#4189=ORIENTED_EDGE('',*,*,#3048,.F.);
#4190=ORIENTED_EDGE('',*,*,#3032,.T.);
#4191=ORIENTED_EDGE('',*,*,#2983,.T.);
#4192=ORIENTED_EDGE('',*,*,#3049,.F.);
#4193=ORIENTED_EDGE('',*,*,#2969,.T.);
#4194=ORIENTED_EDGE('',*,*,#3030,.T.);
#4195=ORIENTED_EDGE('',*,*,#2989,.T.);
#4196=ORIENTED_EDGE('',*,*,#3050,.F.);
#4197=ORIENTED_EDGE('',*,*,#2993,.T.);
#4198=ORIENTED_EDGE('',*,*,#3031,.T.);
#4199=ORIENTED_EDGE('',*,*,#2979,.T.);
#4200=ORIENTED_EDGE('',*,*,#3051,.F.);
#4201=ORIENTED_EDGE('',*,*,#2973,.T.);
#4202=ORIENTED_EDGE('',*,*,#3038,.T.);
#4203=ORIENTED_EDGE('',*,*,#3002,.T.);
#4204=ORIENTED_EDGE('',*,*,#3052,.F.);
#4205=ORIENTED_EDGE('',*,*,#2997,.T.);
#4206=ORIENTED_EDGE('',*,*,#3039,.T.);
#4207=ORIENTED_EDGE('',*,*,#3007,.T.);
#4208=ORIENTED_EDGE('',*,*,#3037,.T.);
#4209=ORIENTED_EDGE('',*,*,#3010,.T.);
#4210=ORIENTED_EDGE('',*,*,#3045,.F.);
#4211=ORIENTED_EDGE('',*,*,#3053,.F.);
#4212=ORIENTED_EDGE('',*,*,#3005,.T.);
#4213=ORIENTED_EDGE('',*,*,#3054,.T.);
#4214=ORIENTED_EDGE('',*,*,#3013,.T.);
#4215=ORIENTED_EDGE('',*,*,#3021,.T.);
#4216=ORIENTED_EDGE('',*,*,#3046,.T.);
#4217=ORIENTED_EDGE('',*,*,#3025,.T.);
#4218=ORIENTED_EDGE('',*,*,#2998,.T.);
#4219=ORIENTED_EDGE('',*,*,#3052,.T.);
#4220=ORIENTED_EDGE('',*,*,#3001,.T.);
#4221=ORIENTED_EDGE('',*,*,#2974,.T.);
#4222=ORIENTED_EDGE('',*,*,#3051,.T.);
#4223=ORIENTED_EDGE('',*,*,#2978,.T.);
#4224=ORIENTED_EDGE('',*,*,#3008,.T.);
#4225=ORIENTED_EDGE('',*,*,#3053,.T.);
#4226=ORIENTED_EDGE('',*,*,#3044,.F.);
#4227=ORIENTED_EDGE('',*,*,#3055,.F.);
#4228=ORIENTED_EDGE('',*,*,#2922,.F.);
#4229=ORIENTED_EDGE('',*,*,#2919,.F.);
#4230=ORIENTED_EDGE('',*,*,#2916,.F.);
#4231=ORIENTED_EDGE('',*,*,#2913,.F.);
#4232=ORIENTED_EDGE('',*,*,#2910,.F.);
#4233=ORIENTED_EDGE('',*,*,#2907,.F.);
#4234=ORIENTED_EDGE('',*,*,#2904,.F.);
#4235=ORIENTED_EDGE('',*,*,#3056,.F.);
#4236=ORIENTED_EDGE('',*,*,#3047,.T.);
#4237=ORIENTED_EDGE('',*,*,#2942,.T.);
#4238=ORIENTED_EDGE('',*,*,#2939,.T.);
#4239=ORIENTED_EDGE('',*,*,#2936,.T.);
#4240=ORIENTED_EDGE('',*,*,#2933,.T.);
#4241=ORIENTED_EDGE('',*,*,#3017,.T.);
#4242=ORIENTED_EDGE('',*,*,#3018,.T.);
#4243=ORIENTED_EDGE('',*,*,#2929,.T.);
#4244=ORIENTED_EDGE('',*,*,#2926,.T.);
#4245=ORIENTED_EDGE('',*,*,#3028,.T.);
#4246=ORIENTED_EDGE('',*,*,#2994,.T.);
#4247=ORIENTED_EDGE('',*,*,#3050,.T.);
#4248=ORIENTED_EDGE('',*,*,#2988,.T.);
#4249=ORIENTED_EDGE('',*,*,#2970,.T.);
#4250=ORIENTED_EDGE('',*,*,#3049,.T.);
#4251=ORIENTED_EDGE('',*,*,#2982,.T.);
#4252=ORIENTED_EDGE('',*,*,#3004,.T.);
#4253=ORIENTED_EDGE('',*,*,#3041,.T.);
#4254=ORIENTED_EDGE('',*,*,#3014,.T.);
#4255=ORIENTED_EDGE('',*,*,#3054,.F.);
#4256=ORIENTED_EDGE('',*,*,#2920,.T.);
#4257=ORIENTED_EDGE('',*,*,#3055,.T.);
#4258=ORIENTED_EDGE('',*,*,#3043,.F.);
#4259=ORIENTED_EDGE('',*,*,#3034,.T.);
#4260=ORIENTED_EDGE('',*,*,#3057,.T.);
#4261=ORIENTED_EDGE('',*,*,#3058,.T.);
#4262=ORIENTED_EDGE('',*,*,#3059,.T.);
#4263=ORIENTED_EDGE('',*,*,#3060,.T.);
#4264=ORIENTED_EDGE('',*,*,#3058,.F.);
#4265=ORIENTED_EDGE('',*,*,#3061,.F.);
#4266=ORIENTED_EDGE('',*,*,#3062,.F.);
#4267=ORIENTED_EDGE('',*,*,#3063,.F.);
#4268=ORIENTED_EDGE('',*,*,#3064,.T.);
#4269=ORIENTED_EDGE('',*,*,#3065,.T.);
#4270=ORIENTED_EDGE('',*,*,#3066,.T.);
#4271=ORIENTED_EDGE('',*,*,#3062,.T.);
#4272=ORIENTED_EDGE('',*,*,#3060,.F.);
#4273=ORIENTED_EDGE('',*,*,#3067,.F.);
#4274=ORIENTED_EDGE('',*,*,#3068,.T.);
#4275=ORIENTED_EDGE('',*,*,#3069,.F.);
#4276=ORIENTED_EDGE('',*,*,#3070,.T.);
#4277=ORIENTED_EDGE('',*,*,#3071,.F.);
#4278=ORIENTED_EDGE('',*,*,#2952,.F.);
#4279=ORIENTED_EDGE('',*,*,#3072,.F.);
#4280=ORIENTED_EDGE('',*,*,#3073,.F.);
#4281=ORIENTED_EDGE('',*,*,#3074,.F.);
#4282=ORIENTED_EDGE('',*,*,#3065,.F.);
#4283=ORIENTED_EDGE('',*,*,#3075,.F.);
#4284=ORIENTED_EDGE('',*,*,#3076,.T.);
#4285=ORIENTED_EDGE('',*,*,#3077,.T.);
#4286=ORIENTED_EDGE('',*,*,#3078,.T.);
#4287=ORIENTED_EDGE('',*,*,#3079,.T.);
#4288=ORIENTED_EDGE('',*,*,#3080,.T.);
#4289=ORIENTED_EDGE('',*,*,#3081,.T.);
#4290=ORIENTED_EDGE('',*,*,#3078,.F.);
#4291=ORIENTED_EDGE('',*,*,#3082,.T.);
#4292=ORIENTED_EDGE('',*,*,#3083,.T.);
#4293=ORIENTED_EDGE('',*,*,#3084,.T.);
#4294=ORIENTED_EDGE('',*,*,#3080,.F.);
#4295=ORIENTED_EDGE('',*,*,#3085,.T.);
#4296=ORIENTED_EDGE('',*,*,#3082,.F.);
#4297=ORIENTED_EDGE('',*,*,#3086,.T.);
#4298=ORIENTED_EDGE('',*,*,#3087,.F.);
#4299=ORIENTED_EDGE('',*,*,#3088,.F.);
#4300=ORIENTED_EDGE('',*,*,#3077,.F.);
#4301=ORIENTED_EDGE('',*,*,#3089,.T.);
#4302=ORIENTED_EDGE('',*,*,#3090,.F.);
#4303=ORIENTED_EDGE('',*,*,#3086,.F.);
#4304=ORIENTED_EDGE('',*,*,#3091,.T.);
#4305=ORIENTED_EDGE('',*,*,#3092,.T.);
#4306=ORIENTED_EDGE('',*,*,#3093,.T.);
#4307=ORIENTED_EDGE('',*,*,#3094,.T.);
#4308=ORIENTED_EDGE('',*,*,#3095,.T.);
#4309=ORIENTED_EDGE('',*,*,#3096,.T.);
#4310=ORIENTED_EDGE('',*,*,#3093,.F.);
#4311=ORIENTED_EDGE('',*,*,#3087,.T.);
#4312=ORIENTED_EDGE('',*,*,#3097,.T.);
#4313=ORIENTED_EDGE('',*,*,#3098,.T.);
#4314=ORIENTED_EDGE('',*,*,#3095,.F.);
#4315=ORIENTED_EDGE('',*,*,#3090,.T.);
#4316=ORIENTED_EDGE('',*,*,#3085,.F.);
#4317=ORIENTED_EDGE('',*,*,#3088,.T.);
#4318=ORIENTED_EDGE('',*,*,#3092,.F.);
#4319=ORIENTED_EDGE('',*,*,#3099,.F.);
#4320=ORIENTED_EDGE('',*,*,#2943,.T.);
#4321=ORIENTED_EDGE('',*,*,#3100,.T.);
#4322=ORIENTED_EDGE('',*,*,#3101,.F.);
#4323=ORIENTED_EDGE('',*,*,#3070,.F.);
#4324=ORIENTED_EDGE('',*,*,#3102,.F.);
#4325=ORIENTED_EDGE('',*,*,#3103,.F.);
#4326=ORIENTED_EDGE('',*,*,#3104,.F.);
#4327=ORIENTED_EDGE('',*,*,#3094,.F.);
#4328=ORIENTED_EDGE('',*,*,#3096,.F.);
#4329=ORIENTED_EDGE('',*,*,#3098,.F.);
#4330=ORIENTED_EDGE('',*,*,#3105,.F.);
#4331=ORIENTED_EDGE('',*,*,#3106,.T.);
#4332=ORIENTED_EDGE('',*,*,#2955,.F.);
#4333=ORIENTED_EDGE('',*,*,#3084,.F.);
#4334=ORIENTED_EDGE('',*,*,#3107,.F.);
#4335=ORIENTED_EDGE('',*,*,#3108,.T.);
#4336=ORIENTED_EDGE('',*,*,#3109,.F.);
#4337=ORIENTED_EDGE('',*,*,#3110,.F.);
#4338=ORIENTED_EDGE('',*,*,#3111,.F.);
#4339=ORIENTED_EDGE('',*,*,#3112,.F.);
#4340=ORIENTED_EDGE('',*,*,#3079,.F.);
#4341=ORIENTED_EDGE('',*,*,#3081,.F.);
#4342=ORIENTED_EDGE('',*,*,#3113,.T.);
#4343=ORIENTED_EDGE('',*,*,#2953,.T.);
#4344=ORIENTED_EDGE('',*,*,#3071,.T.);
#4345=ORIENTED_EDGE('',*,*,#3101,.T.);
#4346=ORIENTED_EDGE('',*,*,#3114,.T.);
#4347=ORIENTED_EDGE('',*,*,#3109,.T.);
#4348=ORIENTED_EDGE('',*,*,#3115,.T.);
#4349=ORIENTED_EDGE('',*,*,#3116,.T.);
#4350=ORIENTED_EDGE('',*,*,#3117,.T.);
#4351=ORIENTED_EDGE('',*,*,#3118,.F.);
#4352=ORIENTED_EDGE('',*,*,#3111,.T.);
#4353=ORIENTED_EDGE('',*,*,#3119,.T.);
#4354=ORIENTED_EDGE('',*,*,#2946,.F.);
#4355=ORIENTED_EDGE('',*,*,#2954,.T.);
#4356=ORIENTED_EDGE('',*,*,#3113,.F.);
#4357=ORIENTED_EDGE('',*,*,#3100,.F.);
#4358=ORIENTED_EDGE('',*,*,#3119,.F.);
#4359=ORIENTED_EDGE('',*,*,#3110,.T.);
#4360=ORIENTED_EDGE('',*,*,#3114,.F.);
#4361=ORIENTED_EDGE('',*,*,#3120,.F.);
#4362=ORIENTED_EDGE('',*,*,#2903,.T.);
#4363=ORIENTED_EDGE('',*,*,#3033,.T.);
#4364=ORIENTED_EDGE('',*,*,#3048,.T.);
#4365=ORIENTED_EDGE('',*,*,#3056,.T.);
#4366=ORIENTED_EDGE('',*,*,#3072,.T.);
#4367=ORIENTED_EDGE('',*,*,#2951,.T.);
#4368=ORIENTED_EDGE('',*,*,#3121,.T.);
#4369=ORIENTED_EDGE('',*,*,#3122,.T.);
#4370=ORIENTED_EDGE('',*,*,#3123,.T.);
#4371=ORIENTED_EDGE('',*,*,#3124,.T.);
#4372=ORIENTED_EDGE('',*,*,#3075,.T.);
#4373=ORIENTED_EDGE('',*,*,#3064,.F.);
#4374=ORIENTED_EDGE('',*,*,#3061,.T.);
#4375=ORIENTED_EDGE('',*,*,#3057,.F.);
#4376=ORIENTED_EDGE('',*,*,#3125,.T.);
#4377=ORIENTED_EDGE('',*,*,#2959,.F.);
#4378=ORIENTED_EDGE('',*,*,#3126,.T.);
#4379=ORIENTED_EDGE('',*,*,#3127,.F.);
#4380=ORIENTED_EDGE('',*,*,#3126,.F.);
#4381=ORIENTED_EDGE('',*,*,#3128,.F.);
#4382=ORIENTED_EDGE('',*,*,#3129,.T.);
#4383=ORIENTED_EDGE('',*,*,#2957,.F.);
#4384=ORIENTED_EDGE('',*,*,#3130,.F.);
#4385=ORIENTED_EDGE('',*,*,#3131,.F.);
#4386=ORIENTED_EDGE('',*,*,#3130,.T.);
#4387=ORIENTED_EDGE('',*,*,#2956,.F.);
#4388=ORIENTED_EDGE('',*,*,#3106,.F.);
#4389=ORIENTED_EDGE('',*,*,#3132,.F.);
#4390=ORIENTED_EDGE('',*,*,#3103,.T.);
#4391=ORIENTED_EDGE('',*,*,#3133,.F.);
#4392=ORIENTED_EDGE('',*,*,#3134,.F.);
#4393=ORIENTED_EDGE('',*,*,#3135,.F.);
#4394=ORIENTED_EDGE('',*,*,#3134,.T.);
#4395=ORIENTED_EDGE('',*,*,#3136,.F.);
#4396=ORIENTED_EDGE('',*,*,#3068,.F.);
#4397=ORIENTED_EDGE('',*,*,#3137,.F.);
#4398=ORIENTED_EDGE('',*,*,#3073,.T.);
#4399=ORIENTED_EDGE('',*,*,#3124,.F.);
#4400=ORIENTED_EDGE('',*,*,#3138,.F.);
#4401=ORIENTED_EDGE('',*,*,#3139,.F.);
#4402=ORIENTED_EDGE('',*,*,#3138,.T.);
#4403=ORIENTED_EDGE('',*,*,#3123,.F.);
#4404=ORIENTED_EDGE('',*,*,#3140,.F.);
#4405=ORIENTED_EDGE('',*,*,#3141,.F.);
#4406=ORIENTED_EDGE('',*,*,#3140,.T.);
#4407=ORIENTED_EDGE('',*,*,#3122,.F.);
#4408=ORIENTED_EDGE('',*,*,#3142,.F.);
#4409=ORIENTED_EDGE('',*,*,#3143,.F.);
#4410=ORIENTED_EDGE('',*,*,#3142,.T.);
#4411=ORIENTED_EDGE('',*,*,#3121,.F.);
#4412=ORIENTED_EDGE('',*,*,#2950,.F.);
#4413=ORIENTED_EDGE('',*,*,#3144,.F.);
#4414=ORIENTED_EDGE('',*,*,#2948,.T.);
#4415=ORIENTED_EDGE('',*,*,#2958,.F.);
#4416=ORIENTED_EDGE('',*,*,#3129,.F.);
#4417=ORIENTED_EDGE('',*,*,#3125,.F.);
#4418=ORIENTED_EDGE('',*,*,#3145,.T.);
#4419=ORIENTED_EDGE('',*,*,#3146,.F.);
#4420=ORIENTED_EDGE('',*,*,#3145,.F.);
#4421=ORIENTED_EDGE('',*,*,#2960,.F.);
#4422=ORIENTED_EDGE('',*,*,#3147,.T.);
#4423=ORIENTED_EDGE('',*,*,#3148,.F.);
#4424=ORIENTED_EDGE('',*,*,#3147,.F.);
#4425=ORIENTED_EDGE('',*,*,#3149,.F.);
#4426=ORIENTED_EDGE('',*,*,#3117,.F.);
#4427=ORIENTED_EDGE('',*,*,#3120,.T.);
#4428=ORIENTED_EDGE('',*,*,#3116,.F.);
#4429=ORIENTED_EDGE('',*,*,#3150,.F.);
#4430=ORIENTED_EDGE('',*,*,#3151,.F.);
#4431=ORIENTED_EDGE('',*,*,#3150,.T.);
#4432=ORIENTED_EDGE('',*,*,#3115,.F.);
#4433=ORIENTED_EDGE('',*,*,#3108,.F.);
#4434=ORIENTED_EDGE('',*,*,#3083,.F.);
#4435=ORIENTED_EDGE('',*,*,#3099,.T.);
#4436=ORIENTED_EDGE('',*,*,#3091,.F.);
#4437=ORIENTED_EDGE('',*,*,#3104,.T.);
#4438=ORIENTED_EDGE('',*,*,#3132,.T.);
#4439=ORIENTED_EDGE('',*,*,#3135,.T.);
#4440=ORIENTED_EDGE('',*,*,#3067,.T.);
#4441=ORIENTED_EDGE('',*,*,#3059,.F.);
#4442=ORIENTED_EDGE('',*,*,#3063,.T.);
#4443=ORIENTED_EDGE('',*,*,#3066,.F.);
#4444=ORIENTED_EDGE('',*,*,#3074,.T.);
#4445=ORIENTED_EDGE('',*,*,#3137,.T.);
#4446=ORIENTED_EDGE('',*,*,#3139,.T.);
#4447=ORIENTED_EDGE('',*,*,#3141,.T.);
#4448=ORIENTED_EDGE('',*,*,#3143,.T.);
#4449=ORIENTED_EDGE('',*,*,#2949,.T.);
#4450=ORIENTED_EDGE('',*,*,#3144,.T.);
#4451=ORIENTED_EDGE('',*,*,#3128,.T.);
#4452=ORIENTED_EDGE('',*,*,#3131,.T.);
#4453=ORIENTED_EDGE('',*,*,#3105,.T.);
#4454=ORIENTED_EDGE('',*,*,#3097,.F.);
#4455=ORIENTED_EDGE('',*,*,#3089,.F.);
#4456=ORIENTED_EDGE('',*,*,#3076,.F.);
#4457=ORIENTED_EDGE('',*,*,#3112,.T.);
#4458=ORIENTED_EDGE('',*,*,#3118,.T.);
#4459=ORIENTED_EDGE('',*,*,#3149,.T.);
#4460=ORIENTED_EDGE('',*,*,#3151,.T.);
#4461=ORIENTED_EDGE('',*,*,#3107,.T.);
#4462=ORIENTED_EDGE('',*,*,#3148,.T.);
#4463=ORIENTED_EDGE('',*,*,#3146,.T.);
#4464=ORIENTED_EDGE('',*,*,#3127,.T.);
#4465=ORIENTED_EDGE('',*,*,#3069,.T.);
#4466=ORIENTED_EDGE('',*,*,#3136,.T.);
#4467=ORIENTED_EDGE('',*,*,#3133,.T.);
#4468=ORIENTED_EDGE('',*,*,#3102,.T.);
#4469=ORIENTED_EDGE('',*,*,#3152,.F.);
#4470=ORIENTED_EDGE('',*,*,#3153,.T.);
#4471=ORIENTED_EDGE('',*,*,#3154,.F.);
#4472=ORIENTED_EDGE('',*,*,#3153,.F.);
#4473=ORIENTED_EDGE('',*,*,#3152,.T.);
#4474=ORIENTED_EDGE('',*,*,#3155,.F.);
#4475=ORIENTED_EDGE('',*,*,#3156,.T.);
#4476=ORIENTED_EDGE('',*,*,#3157,.T.);
#4477=ORIENTED_EDGE('',*,*,#3156,.F.);
#4478=ORIENTED_EDGE('',*,*,#3155,.T.);
#4479=ORIENTED_EDGE('',*,*,#3157,.F.);
#4480=ORIENTED_EDGE('',*,*,#3154,.T.);
#4481=ORIENTED_EDGE('',*,*,#3158,.F.);
#4482=ORIENTED_EDGE('',*,*,#3159,.T.);
#4483=ORIENTED_EDGE('',*,*,#3160,.F.);
#4484=ORIENTED_EDGE('',*,*,#3159,.F.);
#4485=ORIENTED_EDGE('',*,*,#3158,.T.);
#4486=ORIENTED_EDGE('',*,*,#3161,.F.);
#4487=ORIENTED_EDGE('',*,*,#3162,.T.);
#4488=ORIENTED_EDGE('',*,*,#3163,.T.);
#4489=ORIENTED_EDGE('',*,*,#3162,.F.);
#4490=ORIENTED_EDGE('',*,*,#3161,.T.);
#4491=ORIENTED_EDGE('',*,*,#3163,.F.);
#4492=ORIENTED_EDGE('',*,*,#3160,.T.);
#4493=ORIENTED_EDGE('',*,*,#3164,.F.);
#4494=ORIENTED_EDGE('',*,*,#3165,.T.);
#4495=ORIENTED_EDGE('',*,*,#3166,.F.);
#4496=ORIENTED_EDGE('',*,*,#3165,.F.);
#4497=ORIENTED_EDGE('',*,*,#3167,.F.);
#4498=ORIENTED_EDGE('',*,*,#3168,.T.);
#4499=ORIENTED_EDGE('',*,*,#3169,.T.);
#4500=ORIENTED_EDGE('',*,*,#3168,.F.);
#4501=ORIENTED_EDGE('',*,*,#3169,.F.);
#4502=ORIENTED_EDGE('',*,*,#3164,.T.);
#4503=ORIENTED_EDGE('',*,*,#3170,.T.);
#4504=ORIENTED_EDGE('',*,*,#3171,.T.);
#4505=ORIENTED_EDGE('',*,*,#3172,.T.);
#4506=ORIENTED_EDGE('',*,*,#3173,.T.);
#4507=ORIENTED_EDGE('',*,*,#3173,.F.);
#4508=ORIENTED_EDGE('',*,*,#3174,.F.);
#4509=ORIENTED_EDGE('',*,*,#3175,.F.);
#4510=ORIENTED_EDGE('',*,*,#3176,.F.);
#4511=ORIENTED_EDGE('',*,*,#3177,.T.);
#4512=ORIENTED_EDGE('',*,*,#3178,.T.);
#4513=ORIENTED_EDGE('',*,*,#3179,.T.);
#4514=ORIENTED_EDGE('',*,*,#3180,.T.);
#4515=ORIENTED_EDGE('',*,*,#3171,.F.);
#4516=ORIENTED_EDGE('',*,*,#3181,.F.);
#4517=ORIENTED_EDGE('',*,*,#3180,.F.);
#4518=ORIENTED_EDGE('',*,*,#3182,.F.);
#4519=ORIENTED_EDGE('',*,*,#3183,.T.);
#4520=ORIENTED_EDGE('',*,*,#3184,.T.);
#4521=ORIENTED_EDGE('',*,*,#3185,.T.);
#4522=ORIENTED_EDGE('',*,*,#3186,.T.);
#4523=ORIENTED_EDGE('',*,*,#3178,.F.);
#4524=ORIENTED_EDGE('',*,*,#3187,.F.);
#4525=ORIENTED_EDGE('',*,*,#3186,.F.);
#4526=ORIENTED_EDGE('',*,*,#3188,.F.);
#4527=ORIENTED_EDGE('',*,*,#3189,.T.);
#4528=ORIENTED_EDGE('',*,*,#3175,.T.);
#4529=ORIENTED_EDGE('',*,*,#3190,.T.);
#4530=ORIENTED_EDGE('',*,*,#3191,.T.);
#4531=ORIENTED_EDGE('',*,*,#3184,.F.);
#4532=ORIENTED_EDGE('',*,*,#3192,.F.);
#4533=ORIENTED_EDGE('',*,*,#3191,.F.);
#4534=ORIENTED_EDGE('',*,*,#3193,.F.);
#4535=ORIENTED_EDGE('',*,*,#3194,.T.);
#4536=ORIENTED_EDGE('',*,*,#3195,.T.);
#4537=ORIENTED_EDGE('',*,*,#3196,.T.);
#4538=ORIENTED_EDGE('',*,*,#3197,.T.);
#4539=ORIENTED_EDGE('',*,*,#3188,.T.);
#4540=ORIENTED_EDGE('',*,*,#3185,.F.);
#4541=ORIENTED_EDGE('',*,*,#3193,.T.);
#4542=ORIENTED_EDGE('',*,*,#3190,.F.);
#4543=ORIENTED_EDGE('',*,*,#3174,.T.);
#4544=ORIENTED_EDGE('',*,*,#3172,.F.);
#4545=ORIENTED_EDGE('',*,*,#3182,.T.);
#4546=ORIENTED_EDGE('',*,*,#3179,.F.);
#4547=ORIENTED_EDGE('',*,*,#3195,.F.);
#4548=ORIENTED_EDGE('',*,*,#3198,.T.);
#4549=ORIENTED_EDGE('',*,*,#3199,.F.);
#4550=ORIENTED_EDGE('',*,*,#3200,.F.);
#4551=ORIENTED_EDGE('',*,*,#3196,.F.);
#4552=ORIENTED_EDGE('',*,*,#3200,.T.);
#4553=ORIENTED_EDGE('',*,*,#3201,.F.);
#4554=ORIENTED_EDGE('',*,*,#3202,.F.);
#4555=ORIENTED_EDGE('',*,*,#3197,.F.);
#4556=ORIENTED_EDGE('',*,*,#3202,.T.);
#4557=ORIENTED_EDGE('',*,*,#3203,.F.);
#4558=ORIENTED_EDGE('',*,*,#3204,.F.);
#4559=ORIENTED_EDGE('',*,*,#3194,.F.);
#4560=ORIENTED_EDGE('',*,*,#3204,.T.);
#4561=ORIENTED_EDGE('',*,*,#3205,.F.);
#4562=ORIENTED_EDGE('',*,*,#3198,.F.);
#4563=ORIENTED_EDGE('',*,*,#3205,.T.);
#4564=ORIENTED_EDGE('',*,*,#3203,.T.);
#4565=ORIENTED_EDGE('',*,*,#3201,.T.);
#4566=ORIENTED_EDGE('',*,*,#3199,.T.);
#4567=ORIENTED_EDGE('',*,*,#3167,.T.);
#4568=ORIENTED_EDGE('',*,*,#3170,.F.);
#4569=ORIENTED_EDGE('',*,*,#3176,.T.);
#4570=ORIENTED_EDGE('',*,*,#3189,.F.);
#4571=ORIENTED_EDGE('',*,*,#3192,.T.);
#4572=ORIENTED_EDGE('',*,*,#3183,.F.);
#4573=ORIENTED_EDGE('',*,*,#3187,.T.);
#4574=ORIENTED_EDGE('',*,*,#3177,.F.);
#4575=ORIENTED_EDGE('',*,*,#3181,.T.);
#4576=ORIENTED_EDGE('',*,*,#3166,.T.);
#4577=ORIENTED_EDGE('',*,*,#3206,.T.);
#4578=ORIENTED_EDGE('',*,*,#3207,.T.);
#4579=ORIENTED_EDGE('',*,*,#3208,.T.);
#4580=ORIENTED_EDGE('',*,*,#3209,.T.);
#4581=ORIENTED_EDGE('',*,*,#3210,.T.);
#4582=ORIENTED_EDGE('',*,*,#3211,.T.);
#4583=ORIENTED_EDGE('',*,*,#3206,.F.);
#4584=ORIENTED_EDGE('',*,*,#3212,.T.);
#4585=ORIENTED_EDGE('',*,*,#3213,.F.);
#4586=ORIENTED_EDGE('',*,*,#3214,.T.);
#4587=ORIENTED_EDGE('',*,*,#3215,.F.);
#4588=ORIENTED_EDGE('',*,*,#3216,.T.);
#4589=ORIENTED_EDGE('',*,*,#3217,.T.);
#4590=ORIENTED_EDGE('',*,*,#3218,.T.);
#4591=ORIENTED_EDGE('',*,*,#3219,.F.);
#4592=ORIENTED_EDGE('',*,*,#3220,.F.);
#4593=ORIENTED_EDGE('',*,*,#3221,.T.);
#4594=ORIENTED_EDGE('',*,*,#3222,.T.);
#4595=ORIENTED_EDGE('',*,*,#3217,.F.);
#4596=ORIENTED_EDGE('',*,*,#3223,.F.);
#4597=ORIENTED_EDGE('',*,*,#3224,.T.);
#4598=ORIENTED_EDGE('',*,*,#3225,.T.);
#4599=ORIENTED_EDGE('',*,*,#3221,.F.);
#4600=ORIENTED_EDGE('',*,*,#3226,.F.);
#4601=ORIENTED_EDGE('',*,*,#3227,.F.);
#4602=ORIENTED_EDGE('',*,*,#3228,.F.);
#4603=ORIENTED_EDGE('',*,*,#3229,.F.);
#4604=ORIENTED_EDGE('',*,*,#3230,.T.);
#4605=ORIENTED_EDGE('',*,*,#3231,.T.);
#4606=ORIENTED_EDGE('',*,*,#3232,.F.);
#4607=ORIENTED_EDGE('',*,*,#3233,.T.);
#4608=ORIENTED_EDGE('',*,*,#3234,.T.);
#4609=ORIENTED_EDGE('',*,*,#3235,.T.);
#4610=ORIENTED_EDGE('',*,*,#3236,.F.);
#4611=ORIENTED_EDGE('',*,*,#3237,.T.);
#4612=ORIENTED_EDGE('',*,*,#3232,.T.);
#4613=ORIENTED_EDGE('',*,*,#3238,.T.);
#4614=ORIENTED_EDGE('',*,*,#3239,.T.);
#4615=ORIENTED_EDGE('',*,*,#3240,.T.);
#4616=ORIENTED_EDGE('',*,*,#3241,.F.);
#4617=ORIENTED_EDGE('',*,*,#3242,.F.);
#4618=ORIENTED_EDGE('',*,*,#3243,.T.);
#4619=ORIENTED_EDGE('',*,*,#3244,.F.);
#4620=ORIENTED_EDGE('',*,*,#3245,.F.);
#4621=ORIENTED_EDGE('',*,*,#3246,.T.);
#4622=ORIENTED_EDGE('',*,*,#3247,.F.);
#4623=ORIENTED_EDGE('',*,*,#3248,.F.);
#4624=ORIENTED_EDGE('',*,*,#3249,.T.);
#4625=ORIENTED_EDGE('',*,*,#3250,.F.);
#4626=ORIENTED_EDGE('',*,*,#3251,.F.);
#4627=ORIENTED_EDGE('',*,*,#3252,.T.);
#4628=ORIENTED_EDGE('',*,*,#3253,.F.);
#4629=ORIENTED_EDGE('',*,*,#3254,.F.);
#4630=ORIENTED_EDGE('',*,*,#3255,.T.);
#4631=ORIENTED_EDGE('',*,*,#3256,.F.);
#4632=ORIENTED_EDGE('',*,*,#3257,.F.);
#4633=ORIENTED_EDGE('',*,*,#3258,.T.);
#4634=ORIENTED_EDGE('',*,*,#3259,.F.);
#4635=ORIENTED_EDGE('',*,*,#3260,.F.);
#4636=ORIENTED_EDGE('',*,*,#3261,.T.);
#4637=ORIENTED_EDGE('',*,*,#3262,.F.);
#4638=ORIENTED_EDGE('',*,*,#3263,.F.);
#4639=ORIENTED_EDGE('',*,*,#3264,.T.);
#4640=ORIENTED_EDGE('',*,*,#3265,.F.);
#4641=ORIENTED_EDGE('',*,*,#3266,.F.);
#4642=ORIENTED_EDGE('',*,*,#3267,.T.);
#4643=ORIENTED_EDGE('',*,*,#3268,.F.);
#4644=ORIENTED_EDGE('',*,*,#3269,.F.);
#4645=ORIENTED_EDGE('',*,*,#3270,.T.);
#4646=ORIENTED_EDGE('',*,*,#3271,.F.);
#4647=ORIENTED_EDGE('',*,*,#3272,.F.);
#4648=ORIENTED_EDGE('',*,*,#3273,.T.);
#4649=ORIENTED_EDGE('',*,*,#3274,.F.);
#4650=ORIENTED_EDGE('',*,*,#3275,.F.);
#4651=ORIENTED_EDGE('',*,*,#3276,.T.);
#4652=ORIENTED_EDGE('',*,*,#3277,.F.);
#4653=ORIENTED_EDGE('',*,*,#3278,.F.);
#4654=ORIENTED_EDGE('',*,*,#3279,.T.);
#4655=ORIENTED_EDGE('',*,*,#3280,.F.);
#4656=ORIENTED_EDGE('',*,*,#3281,.F.);
#4657=ORIENTED_EDGE('',*,*,#3282,.T.);
#4658=ORIENTED_EDGE('',*,*,#3283,.F.);
#4659=ORIENTED_EDGE('',*,*,#3284,.F.);
#4660=ORIENTED_EDGE('',*,*,#3285,.T.);
#4661=ORIENTED_EDGE('',*,*,#3286,.F.);
#4662=ORIENTED_EDGE('',*,*,#3287,.F.);
#4663=ORIENTED_EDGE('',*,*,#3288,.T.);
#4664=ORIENTED_EDGE('',*,*,#3289,.F.);
#4665=ORIENTED_EDGE('',*,*,#3290,.F.);
#4666=ORIENTED_EDGE('',*,*,#3291,.T.);
#4667=ORIENTED_EDGE('',*,*,#3292,.F.);
#4668=ORIENTED_EDGE('',*,*,#3293,.F.);
#4669=ORIENTED_EDGE('',*,*,#3294,.T.);
#4670=ORIENTED_EDGE('',*,*,#3295,.F.);
#4671=ORIENTED_EDGE('',*,*,#3296,.F.);
#4672=ORIENTED_EDGE('',*,*,#3297,.T.);
#4673=ORIENTED_EDGE('',*,*,#3298,.F.);
#4674=ORIENTED_EDGE('',*,*,#3299,.F.);
#4675=ORIENTED_EDGE('',*,*,#3300,.T.);
#4676=ORIENTED_EDGE('',*,*,#3301,.F.);
#4677=ORIENTED_EDGE('',*,*,#3302,.F.);
#4678=ORIENTED_EDGE('',*,*,#3303,.T.);
#4679=ORIENTED_EDGE('',*,*,#3304,.F.);
#4680=ORIENTED_EDGE('',*,*,#3305,.F.);
#4681=ORIENTED_EDGE('',*,*,#3306,.T.);
#4682=ORIENTED_EDGE('',*,*,#3307,.T.);
#4683=ORIENTED_EDGE('',*,*,#3308,.T.);
#4684=ORIENTED_EDGE('',*,*,#3309,.T.);
#4685=ORIENTED_EDGE('',*,*,#3235,.F.);
#4686=ORIENTED_EDGE('',*,*,#3231,.F.);
#4687=ORIENTED_EDGE('',*,*,#3310,.T.);
#4688=ORIENTED_EDGE('',*,*,#3311,.F.);
#4689=ORIENTED_EDGE('',*,*,#3312,.F.);
#4690=ORIENTED_EDGE('',*,*,#3313,.T.);
#4691=ORIENTED_EDGE('',*,*,#3314,.F.);
#4692=ORIENTED_EDGE('',*,*,#3315,.F.);
#4693=ORIENTED_EDGE('',*,*,#3316,.T.);
#4694=ORIENTED_EDGE('',*,*,#3317,.F.);
#4695=ORIENTED_EDGE('',*,*,#3318,.F.);
#4696=ORIENTED_EDGE('',*,*,#3319,.T.);
#4697=ORIENTED_EDGE('',*,*,#3320,.F.);
#4698=ORIENTED_EDGE('',*,*,#3321,.F.);
#4699=ORIENTED_EDGE('',*,*,#3322,.T.);
#4700=ORIENTED_EDGE('',*,*,#3323,.F.);
#4701=ORIENTED_EDGE('',*,*,#3324,.F.);
#4702=ORIENTED_EDGE('',*,*,#3325,.T.);
#4703=ORIENTED_EDGE('',*,*,#3326,.F.);
#4704=ORIENTED_EDGE('',*,*,#3327,.F.);
#4705=ORIENTED_EDGE('',*,*,#3328,.T.);
#4706=ORIENTED_EDGE('',*,*,#3239,.F.);
#4707=ORIENTED_EDGE('',*,*,#3234,.F.);
#4708=ORIENTED_EDGE('',*,*,#3329,.F.);
#4709=ORIENTED_EDGE('',*,*,#3330,.T.);
#4710=ORIENTED_EDGE('',*,*,#3310,.F.);
#4711=ORIENTED_EDGE('',*,*,#3312,.T.);
#4712=ORIENTED_EDGE('',*,*,#3331,.F.);
#4713=ORIENTED_EDGE('',*,*,#3332,.T.);
#4714=ORIENTED_EDGE('',*,*,#3333,.T.);
#4715=ORIENTED_EDGE('',*,*,#3311,.T.);
#4716=ORIENTED_EDGE('',*,*,#3330,.F.);
#4717=ORIENTED_EDGE('',*,*,#3334,.T.);
#4718=ORIENTED_EDGE('',*,*,#3331,.T.);
#4719=ORIENTED_EDGE('',*,*,#3333,.F.);
#4720=ORIENTED_EDGE('',*,*,#3335,.F.);
#4721=ORIENTED_EDGE('',*,*,#3336,.T.);
#4722=ORIENTED_EDGE('',*,*,#3313,.F.);
#4723=ORIENTED_EDGE('',*,*,#3315,.T.);
#4724=ORIENTED_EDGE('',*,*,#3337,.F.);
#4725=ORIENTED_EDGE('',*,*,#3338,.T.);
#4726=ORIENTED_EDGE('',*,*,#3339,.T.);
#4727=ORIENTED_EDGE('',*,*,#3314,.T.);
#4728=ORIENTED_EDGE('',*,*,#3336,.F.);
#4729=ORIENTED_EDGE('',*,*,#3340,.T.);
#4730=ORIENTED_EDGE('',*,*,#3337,.T.);
#4731=ORIENTED_EDGE('',*,*,#3339,.F.);
#4732=ORIENTED_EDGE('',*,*,#3341,.F.);
#4733=ORIENTED_EDGE('',*,*,#3342,.T.);
#4734=ORIENTED_EDGE('',*,*,#3316,.F.);
#4735=ORIENTED_EDGE('',*,*,#3318,.T.);
#4736=ORIENTED_EDGE('',*,*,#3343,.F.);
#4737=ORIENTED_EDGE('',*,*,#3344,.T.);
#4738=ORIENTED_EDGE('',*,*,#3345,.T.);
#4739=ORIENTED_EDGE('',*,*,#3317,.T.);
#4740=ORIENTED_EDGE('',*,*,#3342,.F.);
#4741=ORIENTED_EDGE('',*,*,#3346,.T.);
#4742=ORIENTED_EDGE('',*,*,#3343,.T.);
#4743=ORIENTED_EDGE('',*,*,#3345,.F.);
#4744=ORIENTED_EDGE('',*,*,#3347,.F.);
#4745=ORIENTED_EDGE('',*,*,#3348,.T.);
#4746=ORIENTED_EDGE('',*,*,#3319,.F.);
#4747=ORIENTED_EDGE('',*,*,#3321,.T.);
#4748=ORIENTED_EDGE('',*,*,#3349,.F.);
#4749=ORIENTED_EDGE('',*,*,#3350,.T.);
#4750=ORIENTED_EDGE('',*,*,#3351,.T.);
#4751=ORIENTED_EDGE('',*,*,#3320,.T.);
#4752=ORIENTED_EDGE('',*,*,#3348,.F.);
#4753=ORIENTED_EDGE('',*,*,#3352,.T.);
#4754=ORIENTED_EDGE('',*,*,#3349,.T.);
#4755=ORIENTED_EDGE('',*,*,#3351,.F.);
#4756=ORIENTED_EDGE('',*,*,#3353,.F.);
#4757=ORIENTED_EDGE('',*,*,#3354,.T.);
#4758=ORIENTED_EDGE('',*,*,#3322,.F.);
#4759=ORIENTED_EDGE('',*,*,#3324,.T.);
#4760=ORIENTED_EDGE('',*,*,#3355,.F.);
#4761=ORIENTED_EDGE('',*,*,#3356,.T.);
#4762=ORIENTED_EDGE('',*,*,#3357,.T.);
#4763=ORIENTED_EDGE('',*,*,#3323,.T.);
#4764=ORIENTED_EDGE('',*,*,#3354,.F.);
#4765=ORIENTED_EDGE('',*,*,#3358,.T.);
#4766=ORIENTED_EDGE('',*,*,#3355,.T.);
#4767=ORIENTED_EDGE('',*,*,#3357,.F.);
#4768=ORIENTED_EDGE('',*,*,#3359,.F.);
#4769=ORIENTED_EDGE('',*,*,#3360,.T.);
#4770=ORIENTED_EDGE('',*,*,#3325,.F.);
#4771=ORIENTED_EDGE('',*,*,#3327,.T.);
#4772=ORIENTED_EDGE('',*,*,#3361,.F.);
#4773=ORIENTED_EDGE('',*,*,#3362,.T.);
#4774=ORIENTED_EDGE('',*,*,#3363,.T.);
#4775=ORIENTED_EDGE('',*,*,#3326,.T.);
#4776=ORIENTED_EDGE('',*,*,#3360,.F.);
#4777=ORIENTED_EDGE('',*,*,#3364,.T.);
#4778=ORIENTED_EDGE('',*,*,#3361,.T.);
#4779=ORIENTED_EDGE('',*,*,#3363,.F.);
#4780=ORIENTED_EDGE('',*,*,#3365,.F.);
#4781=ORIENTED_EDGE('',*,*,#3366,.F.);
#4782=ORIENTED_EDGE('',*,*,#3367,.T.);
#4783=ORIENTED_EDGE('',*,*,#3240,.F.);
#4784=ORIENTED_EDGE('',*,*,#3328,.F.);
#4785=ORIENTED_EDGE('',*,*,#3242,.T.);
#4786=ORIENTED_EDGE('',*,*,#3368,.F.);
#4787=ORIENTED_EDGE('',*,*,#3369,.T.);
#4788=ORIENTED_EDGE('',*,*,#3370,.T.);
#4789=ORIENTED_EDGE('',*,*,#3241,.T.);
#4790=ORIENTED_EDGE('',*,*,#3367,.F.);
#4791=ORIENTED_EDGE('',*,*,#3371,.T.);
#4792=ORIENTED_EDGE('',*,*,#3368,.T.);
#4793=ORIENTED_EDGE('',*,*,#3370,.F.);
#4794=ORIENTED_EDGE('',*,*,#3372,.F.);
#4795=ORIENTED_EDGE('',*,*,#3373,.T.);
#4796=ORIENTED_EDGE('',*,*,#3243,.F.);
#4797=ORIENTED_EDGE('',*,*,#3245,.T.);
#4798=ORIENTED_EDGE('',*,*,#3374,.F.);
#4799=ORIENTED_EDGE('',*,*,#3375,.T.);
#4800=ORIENTED_EDGE('',*,*,#3376,.T.);
#4801=ORIENTED_EDGE('',*,*,#3244,.T.);
#4802=ORIENTED_EDGE('',*,*,#3373,.F.);
#4803=ORIENTED_EDGE('',*,*,#3377,.T.);
#4804=ORIENTED_EDGE('',*,*,#3374,.T.);
#4805=ORIENTED_EDGE('',*,*,#3376,.F.);
#4806=ORIENTED_EDGE('',*,*,#3378,.F.);
#4807=ORIENTED_EDGE('',*,*,#3379,.T.);
#4808=ORIENTED_EDGE('',*,*,#3246,.F.);
#4809=ORIENTED_EDGE('',*,*,#3248,.T.);
#4810=ORIENTED_EDGE('',*,*,#3380,.F.);
#4811=ORIENTED_EDGE('',*,*,#3381,.T.);
#4812=ORIENTED_EDGE('',*,*,#3382,.T.);
#4813=ORIENTED_EDGE('',*,*,#3247,.T.);
#4814=ORIENTED_EDGE('',*,*,#3379,.F.);
#4815=ORIENTED_EDGE('',*,*,#3383,.T.);
#4816=ORIENTED_EDGE('',*,*,#3380,.T.);
#4817=ORIENTED_EDGE('',*,*,#3382,.F.);
#4818=ORIENTED_EDGE('',*,*,#3384,.F.);
#4819=ORIENTED_EDGE('',*,*,#3385,.T.);
#4820=ORIENTED_EDGE('',*,*,#3249,.F.);
#4821=ORIENTED_EDGE('',*,*,#3251,.T.);
#4822=ORIENTED_EDGE('',*,*,#3386,.F.);
#4823=ORIENTED_EDGE('',*,*,#3387,.T.);
#4824=ORIENTED_EDGE('',*,*,#3388,.T.);
#4825=ORIENTED_EDGE('',*,*,#3250,.T.);
#4826=ORIENTED_EDGE('',*,*,#3385,.F.);
#4827=ORIENTED_EDGE('',*,*,#3389,.T.);
#4828=ORIENTED_EDGE('',*,*,#3386,.T.);
#4829=ORIENTED_EDGE('',*,*,#3388,.F.);
#4830=ORIENTED_EDGE('',*,*,#3390,.F.);
#4831=ORIENTED_EDGE('',*,*,#3391,.T.);
#4832=ORIENTED_EDGE('',*,*,#3252,.F.);
#4833=ORIENTED_EDGE('',*,*,#3254,.T.);
#4834=ORIENTED_EDGE('',*,*,#3392,.F.);
#4835=ORIENTED_EDGE('',*,*,#3393,.T.);
#4836=ORIENTED_EDGE('',*,*,#3394,.T.);
#4837=ORIENTED_EDGE('',*,*,#3253,.T.);
#4838=ORIENTED_EDGE('',*,*,#3391,.F.);
#4839=ORIENTED_EDGE('',*,*,#3395,.T.);
#4840=ORIENTED_EDGE('',*,*,#3392,.T.);
#4841=ORIENTED_EDGE('',*,*,#3394,.F.);
#4842=ORIENTED_EDGE('',*,*,#3396,.F.);
#4843=ORIENTED_EDGE('',*,*,#3397,.T.);
#4844=ORIENTED_EDGE('',*,*,#3255,.F.);
#4845=ORIENTED_EDGE('',*,*,#3257,.T.);
#4846=ORIENTED_EDGE('',*,*,#3398,.F.);
#4847=ORIENTED_EDGE('',*,*,#3399,.T.);
#4848=ORIENTED_EDGE('',*,*,#3400,.T.);
#4849=ORIENTED_EDGE('',*,*,#3256,.T.);
#4850=ORIENTED_EDGE('',*,*,#3397,.F.);
#4851=ORIENTED_EDGE('',*,*,#3401,.T.);
#4852=ORIENTED_EDGE('',*,*,#3398,.T.);
#4853=ORIENTED_EDGE('',*,*,#3400,.F.);
#4854=ORIENTED_EDGE('',*,*,#3402,.F.);
#4855=ORIENTED_EDGE('',*,*,#3403,.T.);
#4856=ORIENTED_EDGE('',*,*,#3258,.F.);
#4857=ORIENTED_EDGE('',*,*,#3260,.T.);
#4858=ORIENTED_EDGE('',*,*,#3404,.F.);
#4859=ORIENTED_EDGE('',*,*,#3405,.T.);
#4860=ORIENTED_EDGE('',*,*,#3406,.T.);
#4861=ORIENTED_EDGE('',*,*,#3259,.T.);
#4862=ORIENTED_EDGE('',*,*,#3403,.F.);
#4863=ORIENTED_EDGE('',*,*,#3407,.T.);
#4864=ORIENTED_EDGE('',*,*,#3404,.T.);
#4865=ORIENTED_EDGE('',*,*,#3406,.F.);
#4866=ORIENTED_EDGE('',*,*,#3408,.F.);
#4867=ORIENTED_EDGE('',*,*,#3409,.T.);
#4868=ORIENTED_EDGE('',*,*,#3261,.F.);
#4869=ORIENTED_EDGE('',*,*,#3263,.T.);
#4870=ORIENTED_EDGE('',*,*,#3410,.F.);
#4871=ORIENTED_EDGE('',*,*,#3411,.T.);
#4872=ORIENTED_EDGE('',*,*,#3412,.T.);
#4873=ORIENTED_EDGE('',*,*,#3262,.T.);
#4874=ORIENTED_EDGE('',*,*,#3409,.F.);
#4875=ORIENTED_EDGE('',*,*,#3413,.T.);
#4876=ORIENTED_EDGE('',*,*,#3410,.T.);
#4877=ORIENTED_EDGE('',*,*,#3412,.F.);
#4878=ORIENTED_EDGE('',*,*,#3414,.F.);
#4879=ORIENTED_EDGE('',*,*,#3415,.T.);
#4880=ORIENTED_EDGE('',*,*,#3264,.F.);
#4881=ORIENTED_EDGE('',*,*,#3266,.T.);
#4882=ORIENTED_EDGE('',*,*,#3416,.F.);
#4883=ORIENTED_EDGE('',*,*,#3417,.T.);
#4884=ORIENTED_EDGE('',*,*,#3418,.T.);
#4885=ORIENTED_EDGE('',*,*,#3265,.T.);
#4886=ORIENTED_EDGE('',*,*,#3415,.F.);
#4887=ORIENTED_EDGE('',*,*,#3419,.T.);
#4888=ORIENTED_EDGE('',*,*,#3416,.T.);
#4889=ORIENTED_EDGE('',*,*,#3418,.F.);
#4890=ORIENTED_EDGE('',*,*,#3420,.F.);
#4891=ORIENTED_EDGE('',*,*,#3421,.T.);
#4892=ORIENTED_EDGE('',*,*,#3267,.F.);
#4893=ORIENTED_EDGE('',*,*,#3269,.T.);
#4894=ORIENTED_EDGE('',*,*,#3422,.F.);
#4895=ORIENTED_EDGE('',*,*,#3423,.T.);
#4896=ORIENTED_EDGE('',*,*,#3424,.T.);
#4897=ORIENTED_EDGE('',*,*,#3268,.T.);
#4898=ORIENTED_EDGE('',*,*,#3421,.F.);
#4899=ORIENTED_EDGE('',*,*,#3425,.T.);
#4900=ORIENTED_EDGE('',*,*,#3422,.T.);
#4901=ORIENTED_EDGE('',*,*,#3424,.F.);
#4902=ORIENTED_EDGE('',*,*,#3426,.F.);
#4903=ORIENTED_EDGE('',*,*,#3427,.T.);
#4904=ORIENTED_EDGE('',*,*,#3270,.F.);
#4905=ORIENTED_EDGE('',*,*,#3272,.T.);
#4906=ORIENTED_EDGE('',*,*,#3428,.F.);
#4907=ORIENTED_EDGE('',*,*,#3429,.T.);
#4908=ORIENTED_EDGE('',*,*,#3430,.T.);
#4909=ORIENTED_EDGE('',*,*,#3271,.T.);
#4910=ORIENTED_EDGE('',*,*,#3427,.F.);
#4911=ORIENTED_EDGE('',*,*,#3431,.T.);
#4912=ORIENTED_EDGE('',*,*,#3428,.T.);
#4913=ORIENTED_EDGE('',*,*,#3430,.F.);
#4914=ORIENTED_EDGE('',*,*,#3432,.F.);
#4915=ORIENTED_EDGE('',*,*,#3433,.T.);
#4916=ORIENTED_EDGE('',*,*,#3273,.F.);
#4917=ORIENTED_EDGE('',*,*,#3275,.T.);
#4918=ORIENTED_EDGE('',*,*,#3434,.F.);
#4919=ORIENTED_EDGE('',*,*,#3435,.T.);
#4920=ORIENTED_EDGE('',*,*,#3436,.T.);
#4921=ORIENTED_EDGE('',*,*,#3274,.T.);
#4922=ORIENTED_EDGE('',*,*,#3433,.F.);
#4923=ORIENTED_EDGE('',*,*,#3437,.T.);
#4924=ORIENTED_EDGE('',*,*,#3434,.T.);
#4925=ORIENTED_EDGE('',*,*,#3436,.F.);
#4926=ORIENTED_EDGE('',*,*,#3438,.F.);
#4927=ORIENTED_EDGE('',*,*,#3439,.T.);
#4928=ORIENTED_EDGE('',*,*,#3276,.F.);
#4929=ORIENTED_EDGE('',*,*,#3278,.T.);
#4930=ORIENTED_EDGE('',*,*,#3440,.F.);
#4931=ORIENTED_EDGE('',*,*,#3441,.T.);
#4932=ORIENTED_EDGE('',*,*,#3442,.T.);
#4933=ORIENTED_EDGE('',*,*,#3277,.T.);
#4934=ORIENTED_EDGE('',*,*,#3439,.F.);
#4935=ORIENTED_EDGE('',*,*,#3443,.T.);
#4936=ORIENTED_EDGE('',*,*,#3440,.T.);
#4937=ORIENTED_EDGE('',*,*,#3442,.F.);
#4938=ORIENTED_EDGE('',*,*,#3444,.F.);
#4939=ORIENTED_EDGE('',*,*,#3445,.T.);
#4940=ORIENTED_EDGE('',*,*,#3279,.F.);
#4941=ORIENTED_EDGE('',*,*,#3281,.T.);
#4942=ORIENTED_EDGE('',*,*,#3446,.F.);
#4943=ORIENTED_EDGE('',*,*,#3447,.T.);
#4944=ORIENTED_EDGE('',*,*,#3448,.T.);
#4945=ORIENTED_EDGE('',*,*,#3280,.T.);
#4946=ORIENTED_EDGE('',*,*,#3445,.F.);
#4947=ORIENTED_EDGE('',*,*,#3449,.T.);
#4948=ORIENTED_EDGE('',*,*,#3446,.T.);
#4949=ORIENTED_EDGE('',*,*,#3448,.F.);
#4950=ORIENTED_EDGE('',*,*,#3450,.F.);
#4951=ORIENTED_EDGE('',*,*,#3451,.T.);
#4952=ORIENTED_EDGE('',*,*,#3282,.F.);
#4953=ORIENTED_EDGE('',*,*,#3284,.T.);
#4954=ORIENTED_EDGE('',*,*,#3452,.F.);
#4955=ORIENTED_EDGE('',*,*,#3453,.T.);
#4956=ORIENTED_EDGE('',*,*,#3454,.T.);
#4957=ORIENTED_EDGE('',*,*,#3283,.T.);
#4958=ORIENTED_EDGE('',*,*,#3451,.F.);
#4959=ORIENTED_EDGE('',*,*,#3455,.T.);
#4960=ORIENTED_EDGE('',*,*,#3452,.T.);
#4961=ORIENTED_EDGE('',*,*,#3454,.F.);
#4962=ORIENTED_EDGE('',*,*,#3456,.F.);
#4963=ORIENTED_EDGE('',*,*,#3457,.T.);
#4964=ORIENTED_EDGE('',*,*,#3285,.F.);
#4965=ORIENTED_EDGE('',*,*,#3287,.T.);
#4966=ORIENTED_EDGE('',*,*,#3458,.F.);
#4967=ORIENTED_EDGE('',*,*,#3459,.T.);
#4968=ORIENTED_EDGE('',*,*,#3460,.T.);
#4969=ORIENTED_EDGE('',*,*,#3286,.T.);
#4970=ORIENTED_EDGE('',*,*,#3457,.F.);
#4971=ORIENTED_EDGE('',*,*,#3461,.T.);
#4972=ORIENTED_EDGE('',*,*,#3458,.T.);
#4973=ORIENTED_EDGE('',*,*,#3460,.F.);
#4974=ORIENTED_EDGE('',*,*,#3462,.F.);
#4975=ORIENTED_EDGE('',*,*,#3463,.T.);
#4976=ORIENTED_EDGE('',*,*,#3288,.F.);
#4977=ORIENTED_EDGE('',*,*,#3290,.T.);
#4978=ORIENTED_EDGE('',*,*,#3464,.F.);
#4979=ORIENTED_EDGE('',*,*,#3465,.T.);
#4980=ORIENTED_EDGE('',*,*,#3466,.T.);
#4981=ORIENTED_EDGE('',*,*,#3289,.T.);
#4982=ORIENTED_EDGE('',*,*,#3463,.F.);
#4983=ORIENTED_EDGE('',*,*,#3467,.T.);
#4984=ORIENTED_EDGE('',*,*,#3464,.T.);
#4985=ORIENTED_EDGE('',*,*,#3466,.F.);
#4986=ORIENTED_EDGE('',*,*,#3468,.F.);
#4987=ORIENTED_EDGE('',*,*,#3469,.T.);
#4988=ORIENTED_EDGE('',*,*,#3291,.F.);
#4989=ORIENTED_EDGE('',*,*,#3293,.T.);
#4990=ORIENTED_EDGE('',*,*,#3470,.F.);
#4991=ORIENTED_EDGE('',*,*,#3471,.T.);
#4992=ORIENTED_EDGE('',*,*,#3472,.T.);
#4993=ORIENTED_EDGE('',*,*,#3292,.T.);
#4994=ORIENTED_EDGE('',*,*,#3469,.F.);
#4995=ORIENTED_EDGE('',*,*,#3473,.T.);
#4996=ORIENTED_EDGE('',*,*,#3470,.T.);
#4997=ORIENTED_EDGE('',*,*,#3472,.F.);
#4998=ORIENTED_EDGE('',*,*,#3474,.F.);
#4999=ORIENTED_EDGE('',*,*,#3475,.T.);
#5000=ORIENTED_EDGE('',*,*,#3294,.F.);
#5001=ORIENTED_EDGE('',*,*,#3296,.T.);
#5002=ORIENTED_EDGE('',*,*,#3476,.F.);
#5003=ORIENTED_EDGE('',*,*,#3477,.T.);
#5004=ORIENTED_EDGE('',*,*,#3478,.T.);
#5005=ORIENTED_EDGE('',*,*,#3295,.T.);
#5006=ORIENTED_EDGE('',*,*,#3475,.F.);
#5007=ORIENTED_EDGE('',*,*,#3479,.T.);
#5008=ORIENTED_EDGE('',*,*,#3476,.T.);
#5009=ORIENTED_EDGE('',*,*,#3478,.F.);
#5010=ORIENTED_EDGE('',*,*,#3480,.F.);
#5011=ORIENTED_EDGE('',*,*,#3481,.T.);
#5012=ORIENTED_EDGE('',*,*,#3297,.F.);
#5013=ORIENTED_EDGE('',*,*,#3299,.T.);
#5014=ORIENTED_EDGE('',*,*,#3482,.F.);
#5015=ORIENTED_EDGE('',*,*,#3483,.T.);
#5016=ORIENTED_EDGE('',*,*,#3484,.T.);
#5017=ORIENTED_EDGE('',*,*,#3298,.T.);
#5018=ORIENTED_EDGE('',*,*,#3481,.F.);
#5019=ORIENTED_EDGE('',*,*,#3485,.T.);
#5020=ORIENTED_EDGE('',*,*,#3482,.T.);
#5021=ORIENTED_EDGE('',*,*,#3484,.F.);
#5022=ORIENTED_EDGE('',*,*,#3486,.F.);
#5023=ORIENTED_EDGE('',*,*,#3487,.T.);
#5024=ORIENTED_EDGE('',*,*,#3300,.F.);
#5025=ORIENTED_EDGE('',*,*,#3302,.T.);
#5026=ORIENTED_EDGE('',*,*,#3488,.F.);
#5027=ORIENTED_EDGE('',*,*,#3489,.T.);
#5028=ORIENTED_EDGE('',*,*,#3490,.T.);
#5029=ORIENTED_EDGE('',*,*,#3301,.T.);
#5030=ORIENTED_EDGE('',*,*,#3487,.F.);
#5031=ORIENTED_EDGE('',*,*,#3491,.T.);
#5032=ORIENTED_EDGE('',*,*,#3488,.T.);
#5033=ORIENTED_EDGE('',*,*,#3490,.F.);
#5034=ORIENTED_EDGE('',*,*,#3492,.F.);
#5035=ORIENTED_EDGE('',*,*,#3493,.T.);
#5036=ORIENTED_EDGE('',*,*,#3303,.F.);
#5037=ORIENTED_EDGE('',*,*,#3305,.T.);
#5038=ORIENTED_EDGE('',*,*,#3494,.F.);
#5039=ORIENTED_EDGE('',*,*,#3495,.T.);
#5040=ORIENTED_EDGE('',*,*,#3496,.T.);
#5041=ORIENTED_EDGE('',*,*,#3304,.T.);
#5042=ORIENTED_EDGE('',*,*,#3493,.F.);
#5043=ORIENTED_EDGE('',*,*,#3497,.T.);
#5044=ORIENTED_EDGE('',*,*,#3494,.T.);
#5045=ORIENTED_EDGE('',*,*,#3237,.F.);
#5046=ORIENTED_EDGE('',*,*,#3498,.T.);
#5047=ORIENTED_EDGE('',*,*,#3499,.T.);
#5048=ORIENTED_EDGE('',*,*,#3500,.T.);
#5049=ORIENTED_EDGE('',*,*,#3501,.T.);
#5050=ORIENTED_EDGE('',*,*,#3495,.F.);
#5051=ORIENTED_EDGE('',*,*,#3497,.F.);
#5052=ORIENTED_EDGE('',*,*,#3492,.T.);
#5053=ORIENTED_EDGE('',*,*,#3489,.F.);
#5054=ORIENTED_EDGE('',*,*,#3491,.F.);
#5055=ORIENTED_EDGE('',*,*,#3486,.T.);
#5056=ORIENTED_EDGE('',*,*,#3483,.F.);
#5057=ORIENTED_EDGE('',*,*,#3485,.F.);
#5058=ORIENTED_EDGE('',*,*,#3480,.T.);
#5059=ORIENTED_EDGE('',*,*,#3477,.F.);
#5060=ORIENTED_EDGE('',*,*,#3479,.F.);
#5061=ORIENTED_EDGE('',*,*,#3474,.T.);
#5062=ORIENTED_EDGE('',*,*,#3471,.F.);
#5063=ORIENTED_EDGE('',*,*,#3473,.F.);
#5064=ORIENTED_EDGE('',*,*,#3468,.T.);
#5065=ORIENTED_EDGE('',*,*,#3465,.F.);
#5066=ORIENTED_EDGE('',*,*,#3467,.F.);
#5067=ORIENTED_EDGE('',*,*,#3462,.T.);
#5068=ORIENTED_EDGE('',*,*,#3459,.F.);
#5069=ORIENTED_EDGE('',*,*,#3461,.F.);
#5070=ORIENTED_EDGE('',*,*,#3456,.T.);
#5071=ORIENTED_EDGE('',*,*,#3453,.F.);
#5072=ORIENTED_EDGE('',*,*,#3455,.F.);
#5073=ORIENTED_EDGE('',*,*,#3450,.T.);
#5074=ORIENTED_EDGE('',*,*,#3447,.F.);
#5075=ORIENTED_EDGE('',*,*,#3449,.F.);
#5076=ORIENTED_EDGE('',*,*,#3444,.T.);
#5077=ORIENTED_EDGE('',*,*,#3441,.F.);
#5078=ORIENTED_EDGE('',*,*,#3443,.F.);
#5079=ORIENTED_EDGE('',*,*,#3438,.T.);
#5080=ORIENTED_EDGE('',*,*,#3435,.F.);
#5081=ORIENTED_EDGE('',*,*,#3437,.F.);
#5082=ORIENTED_EDGE('',*,*,#3432,.T.);
#5083=ORIENTED_EDGE('',*,*,#3429,.F.);
#5084=ORIENTED_EDGE('',*,*,#3431,.F.);
#5085=ORIENTED_EDGE('',*,*,#3426,.T.);
#5086=ORIENTED_EDGE('',*,*,#3423,.F.);
#5087=ORIENTED_EDGE('',*,*,#3425,.F.);
#5088=ORIENTED_EDGE('',*,*,#3420,.T.);
#5089=ORIENTED_EDGE('',*,*,#3417,.F.);
#5090=ORIENTED_EDGE('',*,*,#3419,.F.);
#5091=ORIENTED_EDGE('',*,*,#3414,.T.);
#5092=ORIENTED_EDGE('',*,*,#3411,.F.);
#5093=ORIENTED_EDGE('',*,*,#3413,.F.);
#5094=ORIENTED_EDGE('',*,*,#3408,.T.);
#5095=ORIENTED_EDGE('',*,*,#3405,.F.);
#5096=ORIENTED_EDGE('',*,*,#3407,.F.);
#5097=ORIENTED_EDGE('',*,*,#3402,.T.);
#5098=ORIENTED_EDGE('',*,*,#3399,.F.);
#5099=ORIENTED_EDGE('',*,*,#3401,.F.);
#5100=ORIENTED_EDGE('',*,*,#3396,.T.);
#5101=ORIENTED_EDGE('',*,*,#3393,.F.);
#5102=ORIENTED_EDGE('',*,*,#3395,.F.);
#5103=ORIENTED_EDGE('',*,*,#3390,.T.);
#5104=ORIENTED_EDGE('',*,*,#3387,.F.);
#5105=ORIENTED_EDGE('',*,*,#3389,.F.);
#5106=ORIENTED_EDGE('',*,*,#3384,.T.);
#5107=ORIENTED_EDGE('',*,*,#3381,.F.);
#5108=ORIENTED_EDGE('',*,*,#3383,.F.);
#5109=ORIENTED_EDGE('',*,*,#3378,.T.);
#5110=ORIENTED_EDGE('',*,*,#3375,.F.);
#5111=ORIENTED_EDGE('',*,*,#3377,.F.);
#5112=ORIENTED_EDGE('',*,*,#3372,.T.);
#5113=ORIENTED_EDGE('',*,*,#3369,.F.);
#5114=ORIENTED_EDGE('',*,*,#3371,.F.);
#5115=ORIENTED_EDGE('',*,*,#3366,.T.);
#5116=ORIENTED_EDGE('',*,*,#3502,.T.);
#5117=ORIENTED_EDGE('',*,*,#3503,.T.);
#5118=ORIENTED_EDGE('',*,*,#3502,.F.);
#5119=ORIENTED_EDGE('',*,*,#3365,.T.);
#5120=ORIENTED_EDGE('',*,*,#3362,.F.);
#5121=ORIENTED_EDGE('',*,*,#3364,.F.);
#5122=ORIENTED_EDGE('',*,*,#3359,.T.);
#5123=ORIENTED_EDGE('',*,*,#3356,.F.);
#5124=ORIENTED_EDGE('',*,*,#3358,.F.);
#5125=ORIENTED_EDGE('',*,*,#3353,.T.);
#5126=ORIENTED_EDGE('',*,*,#3350,.F.);
#5127=ORIENTED_EDGE('',*,*,#3352,.F.);
#5128=ORIENTED_EDGE('',*,*,#3347,.T.);
#5129=ORIENTED_EDGE('',*,*,#3344,.F.);
#5130=ORIENTED_EDGE('',*,*,#3346,.F.);
#5131=ORIENTED_EDGE('',*,*,#3341,.T.);
#5132=ORIENTED_EDGE('',*,*,#3338,.F.);
#5133=ORIENTED_EDGE('',*,*,#3340,.F.);
#5134=ORIENTED_EDGE('',*,*,#3335,.T.);
#5135=ORIENTED_EDGE('',*,*,#3332,.F.);
#5136=ORIENTED_EDGE('',*,*,#3334,.F.);
#5137=ORIENTED_EDGE('',*,*,#3329,.T.);
#5138=ORIENTED_EDGE('',*,*,#3233,.F.);
#5139=ORIENTED_EDGE('',*,*,#3236,.T.);
#5140=ORIENTED_EDGE('',*,*,#3309,.F.);
#5141=ORIENTED_EDGE('',*,*,#3504,.F.);
#5142=ORIENTED_EDGE('',*,*,#3498,.F.);
#5143=ORIENTED_EDGE('',*,*,#3496,.F.);
#5144=ORIENTED_EDGE('',*,*,#3501,.F.);
#5145=ORIENTED_EDGE('',*,*,#3505,.T.);
#5146=ORIENTED_EDGE('',*,*,#3306,.F.);
#5147=ORIENTED_EDGE('',*,*,#3308,.F.);
#5148=ORIENTED_EDGE('',*,*,#3506,.F.);
#5149=ORIENTED_EDGE('',*,*,#3499,.F.);
#5150=ORIENTED_EDGE('',*,*,#3504,.T.);
#5151=ORIENTED_EDGE('',*,*,#3307,.F.);
#5152=ORIENTED_EDGE('',*,*,#3505,.F.);
#5153=ORIENTED_EDGE('',*,*,#3500,.F.);
#5154=ORIENTED_EDGE('',*,*,#3506,.T.);
#5155=ORIENTED_EDGE('',*,*,#3238,.F.);
#5156=ORIENTED_EDGE('',*,*,#3507,.T.);
#5157=ORIENTED_EDGE('',*,*,#3219,.T.);
#5158=ORIENTED_EDGE('',*,*,#3508,.T.);
#5159=ORIENTED_EDGE('',*,*,#3215,.T.);
#5160=ORIENTED_EDGE('',*,*,#3503,.F.);
#5161=ORIENTED_EDGE('',*,*,#3509,.T.);
#5162=ORIENTED_EDGE('',*,*,#3208,.F.);
#5163=ORIENTED_EDGE('',*,*,#3510,.T.);
#5164=ORIENTED_EDGE('',*,*,#3229,.T.);
#5165=ORIENTED_EDGE('',*,*,#3227,.T.);
#5166=ORIENTED_EDGE('',*,*,#3511,.T.);
#5167=ORIENTED_EDGE('',*,*,#3224,.F.);
#5168=ORIENTED_EDGE('',*,*,#3512,.F.);
#5169=ORIENTED_EDGE('',*,*,#3508,.F.);
#5170=ORIENTED_EDGE('',*,*,#3218,.F.);
#5171=ORIENTED_EDGE('',*,*,#3222,.F.);
#5172=ORIENTED_EDGE('',*,*,#3225,.F.);
#5173=ORIENTED_EDGE('',*,*,#3511,.F.);
#5174=ORIENTED_EDGE('',*,*,#3230,.F.);
#5175=ORIENTED_EDGE('',*,*,#3510,.F.);
#5176=ORIENTED_EDGE('',*,*,#3207,.F.);
#5177=ORIENTED_EDGE('',*,*,#3211,.F.);
#5178=ORIENTED_EDGE('',*,*,#3513,.F.);
#5179=ORIENTED_EDGE('',*,*,#3216,.F.);
#5180=ORIENTED_EDGE('',*,*,#3507,.F.);
#5181=ORIENTED_EDGE('',*,*,#3214,.F.);
#5182=ORIENTED_EDGE('',*,*,#3514,.F.);
#5183=ORIENTED_EDGE('',*,*,#3212,.F.);
#5184=ORIENTED_EDGE('',*,*,#3209,.F.);
#5185=ORIENTED_EDGE('',*,*,#3509,.F.);
#5186=ORIENTED_EDGE('',*,*,#3228,.T.);
#5187=ORIENTED_EDGE('',*,*,#3512,.T.);
#5188=ORIENTED_EDGE('',*,*,#3226,.T.);
#5189=ORIENTED_EDGE('',*,*,#3223,.T.);
#5190=ORIENTED_EDGE('',*,*,#3220,.T.);
#5191=ORIENTED_EDGE('',*,*,#3213,.T.);
#5192=ORIENTED_EDGE('',*,*,#3513,.T.);
#5193=ORIENTED_EDGE('',*,*,#3210,.F.);
#5194=ORIENTED_EDGE('',*,*,#3514,.T.);
#5195=PLANE('',#5610);
#5196=PLANE('',#5611);
#5197=PLANE('',#5612);
#5198=PLANE('',#5616);
#5199=PLANE('',#5617);
#5200=PLANE('',#5618);
#5201=PLANE('',#5622);
#5202=PLANE('',#5623);
#5203=PLANE('',#5624);
#5204=PLANE('',#5625);
#5205=PLANE('',#5629);
#5206=PLANE('',#5630);
#5207=PLANE('',#5631);
#5208=PLANE('',#5632);
#5209=PLANE('',#5636);
#5210=PLANE('',#5645);
#5211=PLANE('',#5655);
#5212=PLANE('',#5656);
#5213=PLANE('',#5657);
#5214=PLANE('',#5658);
#5215=PLANE('',#5665);
#5216=PLANE('',#5666);
#5217=PLANE('',#5667);
#5218=PLANE('',#5672);
#5219=PLANE('',#5673);
#5220=PLANE('',#5674);
#5221=PLANE('',#5675);
#5222=PLANE('',#5676);
#5223=PLANE('',#5677);
#5224=PLANE('',#5678);
#5225=PLANE('',#5679);
#5226=PLANE('',#5684);
#5227=PLANE('',#5685);
#5228=PLANE('',#5690);
#5229=PLANE('',#5693);
#5230=PLANE('',#5694);
#5231=PLANE('',#5695);
#5232=PLANE('',#5696);
#5233=PLANE('',#5697);
#5234=PLANE('',#5698);
#5235=PLANE('',#5699);
#5236=PLANE('',#5700);
#5237=PLANE('',#5701);
#5238=PLANE('',#5704);
#5239=PLANE('',#5706);
#5240=PLANE('',#5707);
#5241=PLANE('',#5708);
#5242=PLANE('',#5709);
#5243=PLANE('',#5710);
#5244=PLANE('',#5720);
#5245=PLANE('',#5738);
#5246=PLANE('',#5739);
#5247=PLANE('',#5740);
#5248=PLANE('',#5741);
#5249=PLANE('',#5742);
#5250=PLANE('',#5757);
#5251=PLANE('',#5758);
#5252=PLANE('',#5759);
#5253=PLANE('',#5767);
#5254=PLANE('',#5768);
#5255=PLANE('',#5769);
#5256=PLANE('',#5770);
#5257=PLANE('',#5771);
#5258=PLANE('',#5772);
#5259=PLANE('',#5773);
#5260=PLANE('',#5797);
#5261=PLANE('',#5801);
#5262=PLANE('',#5805);
#5263=PLANE('',#5811);
#5264=PLANE('',#5815);
#5265=PLANE('',#5816);
#5266=PLANE('',#5817);
#5267=PLANE('',#5818);
#5268=PLANE('',#5819);
#5269=PLANE('',#5820);
#5270=PLANE('',#5821);
#5271=PLANE('',#5822);
#5272=PLANE('',#5823);
#5273=PLANE('',#5827);
#5274=PLANE('',#5830);
#5275=PLANE('',#5831);
#5276=PLANE('',#5832);
#5277=PLANE('',#5833);
#5278=PLANE('',#5834);
#5279=PLANE('',#5835);
#5280=PLANE('',#5842);
#5281=PLANE('',#5843);
#5282=PLANE('',#5844);
#5283=PLANE('',#5845);
#5284=PLANE('',#5849);
#5285=PLANE('',#5853);
#5286=PLANE('',#5854);
#5287=PLANE('',#5858);
#5288=PLANE('',#5862);
#5289=PLANE('',#5863);
#5290=PLANE('',#5870);
#5291=PLANE('',#5874);
#5292=PLANE('',#5878);
#5293=PLANE('',#5882);
#5294=PLANE('',#5886);
#5295=PLANE('',#5887);
#5296=PLANE('',#5888);
#5297=PLANE('',#5889);
#5298=PLANE('',#5890);
#5299=PLANE('',#5891);
#5300=PLANE('',#5892);
#5301=PLANE('',#5893);
#5302=PLANE('',#6061);
#5303=PLANE('',#6062);
#5304=ADVANCED_FACE('',(#638),#5195,.T.);
#5305=ADVANCED_FACE('',(#639),#5196,.T.);
#5306=ADVANCED_FACE('',(#640),#5197,.T.);
#5307=ADVANCED_FACE('',(#641),#475,.F.);
#5308=ADVANCED_FACE('',(#642),#5198,.T.);
#5309=ADVANCED_FACE('',(#643),#5199,.T.);
#5310=ADVANCED_FACE('',(#644),#5200,.T.);
#5311=ADVANCED_FACE('',(#645),#476,.F.);
#5312=ADVANCED_FACE('',(#646),#5201,.T.);
#5313=ADVANCED_FACE('',(#647),#5202,.T.);
#5314=ADVANCED_FACE('',(#648),#5203,.T.);
#5315=ADVANCED_FACE('',(#649),#5204,.T.);
#5316=ADVANCED_FACE('',(#650),#477,.F.);
#5317=ADVANCED_FACE('',(#651),#5205,.T.);
#5318=ADVANCED_FACE('',(#652),#5206,.T.);
#5319=ADVANCED_FACE('',(#653),#5207,.F.);
#5320=ADVANCED_FACE('',(#654),#5208,.T.);
#5321=ADVANCED_FACE('',(#655),#5209,.T.);
#5322=ADVANCED_FACE('',(#656),#478,.F.);
#5323=ADVANCED_FACE('',(#657),#479,.F.);
#5324=ADVANCED_FACE('',(#658,#253,#254,#255,#256),#5210,.T.);
#5325=ADVANCED_FACE('',(#659),#480,.F.);
#5326=ADVANCED_FACE('',(#660),#5211,.T.);
#5327=ADVANCED_FACE('',(#661),#5212,.T.);
#5328=ADVANCED_FACE('',(#662),#5213,.T.);
#5329=ADVANCED_FACE('',(#663),#5214,.T.);
#5330=ADVANCED_FACE('',(#664),#481,.F.);
#5331=ADVANCED_FACE('',(#665),#482,.F.);
#5332=ADVANCED_FACE('',(#666),#483,.T.);
#5333=ADVANCED_FACE('',(#667),#5215,.T.);
#5334=ADVANCED_FACE('',(#668),#5216,.T.);
#5335=ADVANCED_FACE('',(#669),#5217,.F.);
#5336=ADVANCED_FACE('',(#670),#484,.T.);
#5337=ADVANCED_FACE('',(#671),#5218,.T.);
#5338=ADVANCED_FACE('',(#672),#5219,.T.);
#5339=ADVANCED_FACE('',(#673),#5220,.T.);
#5340=ADVANCED_FACE('',(#674),#5221,.T.);
#5341=ADVANCED_FACE('',(#675),#5222,.T.);
#5342=ADVANCED_FACE('',(#676),#5223,.T.);
#5343=ADVANCED_FACE('',(#677),#5224,.T.);
#5344=ADVANCED_FACE('',(#678,#257),#5225,.F.);
#5345=ADVANCED_FACE('',(#679),#5226,.F.);
#5346=ADVANCED_FACE('',(#680),#5227,.F.);
#5347=ADVANCED_FACE('',(#681),#5228,.F.);
#5348=ADVANCED_FACE('',(#682),#485,.F.);
#5349=ADVANCED_FACE('',(#683),#486,.F.);
#5350=ADVANCED_FACE('',(#684),#5229,.T.);
#5351=ADVANCED_FACE('',(#685),#5230,.T.);
#5352=ADVANCED_FACE('',(#686),#5231,.T.);
#5353=ADVANCED_FACE('',(#687),#5232,.T.);
#5354=ADVANCED_FACE('',(#688),#5233,.T.);
#5355=ADVANCED_FACE('',(#689),#5234,.T.);
#5356=ADVANCED_FACE('',(#690),#5235,.T.);
#5357=ADVANCED_FACE('',(#691),#5236,.T.);
#5358=ADVANCED_FACE('',(#692),#5237,.T.);
#5359=ADVANCED_FACE('',(#693),#487,.T.);
#5360=ADVANCED_FACE('',(#694),#488,.T.);
#5361=ADVANCED_FACE('',(#695),#5238,.T.);
#5362=ADVANCED_FACE('',(#696),#489,.F.);
#5363=ADVANCED_FACE('',(#697),#5239,.T.);
#5364=ADVANCED_FACE('',(#698),#5240,.T.);
#5365=ADVANCED_FACE('',(#699),#5241,.T.);
#5366=ADVANCED_FACE('',(#700),#5242,.T.);
#5367=ADVANCED_FACE('',(#701),#5243,.T.);
#5368=ADVANCED_FACE('',(#702),#490,.F.);
#5369=ADVANCED_FACE('',(#703),#491,.F.);
#5370=ADVANCED_FACE('',(#704),#244,.F.);
#5371=ADVANCED_FACE('',(#705,#258,#259,#260,#261,#262),#5244,.T.);
#5372=ADVANCED_FACE('',(#706),#492,.F.);
#5373=ADVANCED_FACE('',(#707),#245,.F.);
#5374=ADVANCED_FACE('',(#708),#493,.F.);
#5375=ADVANCED_FACE('',(#709),#494,.F.);
#5376=ADVANCED_FACE('',(#710),#246,.F.);
#5377=ADVANCED_FACE('',(#711),#495,.F.);
#5378=ADVANCED_FACE('',(#712),#5245,.T.);
#5379=ADVANCED_FACE('',(#713),#5246,.T.);
#5380=ADVANCED_FACE('',(#714),#5247,.T.);
#5381=ADVANCED_FACE('',(#715),#5248,.T.);
#5382=ADVANCED_FACE('',(#716,#263,#264,#265,#266,#267,#268),#5249,.F.);
#5383=ADVANCED_FACE('',(#717),#496,.T.);
#5384=ADVANCED_FACE('',(#718),#497,.T.);
#5385=ADVANCED_FACE('',(#719),#498,.T.);
#5386=ADVANCED_FACE('',(#720),#499,.T.);
#5387=ADVANCED_FACE('',(#721),#500,.T.);
#5388=ADVANCED_FACE('',(#722),#501,.T.);
#5389=ADVANCED_FACE('',(#723),#502,.T.);
#5390=ADVANCED_FACE('',(#724),#503,.T.);
#5391=ADVANCED_FACE('',(#725),#504,.T.);
#5392=ADVANCED_FACE('',(#726),#505,.T.);
#5393=ADVANCED_FACE('',(#727),#506,.T.);
#5394=ADVANCED_FACE('',(#728),#507,.T.);
#5395=ADVANCED_FACE('',(#729),#5250,.T.);
#5396=ADVANCED_FACE('',(#730),#5251,.T.);
#5397=ADVANCED_FACE('',(#731,#269,#270),#5252,.T.);
#5398=ADVANCED_FACE('',(#732),#508,.F.);
#5399=ADVANCED_FACE('',(#733),#5253,.T.);
#5400=ADVANCED_FACE('',(#734),#5254,.F.);
#5401=ADVANCED_FACE('',(#735,#271),#5255,.F.);
#5402=ADVANCED_FACE('',(#736),#5256,.F.);
#5403=ADVANCED_FACE('',(#737),#5257,.F.);
#5404=ADVANCED_FACE('',(#738),#5258,.F.);
#5405=ADVANCED_FACE('',(#739),#17,.F.);
#5406=ADVANCED_FACE('',(#740),#5259,.T.);
#5407=ADVANCED_FACE('',(#741),#509,.T.);
#5408=ADVANCED_FACE('',(#742),#510,.T.);
#5409=ADVANCED_FACE('',(#743),#511,.T.);
#5410=ADVANCED_FACE('',(#744),#512,.T.);
#5411=ADVANCED_FACE('',(#745),#513,.T.);
#5412=ADVANCED_FACE('',(#746),#514,.T.);
#5413=ADVANCED_FACE('',(#747),#515,.T.);
#5414=ADVANCED_FACE('',(#748),#516,.T.);
#5415=ADVANCED_FACE('',(#749),#18,.F.);
#5416=ADVANCED_FACE('',(#750),#517,.T.);
#5417=ADVANCED_FACE('',(#751),#518,.T.);
#5418=ADVANCED_FACE('',(#752),#519,.F.);
#5419=ADVANCED_FACE('',(#753),#520,.T.);
#5420=ADVANCED_FACE('',(#754),#521,.F.);
#5421=ADVANCED_FACE('',(#755),#5260,.T.);
#5422=ADVANCED_FACE('',(#756),#247,.F.);
#5423=ADVANCED_FACE('',(#757),#5261,.T.);
#5424=ADVANCED_FACE('',(#758),#248,.F.);
#5425=ADVANCED_FACE('',(#759),#5262,.F.);
#5426=ADVANCED_FACE('',(#760),#522,.F.);
#5427=ADVANCED_FACE('',(#761),#249,.F.);
#5428=ADVANCED_FACE('',(#762),#5263,.T.);
#5429=ADVANCED_FACE('',(#763),#250,.F.);
#5430=ADVANCED_FACE('',(#764),#523,.F.);
#5431=ADVANCED_FACE('',(#765),#5264,.T.);
#5432=ADVANCED_FACE('',(#766),#5265,.T.);
#5433=ADVANCED_FACE('',(#767),#5266,.F.);
#5434=ADVANCED_FACE('',(#768),#5267,.T.);
#5435=ADVANCED_FACE('',(#769),#5268,.T.);
#5436=ADVANCED_FACE('',(#770),#5269,.T.);
#5437=ADVANCED_FACE('',(#771,#272),#5270,.T.);
#5438=ADVANCED_FACE('',(#772),#5271,.T.);
#5439=ADVANCED_FACE('',(#773,#273),#5272,.T.);
#5440=ADVANCED_FACE('',(#774),#524,.F.);
#5441=ADVANCED_FACE('',(#775),#5273,.T.);
#5442=ADVANCED_FACE('',(#776),#525,.T.);
#5443=ADVANCED_FACE('',(#777),#5274,.T.);
#5444=ADVANCED_FACE('',(#778),#5275,.T.);
#5445=ADVANCED_FACE('',(#779),#5276,.T.);
#5446=ADVANCED_FACE('',(#780),#5277,.T.);
#5447=ADVANCED_FACE('',(#781),#5278,.T.);
#5448=ADVANCED_FACE('',(#782),#5279,.T.);
#5449=ADVANCED_FACE('',(#783),#526,.T.);
#5450=ADVANCED_FACE('',(#784),#527,.F.);
#5451=ADVANCED_FACE('',(#785),#528,.F.);
#5452=ADVANCED_FACE('',(#786),#5280,.T.);
#5453=ADVANCED_FACE('',(#787),#5281,.T.);
#5454=ADVANCED_FACE('',(#788,#274,#275,#276),#5282,.F.);
#5455=ADVANCED_FACE('',(#789),#5283,.T.);
#5456=ADVANCED_FACE('',(#790),#529,.T.);
#5457=ADVANCED_FACE('',(#791),#5284,.F.);
#5458=ADVANCED_FACE('',(#792),#530,.T.);
#5459=ADVANCED_FACE('',(#793),#5285,.T.);
#5460=ADVANCED_FACE('',(#794,#277),#5286,.F.);
#5461=ADVANCED_FACE('',(#795),#531,.T.);
#5462=ADVANCED_FACE('',(#796),#5287,.F.);
#5463=ADVANCED_FACE('',(#797),#532,.T.);
#5464=ADVANCED_FACE('',(#798),#5288,.T.);
#5465=ADVANCED_FACE('',(#799,#278),#5289,.F.);
#5466=ADVANCED_FACE('',(#800),#533,.F.);
#5467=ADVANCED_FACE('',(#801),#534,.F.);
#5468=ADVANCED_FACE('',(#802,#279),#5290,.T.);
#5469=ADVANCED_FACE('',(#803),#535,.T.);
#5470=ADVANCED_FACE('',(#804),#5291,.T.);
#5471=ADVANCED_FACE('',(#805),#536,.T.);
#5472=ADVANCED_FACE('',(#806),#5292,.T.);
#5473=ADVANCED_FACE('',(#807),#537,.T.);
#5474=ADVANCED_FACE('',(#808),#5293,.T.);
#5475=ADVANCED_FACE('',(#809),#538,.T.);
#5476=ADVANCED_FACE('',(#810),#5294,.T.);
#5477=ADVANCED_FACE('',(#811,#280),#5295,.F.);
#5478=ADVANCED_FACE('',(#812),#5296,.T.);
#5479=ADVANCED_FACE('',(#813),#5297,.T.);
#5480=ADVANCED_FACE('',(#814),#5298,.T.);
#5481=ADVANCED_FACE('',(#815),#5299,.T.);
#5482=ADVANCED_FACE('',(#816,#281),#5300,.T.);
#5483=ADVANCED_FACE('',(#817,#282),#5301,.F.);
#5484=ADVANCED_FACE('',(#818),#539,.F.);
#5485=ADVANCED_FACE('',(#819),#540,.F.);
#5486=ADVANCED_FACE('',(#820),#541,.F.);
#5487=ADVANCED_FACE('',(#821),#542,.F.);
#5488=ADVANCED_FACE('',(#822),#543,.F.);
#5489=ADVANCED_FACE('',(#823),#544,.F.);
#5490=ADVANCED_FACE('',(#824),#545,.F.);
#5491=ADVANCED_FACE('',(#825),#546,.T.);
#5492=ADVANCED_FACE('',(#826),#547,.T.);
#5493=ADVANCED_FACE('',(#827),#251,.T.);
#5494=ADVANCED_FACE('',(#828),#548,.T.);
#5495=ADVANCED_FACE('',(#829),#549,.T.);
#5496=ADVANCED_FACE('',(#830),#550,.T.);
#5497=ADVANCED_FACE('',(#831),#551,.T.);
#5498=ADVANCED_FACE('',(#832),#552,.T.);
#5499=ADVANCED_FACE('',(#833),#553,.T.);
#5500=ADVANCED_FACE('',(#834),#554,.T.);
#5501=ADVANCED_FACE('',(#835),#555,.T.);
#5502=ADVANCED_FACE('',(#836),#556,.T.);
#5503=ADVANCED_FACE('',(#837),#557,.T.);
#5504=ADVANCED_FACE('',(#838),#558,.T.);
#5505=ADVANCED_FACE('',(#839),#559,.T.);
#5506=ADVANCED_FACE('',(#840),#560,.T.);
#5507=ADVANCED_FACE('',(#841),#561,.T.);
#5508=ADVANCED_FACE('',(#842),#562,.T.);
#5509=ADVANCED_FACE('',(#843),#563,.T.);
#5510=ADVANCED_FACE('',(#844),#564,.T.);
#5511=ADVANCED_FACE('',(#845),#565,.T.);
#5512=ADVANCED_FACE('',(#846),#566,.T.);
#5513=ADVANCED_FACE('',(#847),#567,.T.);
#5514=ADVANCED_FACE('',(#848),#568,.T.);
#5515=ADVANCED_FACE('',(#849),#569,.T.);
#5516=ADVANCED_FACE('',(#850),#570,.T.);
#5517=ADVANCED_FACE('',(#851),#571,.T.);
#5518=ADVANCED_FACE('',(#852),#572,.T.);
#5519=ADVANCED_FACE('',(#853),#573,.T.);
#5520=ADVANCED_FACE('',(#854),#574,.T.);
#5521=ADVANCED_FACE('',(#855),#575,.T.);
#5522=ADVANCED_FACE('',(#856),#576,.T.);
#5523=ADVANCED_FACE('',(#857),#577,.T.);
#5524=ADVANCED_FACE('',(#858),#578,.T.);
#5525=ADVANCED_FACE('',(#859),#579,.T.);
#5526=ADVANCED_FACE('',(#860),#580,.T.);
#5527=ADVANCED_FACE('',(#861),#581,.T.);
#5528=ADVANCED_FACE('',(#862),#582,.T.);
#5529=ADVANCED_FACE('',(#863),#583,.T.);
#5530=ADVANCED_FACE('',(#864),#584,.T.);
#5531=ADVANCED_FACE('',(#865),#585,.T.);
#5532=ADVANCED_FACE('',(#866),#586,.T.);
#5533=ADVANCED_FACE('',(#867),#587,.T.);
#5534=ADVANCED_FACE('',(#868),#588,.T.);
#5535=ADVANCED_FACE('',(#869),#589,.T.);
#5536=ADVANCED_FACE('',(#870),#590,.T.);
#5537=ADVANCED_FACE('',(#871),#591,.T.);
#5538=ADVANCED_FACE('',(#872),#592,.T.);
#5539=ADVANCED_FACE('',(#873),#593,.T.);
#5540=ADVANCED_FACE('',(#874),#594,.T.);
#5541=ADVANCED_FACE('',(#875),#595,.T.);
#5542=ADVANCED_FACE('',(#876),#596,.T.);
#5543=ADVANCED_FACE('',(#877),#597,.T.);
#5544=ADVANCED_FACE('',(#878),#598,.T.);
#5545=ADVANCED_FACE('',(#879),#599,.T.);
#5546=ADVANCED_FACE('',(#880),#600,.T.);
#5547=ADVANCED_FACE('',(#881),#601,.T.);
#5548=ADVANCED_FACE('',(#882),#602,.T.);
#5549=ADVANCED_FACE('',(#883),#603,.T.);
#5550=ADVANCED_FACE('',(#884),#604,.T.);
#5551=ADVANCED_FACE('',(#885),#605,.T.);
#5552=ADVANCED_FACE('',(#886),#606,.T.);
#5553=ADVANCED_FACE('',(#887),#607,.T.);
#5554=ADVANCED_FACE('',(#888),#608,.T.);
#5555=ADVANCED_FACE('',(#889),#609,.T.);
#5556=ADVANCED_FACE('',(#890),#610,.T.);
#5557=ADVANCED_FACE('',(#891),#611,.T.);
#5558=ADVANCED_FACE('',(#892),#612,.T.);
#5559=ADVANCED_FACE('',(#893),#613,.T.);
#5560=ADVANCED_FACE('',(#894),#614,.T.);
#5561=ADVANCED_FACE('',(#895),#615,.T.);
#5562=ADVANCED_FACE('',(#896),#616,.T.);
#5563=ADVANCED_FACE('',(#897),#617,.T.);
#5564=ADVANCED_FACE('',(#898),#618,.T.);
#5565=ADVANCED_FACE('',(#899),#619,.T.);
#5566=ADVANCED_FACE('',(#900),#620,.T.);
#5567=ADVANCED_FACE('',(#901),#621,.T.);
#5568=ADVANCED_FACE('',(#902),#622,.T.);
#5569=ADVANCED_FACE('',(#903),#623,.T.);
#5570=ADVANCED_FACE('',(#904),#624,.T.);
#5571=ADVANCED_FACE('',(#905),#625,.T.);
#5572=ADVANCED_FACE('',(#906),#626,.T.);
#5573=ADVANCED_FACE('',(#907),#627,.T.);
#5574=ADVANCED_FACE('',(#908),#628,.T.);
#5575=ADVANCED_FACE('',(#909),#629,.T.);
#5576=ADVANCED_FACE('',(#910),#630,.T.);
#5577=ADVANCED_FACE('',(#911),#631,.T.);
#5578=ADVANCED_FACE('',(#912),#252,.T.);
#5579=ADVANCED_FACE('',(#913),#632,.T.);
#5580=ADVANCED_FACE('',(#914),#633,.T.);
#5581=ADVANCED_FACE('',(#915),#634,.T.);
#5582=ADVANCED_FACE('',(#916),#635,.T.);
#5583=ADVANCED_FACE('',(#917,#283),#5302,.T.);
#5584=ADVANCED_FACE('',(#918,#284),#5303,.F.);
#5585=ADVANCED_FACE('',(#919),#636,.F.);
#5586=ADVANCED_FACE('',(#920),#19,.F.);
#5587=ADVANCED_FACE('',(#921),#20,.F.);
#5588=ADVANCED_FACE('',(#922),#637,.F.);
#5589=CLOSED_SHELL('',(#5304,#5305,#5306,#5307,#5308,#5309,#5310,#5311,
#5312,#5313,#5314,#5315,#5316,#5317,#5318,#5319));
#5590=CLOSED_SHELL('',(#5320,#5321,#5322,#5323,#5324,#5325,#5326,#5327,
#5328,#5329,#5330,#5331,#5332,#5333,#5334,#5335,#5336,#5337,#5338,#5339,
#5340,#5341,#5342,#5343,#5344,#5345,#5346,#5347,#5348,#5349,#5350,#5351,
#5352,#5353,#5354,#5355,#5356,#5357,#5358,#5359,#5360,#5361,#5362,#5363,
#5364,#5365,#5366,#5367));
#5591=CLOSED_SHELL('',(#5368,#5369,#5370,#5371,#5372,#5373,#5374,#5375,
#5376,#5377,#5378,#5379,#5380,#5381,#5382));
#5592=CLOSED_SHELL('',(#5383,#5384,#5385,#5386,#5387,#5388,#5389,#5390,
#5391,#5392,#5393,#5394,#5395,#5396,#5397,#5398,#5399,#5400,#5401,#5402,
#5403,#5404,#5405,#5406,#5407,#5408,#5409,#5410,#5411,#5412,#5413,#5414,
#5415,#5416,#5417,#5418,#5419,#5420,#5421,#5422,#5423,#5424,#5425,#5426,
#5427,#5428,#5429,#5430,#5431,#5432,#5433,#5434,#5435,#5436,#5437,#5438,
#5439,#5440,#5441,#5442,#5443,#5444,#5445,#5446,#5447,#5448,#5449,#5450,
#5451,#5452,#5453,#5454,#5455));
#5593=CLOSED_SHELL('',(#5456,#5457,#5458,#5459,#5460));
#5594=CLOSED_SHELL('',(#5461,#5462,#5463,#5464,#5465));
#5595=CLOSED_SHELL('',(#5466,#5467,#5468,#5469,#5470,#5471,#5472,#5473,
#5474,#5475,#5476,#5477,#5478,#5479,#5480,#5481,#5482,#5483));
#5596=CLOSED_SHELL('',(#5484,#5485,#5486,#5487,#5488,#5489,#5490,#5491,
#5492,#5493,#5494,#5495,#5496,#5497,#5498,#5499,#5500,#5501,#5502,#5503,
#5504,#5505,#5506,#5507,#5508,#5509,#5510,#5511,#5512,#5513,#5514,#5515,
#5516,#5517,#5518,#5519,#5520,#5521,#5522,#5523,#5524,#5525,#5526,#5527,
#5528,#5529,#5530,#5531,#5532,#5533,#5534,#5535,#5536,#5537,#5538,#5539,
#5540,#5541,#5542,#5543,#5544,#5545,#5546,#5547,#5548,#5549,#5550,#5551,
#5552,#5553,#5554,#5555,#5556,#5557,#5558,#5559,#5560,#5561,#5562,#5563,
#5564,#5565,#5566,#5567,#5568,#5569,#5570,#5571,#5572,#5573,#5574,#5575,
#5576,#5577,#5578,#5579,#5580,#5581,#5582,#5583,#5584,#5585,#5586,#5587,
#5588));
#5597=DERIVED_UNIT_ELEMENT(#5599,1.);
#5598=DERIVED_UNIT_ELEMENT(#13550,-3.);
#5599=(
MASS_UNIT()
NAMED_UNIT(*)
SI_UNIT(.KILO.,.GRAM.)
);
#5600=DERIVED_UNIT((#5597,#5598));
#5601=MEASURE_REPRESENTATION_ITEM('density measure',
POSITIVE_RATIO_MEASURE(7850.),#5600);
#5602=PROPERTY_DEFINITION_REPRESENTATION(#5607,#5604);
#5603=PROPERTY_DEFINITION_REPRESENTATION(#5608,#5605);
#5604=REPRESENTATION('material name',(#5606),#13547);
#5605=REPRESENTATION('density',(#5601),#13547);
#5606=DESCRIPTIVE_REPRESENTATION_ITEM('Steel','Steel');
#5607=PROPERTY_DEFINITION('material property','material name',#13557);
#5608=PROPERTY_DEFINITION('material property','density of part',#13557);
#5609=AXIS2_PLACEMENT_3D('',#7416,#6065,#6066);
#5610=AXIS2_PLACEMENT_3D('',#7417,#6067,#6068);
#5611=AXIS2_PLACEMENT_3D('',#7426,#6073,#6074);
#5612=AXIS2_PLACEMENT_3D('',#7432,#6078,#6079);
#5613=AXIS2_PLACEMENT_3D('',#7438,#6083,#6084);
#5614=AXIS2_PLACEMENT_3D('',#7440,#6085,#6086);
#5615=AXIS2_PLACEMENT_3D('',#7442,#6087,#6088);
#5616=AXIS2_PLACEMENT_3D('',#7444,#6090,#6091);
#5617=AXIS2_PLACEMENT_3D('',#7450,#6095,#6096);
#5618=AXIS2_PLACEMENT_3D('',#7456,#6100,#6101);
#5619=AXIS2_PLACEMENT_3D('',#7462,#6105,#6106);
#5620=AXIS2_PLACEMENT_3D('',#7464,#6107,#6108);
#5621=AXIS2_PLACEMENT_3D('',#7466,#6109,#6110);
#5622=AXIS2_PLACEMENT_3D('',#7468,#6112,#6113);
#5623=AXIS2_PLACEMENT_3D('',#7474,#6117,#6118);
#5624=AXIS2_PLACEMENT_3D('',#7480,#6122,#6123);
#5625=AXIS2_PLACEMENT_3D('',#7486,#6127,#6128);
#5626=AXIS2_PLACEMENT_3D('',#7492,#6132,#6133);
#5627=AXIS2_PLACEMENT_3D('',#7494,#6134,#6135);
#5628=AXIS2_PLACEMENT_3D('',#7496,#6136,#6137);
#5629=AXIS2_PLACEMENT_3D('',#7498,#6139,#6140);
#5630=AXIS2_PLACEMENT_3D('',#7501,#6143,#6144);
#5631=AXIS2_PLACEMENT_3D('',#7502,#6145,#6146);
#5632=AXIS2_PLACEMENT_3D('',#7503,#6147,#6148);
#5633=AXIS2_PLACEMENT_3D('',#7506,#6149,#6150);
#5634=AXIS2_PLACEMENT_3D('',#7508,#6151,#6152);
#5635=AXIS2_PLACEMENT_3D('',#7511,#6154,#6155);
#5636=AXIS2_PLACEMENT_3D('',#7512,#6156,#6157);
#5637=AXIS2_PLACEMENT_3D('',#7515,#6158,#6159);
#5638=AXIS2_PLACEMENT_3D('',#7517,#6160,#6161);
#5639=AXIS2_PLACEMENT_3D('',#7520,#6163,#6164);
#5640=AXIS2_PLACEMENT_3D('',#7521,#6165,#6166);
#5641=AXIS2_PLACEMENT_3D('',#7525,#6168,#6169);
#5642=AXIS2_PLACEMENT_3D('',#7527,#6171,#6172);
#5643=AXIS2_PLACEMENT_3D('',#7530,#6173,#6174);
#5644=AXIS2_PLACEMENT_3D('',#7534,#6176,#6177);
#5645=AXIS2_PLACEMENT_3D('',#7536,#6179,#6180);
#5646=AXIS2_PLACEMENT_3D('',#7546,#6185,#6186);
#5647=AXIS2_PLACEMENT_3D('',#7548,#6187,#6188);
#5648=AXIS2_PLACEMENT_3D('',#7550,#6189,#6190);
#5649=AXIS2_PLACEMENT_3D('',#7558,#6194,#6195);
#5650=AXIS2_PLACEMENT_3D('',#7569,#6201,#6202);
#5651=AXIS2_PLACEMENT_3D('',#7583,#6209,#6210);
#5652=AXIS2_PLACEMENT_3D('',#7585,#6212,#6213);
#5653=AXIS2_PLACEMENT_3D('',#7588,#6214,#6215);
#5654=AXIS2_PLACEMENT_3D('',#7592,#6217,#6218);
#5655=AXIS2_PLACEMENT_3D('',#7594,#6220,#6221);
#5656=AXIS2_PLACEMENT_3D('',#7599,#6225,#6226);
#5657=AXIS2_PLACEMENT_3D('',#7604,#6230,#6231);
#5658=AXIS2_PLACEMENT_3D('',#7608,#6234,#6235);
#5659=AXIS2_PLACEMENT_3D('',#7612,#6238,#6239);
#5660=AXIS2_PLACEMENT_3D('',#7616,#6241,#6242);
#5661=AXIS2_PLACEMENT_3D('',#7618,#6244,#6245);
#5662=AXIS2_PLACEMENT_3D('',#7623,#6248,#6249);
#5663=AXIS2_PLACEMENT_3D('',#7624,#6250,#6251);
#5664=AXIS2_PLACEMENT_3D('',#7629,#6254,#6255);
#5665=AXIS2_PLACEMENT_3D('',#7630,#6256,#6257);
#5666=AXIS2_PLACEMENT_3D('',#7632,#6259,#6260);
#5667=AXIS2_PLACEMENT_3D('',#7636,#6263,#6264);
#5668=AXIS2_PLACEMENT_3D('',#7637,#6265,#6266);
#5669=AXIS2_PLACEMENT_3D('',#7643,#6269,#6270);
#5670=AXIS2_PLACEMENT_3D('',#7648,#6273,#6274);
#5671=AXIS2_PLACEMENT_3D('',#7649,#6275,#6276);
#5672=AXIS2_PLACEMENT_3D('',#7651,#6278,#6279);
#5673=AXIS2_PLACEMENT_3D('',#7660,#6284,#6285);
#5674=AXIS2_PLACEMENT_3D('',#7666,#6289,#6290);
#5675=AXIS2_PLACEMENT_3D('',#7672,#6294,#6295);
#5676=AXIS2_PLACEMENT_3D('',#7681,#6300,#6301);
#5677=AXIS2_PLACEMENT_3D('',#7687,#6305,#6306);
#5678=AXIS2_PLACEMENT_3D('',#7693,#6310,#6311);
#5679=AXIS2_PLACEMENT_3D('',#7702,#6316,#6317);
#5680=AXIS2_PLACEMENT_3D('',#7712,#6322,#6323);
#5681=AXIS2_PLACEMENT_3D('',#7713,#6324,#6325);
#5682=AXIS2_PLACEMENT_3D('',#7717,#6328,#6329);
#5683=AXIS2_PLACEMENT_3D('',#7721,#6332,#6333);
#5684=AXIS2_PLACEMENT_3D('',#7722,#6334,#6335);
#5685=AXIS2_PLACEMENT_3D('',#7735,#6342,#6343);
#5686=AXIS2_PLACEMENT_3D('',#7738,#6345,#6346);
#5687=AXIS2_PLACEMENT_3D('',#7740,#6347,#6348);
#5688=AXIS2_PLACEMENT_3D('',#7742,#6350,#6351);
#5689=AXIS2_PLACEMENT_3D('',#7743,#6352,#6353);
#5690=AXIS2_PLACEMENT_3D('',#7744,#6354,#6355);
#5691=AXIS2_PLACEMENT_3D('',#7753,#6360,#6361);
#5692=AXIS2_PLACEMENT_3D('',#7755,#6363,#6364);
#5693=AXIS2_PLACEMENT_3D('',#7757,#6366,#6367);
#5694=AXIS2_PLACEMENT_3D('',#7760,#6370,#6371);
#5695=AXIS2_PLACEMENT_3D('',#7762,#6373,#6374);
#5696=AXIS2_PLACEMENT_3D('',#7764,#6376,#6377);
#5697=AXIS2_PLACEMENT_3D('',#7766,#6379,#6380);
#5698=AXIS2_PLACEMENT_3D('',#7768,#6382,#6383);
#5699=AXIS2_PLACEMENT_3D('',#7771,#6386,#6387);
#5700=AXIS2_PLACEMENT_3D('',#7773,#6389,#6390);
#5701=AXIS2_PLACEMENT_3D('',#7775,#6392,#6393);
#5702=AXIS2_PLACEMENT_3D('',#7777,#6395,#6396);
#5703=AXIS2_PLACEMENT_3D('',#7778,#6397,#6398);
#5704=AXIS2_PLACEMENT_3D('',#7780,#6400,#6401);
#5705=AXIS2_PLACEMENT_3D('',#7781,#6402,#6403);
#5706=AXIS2_PLACEMENT_3D('',#7783,#6405,#6406);
#5707=AXIS2_PLACEMENT_3D('',#7786,#6409,#6410);
#5708=AXIS2_PLACEMENT_3D('',#7788,#6412,#6413);
#5709=AXIS2_PLACEMENT_3D('',#7790,#6415,#6416);
#5710=AXIS2_PLACEMENT_3D('',#7791,#6417,#6418);
#5711=AXIS2_PLACEMENT_3D('',#7792,#6419,#6420);
#5712=AXIS2_PLACEMENT_3D('',#7794,#6421,#6422);
#5713=AXIS2_PLACEMENT_3D('',#7797,#6424,#6425);
#5714=AXIS2_PLACEMENT_3D('',#7798,#6426,#6427);
#5715=AXIS2_PLACEMENT_3D('',#7800,#6428,#6429);
#5716=AXIS2_PLACEMENT_3D('',#7803,#6431,#6432);
#5717=AXIS2_PLACEMENT_3D('',#7804,#6433,#6434);
#5718=AXIS2_PLACEMENT_3D('',#7806,#6435,#6436);
#5719=AXIS2_PLACEMENT_3D('',#7809,#6438,#6439);
#5720=AXIS2_PLACEMENT_3D('',#7810,#6440,#6441);
#5721=AXIS2_PLACEMENT_3D('',#7820,#6446,#6447);
#5722=AXIS2_PLACEMENT_3D('',#7823,#6448,#6449);
#5723=AXIS2_PLACEMENT_3D('',#7825,#6450,#6451);
#5724=AXIS2_PLACEMENT_3D('',#7827,#6452,#6453);
#5725=AXIS2_PLACEMENT_3D('',#7828,#6454,#6455);
#5726=AXIS2_PLACEMENT_3D('',#7829,#6456,#6457);
#5727=AXIS2_PLACEMENT_3D('',#7832,#6459,#6460);
#5728=AXIS2_PLACEMENT_3D('',#7833,#6461,#6462);
#5729=AXIS2_PLACEMENT_3D('',#7846,#6464,#6465);
#5730=AXIS2_PLACEMENT_3D('',#7847,#6466,#6467);
#5731=AXIS2_PLACEMENT_3D('',#7850,#6469,#6470);
#5732=AXIS2_PLACEMENT_3D('',#7851,#6471,#6472);
#5733=AXIS2_PLACEMENT_3D('',#7854,#6474,#6475);
#5734=AXIS2_PLACEMENT_3D('',#7855,#6476,#6477);
#5735=AXIS2_PLACEMENT_3D('',#7858,#6479,#6480);
#5736=AXIS2_PLACEMENT_3D('',#7859,#6481,#6482);
#5737=AXIS2_PLACEMENT_3D('',#7862,#6484,#6485);
#5738=AXIS2_PLACEMENT_3D('',#7863,#6486,#6487);
#5739=AXIS2_PLACEMENT_3D('',#7869,#6491,#6492);
#5740=AXIS2_PLACEMENT_3D('',#7873,#6495,#6496);
#5741=AXIS2_PLACEMENT_3D('',#7877,#6499,#6500);
#5742=AXIS2_PLACEMENT_3D('',#7879,#6502,#6503);
#5743=AXIS2_PLACEMENT_3D('',#7880,#6504,#6505);
#5744=AXIS2_PLACEMENT_3D('',#7902,#6507,#6508);
#5745=AXIS2_PLACEMENT_3D('',#7913,#6509,#6510);
#5746=AXIS2_PLACEMENT_3D('',#7997,#6512,#6513);
#5747=AXIS2_PLACEMENT_3D('',#8087,#6515,#6516);
#5748=AXIS2_PLACEMENT_3D('',#8171,#6518,#6519);
#5749=AXIS2_PLACEMENT_3D('',#8261,#6521,#6522);
#5750=AXIS2_PLACEMENT_3D('',#8351,#6524,#6525);
#5751=AXIS2_PLACEMENT_3D('',#8435,#6527,#6528);
#5752=AXIS2_PLACEMENT_3D('',#8453,#6531,#6532);
#5753=AXIS2_PLACEMENT_3D('',#8484,#6535,#6536);
#5754=AXIS2_PLACEMENT_3D('',#8502,#6538,#6539);
#5755=AXIS2_PLACEMENT_3D('',#8539,#6541,#6542);
#5756=AXIS2_PLACEMENT_3D('',#8576,#6544,#6545);
#5757=AXIS2_PLACEMENT_3D('',#8613,#6547,#6548);
#5758=AXIS2_PLACEMENT_3D('',#8622,#6553,#6554);
#5759=AXIS2_PLACEMENT_3D('',#8638,#6563,#6564);
#5760=AXIS2_PLACEMENT_3D('',#8642,#6566,#6567);
#5761=AXIS2_PLACEMENT_3D('',#8645,#6569,#6570);
#5762=AXIS2_PLACEMENT_3D('',#8647,#6571,#6572);
#5763=AXIS2_PLACEMENT_3D('',#8649,#6573,#6574);
#5764=AXIS2_PLACEMENT_3D('',#8650,#6575,#6576);
#5765=AXIS2_PLACEMENT_3D('',#8652,#6577,#6578);
#5766=AXIS2_PLACEMENT_3D('',#8655,#6580,#6581);
#5767=AXIS2_PLACEMENT_3D('',#8656,#6582,#6583);
#5768=AXIS2_PLACEMENT_3D('',#8657,#6584,#6585);
#5769=AXIS2_PLACEMENT_3D('',#8725,#6598,#6599);
#5770=AXIS2_PLACEMENT_3D('',#8730,#6603,#6604);
#5771=AXIS2_PLACEMENT_3D('',#8787,#6613,#6614);
#5772=AXIS2_PLACEMENT_3D('',#8842,#6622,#6623);
#5773=AXIS2_PLACEMENT_3D('',#9575,#6628,#6629);
#5774=AXIS2_PLACEMENT_3D('',#9576,#6630,#6631);
#5775=AXIS2_PLACEMENT_3D('',#9578,#6632,#6633);
#5776=AXIS2_PLACEMENT_3D('',#9698,#6634,#6635);
#5777=AXIS2_PLACEMENT_3D('',#9699,#6636,#6637);
#5778=AXIS2_PLACEMENT_3D('',#9700,#6638,#6639);
#5779=AXIS2_PLACEMENT_3D('',#9708,#6640,#6641);
#5780=AXIS2_PLACEMENT_3D('',#9724,#6642,#6643);
#5781=AXIS2_PLACEMENT_3D('',#9725,#6644,#6645);
#5782=AXIS2_PLACEMENT_3D('',#9734,#6646,#6647);
#5783=AXIS2_PLACEMENT_3D('',#9742,#6648,#6649);
#5784=AXIS2_PLACEMENT_3D('',#9750,#6650,#6651);
#5785=AXIS2_PLACEMENT_3D('',#9758,#6652,#6653);
#5786=AXIS2_PLACEMENT_3D('',#10279,#6654,#6655);
#5787=AXIS2_PLACEMENT_3D('',#10280,#6656,#6657);
#5788=AXIS2_PLACEMENT_3D('',#10281,#6658,#6659);
#5789=AXIS2_PLACEMENT_3D('',#10284,#6660,#6661);
#5790=AXIS2_PLACEMENT_3D('',#10288,#6663,#6664);
#5791=AXIS2_PLACEMENT_3D('',#10290,#6666,#6667);
#5792=AXIS2_PLACEMENT_3D('',#10292,#6668,#6669);
#5793=AXIS2_PLACEMENT_3D('',#10295,#6671,#6672);
#5794=AXIS2_PLACEMENT_3D('',#10296,#6673,#6674);
#5795=AXIS2_PLACEMENT_3D('',#10298,#6675,#6676);
#5796=AXIS2_PLACEMENT_3D('',#10301,#6678,#6679);
#5797=AXIS2_PLACEMENT_3D('',#10302,#6680,#6681);
#5798=AXIS2_PLACEMENT_3D('',#10318,#6691,#6692);
#5799=AXIS2_PLACEMENT_3D('',#10325,#6693,#6694);
#5800=AXIS2_PLACEMENT_3D('',#10328,#6696,#6697);
#5801=AXIS2_PLACEMENT_3D('',#10329,#6698,#6699);
#5802=AXIS2_PLACEMENT_3D('',#10335,#6703,#6704);
#5803=AXIS2_PLACEMENT_3D('',#10341,#6705,#6706);
#5804=AXIS2_PLACEMENT_3D('',#10342,#6707,#6708);
#5805=AXIS2_PLACEMENT_3D('',#10343,#6709,#6710);
#5806=AXIS2_PLACEMENT_3D('',#10349,#6714,#6715);
#5807=AXIS2_PLACEMENT_3D('',#10352,#6717,#6718);
#5808=AXIS2_PLACEMENT_3D('',#10353,#6719,#6720);
#5809=AXIS2_PLACEMENT_3D('',#10360,#6721,#6722);
#5810=AXIS2_PLACEMENT_3D('',#10363,#6724,#6725);
#5811=AXIS2_PLACEMENT_3D('',#10364,#6726,#6727);
#5812=AXIS2_PLACEMENT_3D('',#10368,#6730,#6731);
#5813=AXIS2_PLACEMENT_3D('',#10373,#6732,#6733);
#5814=AXIS2_PLACEMENT_3D('',#10374,#6734,#6735);
#5815=AXIS2_PLACEMENT_3D('',#10376,#6737,#6738);
#5816=AXIS2_PLACEMENT_3D('',#10388,#6746,#6747);
#5817=AXIS2_PLACEMENT_3D('',#10400,#6754,#6755);
#5818=AXIS2_PLACEMENT_3D('',#10402,#6757,#6758);
#5819=AXIS2_PLACEMENT_3D('',#10408,#6762,#6763);
#5820=AXIS2_PLACEMENT_3D('',#10414,#6767,#6768);
#5821=AXIS2_PLACEMENT_3D('',#10415,#6769,#6770);
#5822=AXIS2_PLACEMENT_3D('',#10417,#6772,#6773);
#5823=AXIS2_PLACEMENT_3D('',#10425,#6778,#6779);
#5824=AXIS2_PLACEMENT_3D('',#10427,#6780,#6781);
#5825=AXIS2_PLACEMENT_3D('',#10428,#6782,#6783);
#5826=AXIS2_PLACEMENT_3D('',#10431,#6785,#6786);
#5827=AXIS2_PLACEMENT_3D('',#10432,#6787,#6788);
#5828=AXIS2_PLACEMENT_3D('',#10438,#6792,#6793);
#5829=AXIS2_PLACEMENT_3D('',#10439,#6794,#6795);
#5830=AXIS2_PLACEMENT_3D('',#10440,#6796,#6797);
#5831=AXIS2_PLACEMENT_3D('',#10446,#6801,#6802);
#5832=AXIS2_PLACEMENT_3D('',#10449,#6805,#6806);
#5833=AXIS2_PLACEMENT_3D('',#10453,#6809,#6810);
#5834=AXIS2_PLACEMENT_3D('',#10457,#6813,#6814);
#5835=AXIS2_PLACEMENT_3D('',#10461,#6817,#6818);
#5836=AXIS2_PLACEMENT_3D('',#10463,#6820,#6821);
#5837=AXIS2_PLACEMENT_3D('',#10464,#6822,#6823);
#5838=AXIS2_PLACEMENT_3D('',#10465,#6824,#6825);
#5839=AXIS2_PLACEMENT_3D('',#10468,#6827,#6828);
#5840=AXIS2_PLACEMENT_3D('',#10469,#6829,#6830);
#5841=AXIS2_PLACEMENT_3D('',#10472,#6832,#6833);
#5842=AXIS2_PLACEMENT_3D('',#10473,#6834,#6835);
#5843=AXIS2_PLACEMENT_3D('',#10477,#6838,#6839);
#5844=AXIS2_PLACEMENT_3D('',#10479,#6841,#6842);
#5845=AXIS2_PLACEMENT_3D('',#10480,#6843,#6844);
#5846=AXIS2_PLACEMENT_3D('',#10481,#6845,#6846);
#5847=AXIS2_PLACEMENT_3D('',#10483,#6847,#6848);
#5848=AXIS2_PLACEMENT_3D('',#10486,#6850,#6851);
#5849=AXIS2_PLACEMENT_3D('',#10487,#6852,#6853);
#5850=AXIS2_PLACEMENT_3D('',#10488,#6854,#6855);
#5851=AXIS2_PLACEMENT_3D('',#10490,#6856,#6857);
#5852=AXIS2_PLACEMENT_3D('',#10493,#6859,#6860);
#5853=AXIS2_PLACEMENT_3D('',#10494,#6861,#6862);
#5854=AXIS2_PLACEMENT_3D('',#10495,#6863,#6864);
#5855=AXIS2_PLACEMENT_3D('',#10496,#6865,#6866);
#5856=AXIS2_PLACEMENT_3D('',#10498,#6867,#6868);
#5857=AXIS2_PLACEMENT_3D('',#10501,#6870,#6871);
#5858=AXIS2_PLACEMENT_3D('',#10502,#6872,#6873);
#5859=AXIS2_PLACEMENT_3D('',#10503,#6874,#6875);
#5860=AXIS2_PLACEMENT_3D('',#10505,#6876,#6877);
#5861=AXIS2_PLACEMENT_3D('',#10508,#6879,#6880);
#5862=AXIS2_PLACEMENT_3D('',#10509,#6881,#6882);
#5863=AXIS2_PLACEMENT_3D('',#10510,#6883,#6884);
#5864=AXIS2_PLACEMENT_3D('',#10511,#6885,#6886);
#5865=AXIS2_PLACEMENT_3D('',#10513,#6887,#6888);
#5866=AXIS2_PLACEMENT_3D('',#10516,#6890,#6891);
#5867=AXIS2_PLACEMENT_3D('',#10517,#6892,#6893);
#5868=AXIS2_PLACEMENT_3D('',#10519,#6894,#6895);
#5869=AXIS2_PLACEMENT_3D('',#10522,#6897,#6898);
#5870=AXIS2_PLACEMENT_3D('',#10523,#6899,#6900);
#5871=AXIS2_PLACEMENT_3D('',#10524,#6901,#6902);
#5872=AXIS2_PLACEMENT_3D('',#10527,#6903,#6904);
#5873=AXIS2_PLACEMENT_3D('',#10531,#6906,#6907);
#5874=AXIS2_PLACEMENT_3D('',#10533,#6909,#6910);
#5875=AXIS2_PLACEMENT_3D('',#10539,#6914,#6915);
#5876=AXIS2_PLACEMENT_3D('',#10542,#6916,#6917);
#5877=AXIS2_PLACEMENT_3D('',#10546,#6919,#6920);
#5878=AXIS2_PLACEMENT_3D('',#10548,#6922,#6923);
#5879=AXIS2_PLACEMENT_3D('',#10551,#6926,#6927);
#5880=AXIS2_PLACEMENT_3D('',#10554,#6928,#6929);
#5881=AXIS2_PLACEMENT_3D('',#10558,#6931,#6932);
#5882=AXIS2_PLACEMENT_3D('',#10560,#6934,#6935);
#5883=AXIS2_PLACEMENT_3D('',#10563,#6938,#6939);
#5884=AXIS2_PLACEMENT_3D('',#10565,#6940,#6941);
#5885=AXIS2_PLACEMENT_3D('',#10567,#6942,#6943);
#5886=AXIS2_PLACEMENT_3D('',#10569,#6945,#6946);
#5887=AXIS2_PLACEMENT_3D('',#10572,#6949,#6950);
#5888=AXIS2_PLACEMENT_3D('',#10581,#6955,#6956);
#5889=AXIS2_PLACEMENT_3D('',#10587,#6960,#6961);
#5890=AXIS2_PLACEMENT_3D('',#10591,#6964,#6965);
#5891=AXIS2_PLACEMENT_3D('',#10595,#6968,#6969);
#5892=AXIS2_PLACEMENT_3D('',#10597,#6971,#6972);
#5893=AXIS2_PLACEMENT_3D('',#10598,#6973,#6974);
#5894=AXIS2_PLACEMENT_3D('',#10599,#6975,#6976);
#5895=AXIS2_PLACEMENT_3D('',#10630,#6978,#6979);
#5896=AXIS2_PLACEMENT_3D('',#10668,#6980,#6981);
#5897=AXIS2_PLACEMENT_3D('',#10755,#6983,#6984);
#5898=AXIS2_PLACEMENT_3D('',#10780,#6986,#6987);
#5899=AXIS2_PLACEMENT_3D('',#10812,#6988,#6989);
#5900=AXIS2_PLACEMENT_3D('',#10822,#6991,#6992);
#5901=AXIS2_PLACEMENT_3D('',#10828,#6993,#6994);
#5902=AXIS2_PLACEMENT_3D('',#10866,#6996,#6997);
#5903=AXIS2_PLACEMENT_3D('',#10902,#6999,#7000);
#5904=AXIS2_PLACEMENT_3D('',#10914,#7002,#7003);
#5905=AXIS2_PLACEMENT_3D('',#10922,#7004,#7005);
#5906=AXIS2_PLACEMENT_3D('',#10949,#7008,#7009);
#5907=AXIS2_PLACEMENT_3D('',#10973,#7011,#7012);
#5908=AXIS2_PLACEMENT_3D('',#10975,#7013,#7014);
#5909=AXIS2_PLACEMENT_3D('',#10979,#7016,#7017);
#5910=AXIS2_PLACEMENT_3D('',#11003,#7018,#7019);
#5911=AXIS2_PLACEMENT_3D('',#11027,#7020,#7021);
#5912=AXIS2_PLACEMENT_3D('',#11051,#7022,#7023);
#5913=AXIS2_PLACEMENT_3D('',#11075,#7024,#7025);
#5914=AXIS2_PLACEMENT_3D('',#11099,#7026,#7027);
#5915=AXIS2_PLACEMENT_3D('',#11123,#7028,#7029);
#5916=AXIS2_PLACEMENT_3D('',#11147,#7030,#7031);
#5917=AXIS2_PLACEMENT_3D('',#11171,#7032,#7033);
#5918=AXIS2_PLACEMENT_3D('',#11195,#7034,#7035);
#5919=AXIS2_PLACEMENT_3D('',#11219,#7036,#7037);
#5920=AXIS2_PLACEMENT_3D('',#11243,#7038,#7039);
#5921=AXIS2_PLACEMENT_3D('',#11267,#7040,#7041);
#5922=AXIS2_PLACEMENT_3D('',#11291,#7042,#7043);
#5923=AXIS2_PLACEMENT_3D('',#11315,#7044,#7045);
#5924=AXIS2_PLACEMENT_3D('',#11339,#7046,#7047);
#5925=AXIS2_PLACEMENT_3D('',#11363,#7048,#7049);
#5926=AXIS2_PLACEMENT_3D('',#11387,#7050,#7051);
#5927=AXIS2_PLACEMENT_3D('',#11411,#7052,#7053);
#5928=AXIS2_PLACEMENT_3D('',#11435,#7054,#7055);
#5929=AXIS2_PLACEMENT_3D('',#11459,#7056,#7057);
#5930=AXIS2_PLACEMENT_3D('',#11483,#7058,#7059);
#5931=AXIS2_PLACEMENT_3D('',#11507,#7060,#7061);
#5932=AXIS2_PLACEMENT_3D('',#11530,#7062,#7063);
#5933=AXIS2_PLACEMENT_3D('',#11532,#7064,#7065);
#5934=AXIS2_PLACEMENT_3D('',#11556,#7066,#7067);
#5935=AXIS2_PLACEMENT_3D('',#11580,#7068,#7069);
#5936=AXIS2_PLACEMENT_3D('',#11604,#7070,#7071);
#5937=AXIS2_PLACEMENT_3D('',#11628,#7072,#7073);
#5938=AXIS2_PLACEMENT_3D('',#11652,#7074,#7075);
#5939=AXIS2_PLACEMENT_3D('',#11675,#7076,#7077);
#5940=AXIS2_PLACEMENT_3D('',#11676,#7078,#7079);
#5941=AXIS2_PLACEMENT_3D('',#11678,#7080,#7081);
#5942=AXIS2_PLACEMENT_3D('',#11680,#7083,#7084);
#5943=AXIS2_PLACEMENT_3D('',#11695,#7087,#7088);
#5944=AXIS2_PLACEMENT_3D('',#11706,#7089,#7090);
#5945=AXIS2_PLACEMENT_3D('',#11708,#7091,#7092);
#5946=AXIS2_PLACEMENT_3D('',#11710,#7094,#7095);
#5947=AXIS2_PLACEMENT_3D('',#11725,#7098,#7099);
#5948=AXIS2_PLACEMENT_3D('',#11736,#7100,#7101);
#5949=AXIS2_PLACEMENT_3D('',#11738,#7102,#7103);
#5950=AXIS2_PLACEMENT_3D('',#11740,#7105,#7106);
#5951=AXIS2_PLACEMENT_3D('',#11755,#7109,#7110);
#5952=AXIS2_PLACEMENT_3D('',#11766,#7111,#7112);
#5953=AXIS2_PLACEMENT_3D('',#11768,#7113,#7114);
#5954=AXIS2_PLACEMENT_3D('',#11770,#7116,#7117);
#5955=AXIS2_PLACEMENT_3D('',#11785,#7120,#7121);
#5956=AXIS2_PLACEMENT_3D('',#11796,#7122,#7123);
#5957=AXIS2_PLACEMENT_3D('',#11798,#7124,#7125);
#5958=AXIS2_PLACEMENT_3D('',#11800,#7127,#7128);
#5959=AXIS2_PLACEMENT_3D('',#11815,#7131,#7132);
#5960=AXIS2_PLACEMENT_3D('',#11826,#7133,#7134);
#5961=AXIS2_PLACEMENT_3D('',#11828,#7135,#7136);
#5962=AXIS2_PLACEMENT_3D('',#11830,#7138,#7139);
#5963=AXIS2_PLACEMENT_3D('',#11845,#7142,#7143);
#5964=AXIS2_PLACEMENT_3D('',#11856,#7144,#7145);
#5965=AXIS2_PLACEMENT_3D('',#11858,#7146,#7147);
#5966=AXIS2_PLACEMENT_3D('',#11860,#7148,#7149);
#5967=AXIS2_PLACEMENT_3D('',#11862,#7151,#7152);
#5968=AXIS2_PLACEMENT_3D('',#11877,#7155,#7156);
#5969=AXIS2_PLACEMENT_3D('',#11888,#7157,#7158);
#5970=AXIS2_PLACEMENT_3D('',#11890,#7159,#7160);
#5971=AXIS2_PLACEMENT_3D('',#11892,#7162,#7163);
#5972=AXIS2_PLACEMENT_3D('',#11907,#7166,#7167);
#5973=AXIS2_PLACEMENT_3D('',#11918,#7168,#7169);
#5974=AXIS2_PLACEMENT_3D('',#11920,#7170,#7171);
#5975=AXIS2_PLACEMENT_3D('',#11922,#7173,#7174);
#5976=AXIS2_PLACEMENT_3D('',#11937,#7177,#7178);
#5977=AXIS2_PLACEMENT_3D('',#11948,#7179,#7180);
#5978=AXIS2_PLACEMENT_3D('',#11950,#7181,#7182);
#5979=AXIS2_PLACEMENT_3D('',#11952,#7184,#7185);
#5980=AXIS2_PLACEMENT_3D('',#11967,#7188,#7189);
#5981=AXIS2_PLACEMENT_3D('',#11978,#7190,#7191);
#5982=AXIS2_PLACEMENT_3D('',#11980,#7192,#7193);
#5983=AXIS2_PLACEMENT_3D('',#11982,#7195,#7196);
#5984=AXIS2_PLACEMENT_3D('',#11997,#7199,#7200);
#5985=AXIS2_PLACEMENT_3D('',#12008,#7201,#7202);
#5986=AXIS2_PLACEMENT_3D('',#12010,#7203,#7204);
#5987=AXIS2_PLACEMENT_3D('',#12012,#7206,#7207);
#5988=AXIS2_PLACEMENT_3D('',#12027,#7210,#7211);
#5989=AXIS2_PLACEMENT_3D('',#12038,#7212,#7213);
#5990=AXIS2_PLACEMENT_3D('',#12040,#7214,#7215);
#5991=AXIS2_PLACEMENT_3D('',#12042,#7217,#7218);
#5992=AXIS2_PLACEMENT_3D('',#12057,#7221,#7222);
#5993=AXIS2_PLACEMENT_3D('',#12068,#7223,#7224);
#5994=AXIS2_PLACEMENT_3D('',#12070,#7225,#7226);
#5995=AXIS2_PLACEMENT_3D('',#12072,#7228,#7229);
#5996=AXIS2_PLACEMENT_3D('',#12087,#7232,#7233);
#5997=AXIS2_PLACEMENT_3D('',#12098,#7234,#7235);
#5998=AXIS2_PLACEMENT_3D('',#12100,#7236,#7237);
#5999=AXIS2_PLACEMENT_3D('',#12102,#7239,#7240);
#6000=AXIS2_PLACEMENT_3D('',#12117,#7243,#7244);
#6001=AXIS2_PLACEMENT_3D('',#12128,#7245,#7246);
#6002=AXIS2_PLACEMENT_3D('',#12130,#7247,#7248);
#6003=AXIS2_PLACEMENT_3D('',#12132,#7250,#7251);
#6004=AXIS2_PLACEMENT_3D('',#12147,#7254,#7255);
#6005=AXIS2_PLACEMENT_3D('',#12158,#7256,#7257);
#6006=AXIS2_PLACEMENT_3D('',#12160,#7258,#7259);
#6007=AXIS2_PLACEMENT_3D('',#12162,#7261,#7262);
#6008=AXIS2_PLACEMENT_3D('',#12177,#7265,#7266);
#6009=AXIS2_PLACEMENT_3D('',#12188,#7267,#7268);
#6010=AXIS2_PLACEMENT_3D('',#12190,#7269,#7270);
#6011=AXIS2_PLACEMENT_3D('',#12192,#7272,#7273);
#6012=AXIS2_PLACEMENT_3D('',#12207,#7276,#7277);
#6013=AXIS2_PLACEMENT_3D('',#12218,#7278,#7279);
#6014=AXIS2_PLACEMENT_3D('',#12220,#7280,#7281);
#6015=AXIS2_PLACEMENT_3D('',#12222,#7283,#7284);
#6016=AXIS2_PLACEMENT_3D('',#12237,#7287,#7288);
#6017=AXIS2_PLACEMENT_3D('',#12248,#7289,#7290);
#6018=AXIS2_PLACEMENT_3D('',#12250,#7291,#7292);
#6019=AXIS2_PLACEMENT_3D('',#12252,#7294,#7295);
#6020=AXIS2_PLACEMENT_3D('',#12267,#7298,#7299);
#6021=AXIS2_PLACEMENT_3D('',#12278,#7300,#7301);
#6022=AXIS2_PLACEMENT_3D('',#12280,#7302,#7303);
#6023=AXIS2_PLACEMENT_3D('',#12282,#7305,#7306);
#6024=AXIS2_PLACEMENT_3D('',#12297,#7309,#7310);
#6025=AXIS2_PLACEMENT_3D('',#12308,#7311,#7312);
#6026=AXIS2_PLACEMENT_3D('',#12310,#7313,#7314);
#6027=AXIS2_PLACEMENT_3D('',#12312,#7316,#7317);
#6028=AXIS2_PLACEMENT_3D('',#12327,#7320,#7321);
#6029=AXIS2_PLACEMENT_3D('',#12338,#7322,#7323);
#6030=AXIS2_PLACEMENT_3D('',#12340,#7324,#7325);
#6031=AXIS2_PLACEMENT_3D('',#12342,#7327,#7328);
#6032=AXIS2_PLACEMENT_3D('',#12357,#7331,#7332);
#6033=AXIS2_PLACEMENT_3D('',#12368,#7333,#7334);
#6034=AXIS2_PLACEMENT_3D('',#12370,#7335,#7336);
#6035=AXIS2_PLACEMENT_3D('',#12372,#7338,#7339);
#6036=AXIS2_PLACEMENT_3D('',#12387,#7342,#7343);
#6037=AXIS2_PLACEMENT_3D('',#12398,#7344,#7345);
#6038=AXIS2_PLACEMENT_3D('',#12400,#7346,#7347);
#6039=AXIS2_PLACEMENT_3D('',#12402,#7349,#7350);
#6040=AXIS2_PLACEMENT_3D('',#12417,#7353,#7354);
#6041=AXIS2_PLACEMENT_3D('',#12428,#7355,#7356);
#6042=AXIS2_PLACEMENT_3D('',#12430,#7357,#7358);
#6043=AXIS2_PLACEMENT_3D('',#12432,#7360,#7361);
#6044=AXIS2_PLACEMENT_3D('',#12447,#7364,#7365);
#6045=AXIS2_PLACEMENT_3D('',#12458,#7366,#7367);
#6046=AXIS2_PLACEMENT_3D('',#12460,#7368,#7369);
#6047=AXIS2_PLACEMENT_3D('',#12462,#7371,#7372);
#6048=AXIS2_PLACEMENT_3D('',#12477,#7375,#7376);
#6049=AXIS2_PLACEMENT_3D('',#12488,#7377,#7378);
#6050=AXIS2_PLACEMENT_3D('',#12490,#7379,#7380);
#6051=AXIS2_PLACEMENT_3D('',#12492,#7382,#7383);
#6052=AXIS2_PLACEMENT_3D('',#12507,#7386,#7387);
#6053=AXIS2_PLACEMENT_3D('',#12518,#7388,#7389);
#6054=AXIS2_PLACEMENT_3D('',#12520,#7390,#7391);
#6055=AXIS2_PLACEMENT_3D('',#12543,#7392,#7393);
#6056=AXIS2_PLACEMENT_3D('',#12546,#7395,#7396);
#6057=AXIS2_PLACEMENT_3D('',#12547,#7397,#7398);
#6058=AXIS2_PLACEMENT_3D('',#12549,#7400,#7401);
#6059=AXIS2_PLACEMENT_3D('',#12551,#7403,#7404);
#6060=AXIS2_PLACEMENT_3D('',#12553,#7406,#7407);
#6061=AXIS2_PLACEMENT_3D('',#12554,#7408,#7409);
#6062=AXIS2_PLACEMENT_3D('',#12794,#7410,#7411);
#6063=AXIS2_PLACEMENT_3D('',#13034,#7412,#7413);
#6064=AXIS2_PLACEMENT_3D('',#13544,#7414,#7415);
#6065=DIRECTION('axis',(0.,0.,1.));
#6066=DIRECTION('refdir',(1.,0.,0.));
#6067=DIRECTION('center_axis',(-5.2797272726621E-14,0.,1.));
#6068=DIRECTION('ref_axis',(-1.,0.,-5.2797272726621E-14));
#6069=DIRECTION('',(1.,0.,5.2797272726621E-14));
#6070=DIRECTION('',(0.,-1.,0.));
#6071=DIRECTION('',(-1.,0.,-5.2797272726621E-14));
#6072=DIRECTION('',(0.,-1.,0.));
#6073=DIRECTION('center_axis',(1.,0.,7.68908746197537E-13));
#6074=DIRECTION('ref_axis',(-7.68908746197537E-13,0.,1.));
#6075=DIRECTION('',(-7.68908746197537E-13,0.,1.));
#6076=DIRECTION('',(-7.68908746197537E-13,0.,1.));
#6077=DIRECTION('',(0.,-1.,0.));
#6078=DIRECTION('center_axis',(5.17363929471954E-13,0.,-1.));
#6079=DIRECTION('ref_axis',(1.,0.,5.17363929471954E-13));
#6080=DIRECTION('',(1.,0.,5.17363929471954E-13));
#6081=DIRECTION('',(1.,0.,5.17363929471954E-13));
#6082=DIRECTION('',(0.,-1.,0.));
#6083=DIRECTION('center_axis',(0.,-1.,0.));
#6084=DIRECTION('ref_axis',(-1.,0.,-1.47104550762839E-13));
#6085=DIRECTION('center_axis',(0.,1.,0.));
#6086=DIRECTION('ref_axis',(-1.,0.,-1.47104550762839E-13));
#6087=DIRECTION('center_axis',(0.,1.,0.));
#6088=DIRECTION('ref_axis',(-1.,0.,-1.47104550762839E-13));
#6089=DIRECTION('',(0.,-1.,0.));
#6090=DIRECTION('center_axis',(1.,0.,8.23045335588738E-13));
#6091=DIRECTION('ref_axis',(-8.23045335588738E-13,0.,1.));
#6092=DIRECTION('',(8.23045335588738E-13,0.,-1.));
#6093=DIRECTION('',(-8.23045335588738E-13,0.,1.));
#6094=DIRECTION('',(0.,-1.,0.));
#6095=DIRECTION('center_axis',(1.48622518637643E-13,0.,-1.));
#6096=DIRECTION('ref_axis',(1.,0.,1.48622518637643E-13));
#6097=DIRECTION('',(-1.,0.,-1.48622518637643E-13));
#6098=DIRECTION('',(1.,0.,1.48622518637643E-13));
#6099=DIRECTION('',(0.,-1.,0.));
#6100=DIRECTION('center_axis',(-1.,0.,1.4802973661668E-15));
#6101=DIRECTION('ref_axis',(-1.4802973661668E-15,0.,-1.));
#6102=DIRECTION('',(-1.4802973661668E-15,0.,-1.));
#6103=DIRECTION('',(-1.4802973661668E-15,0.,-1.));
#6104=DIRECTION('',(0.,-1.,0.));
#6105=DIRECTION('center_axis',(0.,-1.,0.));
#6106=DIRECTION('ref_axis',(0.,0.,1.));
#6107=DIRECTION('center_axis',(0.,1.,0.));
#6108=DIRECTION('ref_axis',(0.,0.,1.));
#6109=DIRECTION('center_axis',(0.,1.,0.));
#6110=DIRECTION('ref_axis',(0.,0.,1.));
#6111=DIRECTION('',(0.,-1.,0.));
#6112=DIRECTION('center_axis',(-3.6785389549245E-13,0.,-1.));
#6113=DIRECTION('ref_axis',(1.,0.,-3.6785389549245E-13));
#6114=DIRECTION('',(-1.,0.,3.6785389549245E-13));
#6115=DIRECTION('',(1.,0.,-3.6785389549245E-13));
#6116=DIRECTION('',(0.,-1.,0.));
#6117=DIRECTION('center_axis',(-1.,0.,-2.18079522694227E-16));
#6118=DIRECTION('ref_axis',(2.18079522694227E-16,0.,-1.));
#6119=DIRECTION('',(-2.18079522694227E-16,0.,1.));
#6120=DIRECTION('',(2.18079522694227E-16,0.,-1.));
#6121=DIRECTION('',(0.,-1.,0.));
#6122=DIRECTION('center_axis',(-7.01193489236941E-16,0.,1.));
#6123=DIRECTION('ref_axis',(-1.,0.,-7.01193489236941E-16));
#6124=DIRECTION('',(1.,0.,7.01193489236941E-16));
#6125=DIRECTION('',(-1.,0.,-7.01193489236941E-16));
#6126=DIRECTION('',(0.,-1.,0.));
#6127=DIRECTION('center_axis',(1.,0.,-2.37032615757055E-13));
#6128=DIRECTION('ref_axis',(2.37032615757055E-13,0.,1.));
#6129=DIRECTION('',(-2.37032615757055E-13,0.,-1.));
#6130=DIRECTION('',(2.37032615757055E-13,0.,1.));
#6131=DIRECTION('',(0.,-1.,0.));
#6132=DIRECTION('center_axis',(0.,-1.,0.));
#6133=DIRECTION('ref_axis',(1.,0.,-1.39295982156304E-12));
#6134=DIRECTION('center_axis',(0.,1.,0.));
#6135=DIRECTION('ref_axis',(1.,0.,-1.39295982156304E-12));
#6136=DIRECTION('center_axis',(0.,1.,0.));
#6137=DIRECTION('ref_axis',(1.,0.,-1.39295982156304E-12));
#6138=DIRECTION('',(0.,-1.,0.));
#6139=DIRECTION('center_axis',(-1.,0.,1.11022302462321E-15));
#6140=DIRECTION('ref_axis',(-1.11022302462321E-15,0.,-1.));
#6141=DIRECTION('',(1.11022302462321E-15,0.,1.));
#6142=DIRECTION('',(-1.11022302462321E-15,0.,-1.));
#6143=DIRECTION('center_axis',(0.,1.,0.));
#6144=DIRECTION('ref_axis',(1.,0.,0.));
#6145=DIRECTION('center_axis',(0.,1.,0.));
#6146=DIRECTION('ref_axis',(1.,0.,0.));
#6147=DIRECTION('center_axis',(0.,1.,0.));
#6148=DIRECTION('ref_axis',(1.,0.,0.));
#6149=DIRECTION('center_axis',(0.,-1.,0.));
#6150=DIRECTION('ref_axis',(1.,0.,0.));
#6151=DIRECTION('center_axis',(0.,1.,0.));
#6152=DIRECTION('ref_axis',(1.,0.,0.));
#6153=DIRECTION('',(0.300705799505001,0.,0.953716950747997));
#6154=DIRECTION('center_axis',(0.,1.,0.));
#6155=DIRECTION('ref_axis',(1.,0.,0.));
#6156=DIRECTION('center_axis',(0.,1.,0.));
#6157=DIRECTION('ref_axis',(1.,0.,0.));
#6158=DIRECTION('center_axis',(0.,-1.,0.));
#6159=DIRECTION('ref_axis',(1.,0.,0.));
#6160=DIRECTION('center_axis',(0.,1.,0.));
#6161=DIRECTION('ref_axis',(1.,0.,0.));
#6162=DIRECTION('',(0.875601995169434,0.,-0.483033276343676));
#6163=DIRECTION('center_axis',(0.,-1.,0.));
#6164=DIRECTION('ref_axis',(1.,0.,0.));
#6165=DIRECTION('center_axis',(0.,1.,0.));
#6166=DIRECTION('ref_axis',(1.,0.,0.));
#6167=DIRECTION('',(0.,1.,0.));
#6168=DIRECTION('center_axis',(0.,-1.,0.));
#6169=DIRECTION('ref_axis',(1.,0.,0.));
#6170=DIRECTION('',(0.,1.,0.));
#6171=DIRECTION('center_axis',(0.,1.,0.));
#6172=DIRECTION('ref_axis',(1.,0.,0.));
#6173=DIRECTION('center_axis',(0.,1.,0.));
#6174=DIRECTION('ref_axis',(1.,0.,0.));
#6175=DIRECTION('',(0.,1.,0.));
#6176=DIRECTION('center_axis',(0.,-1.,0.));
#6177=DIRECTION('ref_axis',(1.,0.,0.));
#6178=DIRECTION('',(0.,1.,0.));
#6179=DIRECTION('center_axis',(0.,1.,0.));
#6180=DIRECTION('ref_axis',(0.,0.,1.));
#6181=DIRECTION('',(2.91766610871462E-13,0.,1.));
#6182=DIRECTION('',(1.,0.,1.09561482693274E-16));
#6183=DIRECTION('',(-2.77555756156262E-16,0.,-1.));
#6184=DIRECTION('',(-1.,0.,0.));
#6185=DIRECTION('center_axis',(0.,1.,0.));
#6186=DIRECTION('ref_axis',(1.,0.,0.));
#6187=DIRECTION('center_axis',(0.,1.,0.));
#6188=DIRECTION('ref_axis',(1.,0.,0.));
#6189=DIRECTION('center_axis',(0.,1.,0.));
#6190=DIRECTION('ref_axis',(1.,0.,0.));
#6191=DIRECTION('',(0.707106781186495,0.,0.7071067811866));
#6192=DIRECTION('',(0.7071067811866,0.,-0.707106781186495));
#6193=DIRECTION('',(-1.,0.,-7.17816610749027E-17));
#6194=DIRECTION('center_axis',(0.,-1.,0.));
#6195=DIRECTION('ref_axis',(1.,0.,0.));
#6196=DIRECTION('',(7.68908746197537E-13,0.,-1.));
#6197=DIRECTION('',(1.,0.,-7.43849426498855E-13));
#6198=DIRECTION('',(-8.64265923785121E-13,0.,-1.));
#6199=DIRECTION('',(1.,0.,5.2797272726621E-14));
#6200=DIRECTION('',(-0.300705799505001,0.,-0.953716950747997));
#6201=DIRECTION('center_axis',(0.,-1.,0.));
#6202=DIRECTION('ref_axis',(1.,0.,0.));
#6203=DIRECTION('',(1.,0.,7.01193489236941E-16));
#6204=DIRECTION('',(5.55111512312578E-16,0.,1.));
#6205=DIRECTION('',(1.,0.,1.48029736616688E-15));
#6206=DIRECTION('',(-4.62592926927148E-16,0.,1.));
#6207=DIRECTION('',(1.,0.,0.));
#6208=DIRECTION('',(-2.18079522694227E-16,0.,1.));
#6209=DIRECTION('center_axis',(0.,-1.,0.));
#6210=DIRECTION('ref_axis',(1.,0.,0.));
#6211=DIRECTION('',(-1.,0.,-7.17816610749027E-17));
#6212=DIRECTION('center_axis',(0.,1.,0.));
#6213=DIRECTION('ref_axis',(1.,0.,0.));
#6214=DIRECTION('center_axis',(0.,1.,0.));
#6215=DIRECTION('ref_axis',(1.,0.,0.));
#6216=DIRECTION('',(0.,1.,0.));
#6217=DIRECTION('center_axis',(0.,-1.,0.));
#6218=DIRECTION('ref_axis',(1.,0.,0.));
#6219=DIRECTION('',(0.,1.,0.));
#6220=DIRECTION('center_axis',(-0.7071067811866,0.,0.707106781186495));
#6221=DIRECTION('ref_axis',(0.707106781186495,0.,0.7071067811866));
#6222=DIRECTION('',(-0.707106781186495,0.,-0.7071067811866));
#6223=DIRECTION('',(0.,1.,0.));
#6224=DIRECTION('',(-0.707106781186495,0.,-0.7071067811866));
#6225=DIRECTION('center_axis',(0.707106781186495,0.,0.7071067811866));
#6226=DIRECTION('ref_axis',(0.7071067811866,0.,-0.707106781186495));
#6227=DIRECTION('',(-0.7071067811866,0.,0.707106781186495));
#6228=DIRECTION('',(0.7071067811866,0.,-0.707106781186495));
#6229=DIRECTION('',(0.,-1.,0.));
#6230=DIRECTION('center_axis',(-7.17816610749027E-17,0.,1.));
#6231=DIRECTION('ref_axis',(1.,0.,7.17816610749027E-17));
#6232=DIRECTION('',(0.,1.,0.));
#6233=DIRECTION('',(1.,0.,7.17816610749027E-17));
#6234=DIRECTION('center_axis',(-7.17816610749027E-17,0.,1.));
#6235=DIRECTION('ref_axis',(1.,0.,7.17816610749027E-17));
#6236=DIRECTION('',(1.,0.,7.17816610749027E-17));
#6237=DIRECTION('',(0.,1.,0.));
#6238=DIRECTION('center_axis',(0.,1.,0.));
#6239=DIRECTION('ref_axis',(1.,0.,0.));
#6240=DIRECTION('',(0.,1.,0.));
#6241=DIRECTION('center_axis',(0.,-1.,0.));
#6242=DIRECTION('ref_axis',(1.,0.,0.));
#6243=DIRECTION('',(0.,1.,0.));
#6244=DIRECTION('center_axis',(0.,1.,0.));
#6245=DIRECTION('ref_axis',(1.,0.,0.));
#6246=DIRECTION('',(0.,-1.,0.));
#6247=DIRECTION('',(0.,1.,0.));
#6248=DIRECTION('center_axis',(0.,-1.,0.));
#6249=DIRECTION('ref_axis',(1.,0.,0.));
#6250=DIRECTION('center_axis',(0.,1.,0.));
#6251=DIRECTION('ref_axis',(1.,0.,0.));
#6252=DIRECTION('',(0.,-1.,0.));
#6253=DIRECTION('',(0.,1.,0.));
#6254=DIRECTION('center_axis',(0.,-1.,0.));
#6255=DIRECTION('ref_axis',(1.,0.,0.));
#6256=DIRECTION('center_axis',(-0.483033276343676,0.,-0.875601995169434));
#6257=DIRECTION('ref_axis',(-0.875601995169434,0.,0.483033276343676));
#6258=DIRECTION('',(0.875601995169434,0.,-0.483033276343676));
#6259=DIRECTION('center_axis',(0.953716950747997,0.,-0.300705799505001));
#6260=DIRECTION('ref_axis',(-0.300705799505001,0.,-0.953716950747997));
#6261=DIRECTION('',(0.,1.,0.));
#6262=DIRECTION('',(0.300705799505001,0.,0.953716950747997));
#6263=DIRECTION('center_axis',(0.,1.,0.));
#6264=DIRECTION('ref_axis',(1.,0.,0.));
#6265=DIRECTION('center_axis',(0.,1.,0.));
#6266=DIRECTION('ref_axis',(1.,0.,0.));
#6267=DIRECTION('',(1.,0.,5.2797272726621E-14));
#6268=DIRECTION('',(-1.11022302462321E-15,0.,-1.));
#6269=DIRECTION('center_axis',(0.,-1.,0.));
#6270=DIRECTION('ref_axis',(1.,0.,0.));
#6271=DIRECTION('',(2.37032615757055E-13,0.,1.));
#6272=DIRECTION('',(-1.,0.,-7.01193489236941E-16));
#6273=DIRECTION('center_axis',(0.,1.,0.));
#6274=DIRECTION('ref_axis',(1.,0.,0.));
#6275=DIRECTION('center_axis',(0.,1.,0.));
#6276=DIRECTION('ref_axis',(-0.430791394168389,0.,-0.902451535934454));
#6277=DIRECTION('',(0.,1.,0.));
#6278=DIRECTION('center_axis',(1.,0.,-1.4802973661668E-15));
#6279=DIRECTION('ref_axis',(1.4802973661668E-15,0.,1.));
#6280=DIRECTION('',(-1.4802973661668E-15,0.,-1.));
#6281=DIRECTION('',(0.,-1.,0.));
#6282=DIRECTION('',(1.4802973661668E-15,0.,1.));
#6283=DIRECTION('',(0.,-1.,0.));
#6284=DIRECTION('center_axis',(-1.48622518637643E-13,0.,1.));
#6285=DIRECTION('ref_axis',(-1.,0.,-1.48622518637643E-13));
#6286=DIRECTION('',(1.,0.,1.48622518637643E-13));
#6287=DIRECTION('',(-1.,0.,-1.48622518637643E-13));
#6288=DIRECTION('',(0.,-1.,0.));
#6289=DIRECTION('center_axis',(-1.,0.,-8.23045335588738E-13));
#6290=DIRECTION('ref_axis',(8.23045335588738E-13,0.,-1.));
#6291=DIRECTION('',(-8.23045335588738E-13,0.,1.));
#6292=DIRECTION('',(8.23045335588738E-13,0.,-1.));
#6293=DIRECTION('',(0.,-1.,0.));
#6294=DIRECTION('center_axis',(-5.17363929471954E-13,0.,1.));
#6295=DIRECTION('ref_axis',(-1.,0.,-5.17363929471954E-13));
#6296=DIRECTION('',(1.,0.,5.17363929471954E-13));
#6297=DIRECTION('',(0.,-1.,0.));
#6298=DIRECTION('',(-1.,0.,-5.17363929471954E-13));
#6299=DIRECTION('',(0.,-1.,0.));
#6300=DIRECTION('center_axis',(1.,0.,-1.11022302462321E-15));
#6301=DIRECTION('ref_axis',(1.11022302462321E-15,0.,1.));
#6302=DIRECTION('',(0.,-1.,0.));
#6303=DIRECTION('',(1.11022302462321E-15,0.,1.));
#6304=DIRECTION('',(0.,-1.,0.));
#6305=DIRECTION('center_axis',(-1.,0.,2.37032615757055E-13));
#6306=DIRECTION('ref_axis',(-2.37032615757055E-13,0.,-1.));
#6307=DIRECTION('',(0.,-1.,0.));
#6308=DIRECTION('',(-2.37032615757055E-13,0.,-1.));
#6309=DIRECTION('',(0.,-1.,0.));
#6310=DIRECTION('center_axis',(3.6785389549245E-13,0.,1.));
#6311=DIRECTION('ref_axis',(-1.,0.,3.6785389549245E-13));
#6312=DIRECTION('',(1.,0.,-3.6785389549245E-13));
#6313=DIRECTION('',(0.,-1.,0.));
#6314=DIRECTION('',(-1.,0.,3.6785389549245E-13));
#6315=DIRECTION('',(0.,-1.,0.));
#6316=DIRECTION('center_axis',(0.,1.,0.));
#6317=DIRECTION('ref_axis',(1.,0.,0.));
#6318=DIRECTION('',(-2.77555756156262E-16,0.,-1.));
#6319=DIRECTION('',(1.,0.,1.09561482693274E-16));
#6320=DIRECTION('',(2.91766610871462E-13,0.,1.));
#6321=DIRECTION('',(-1.,0.,0.));
#6322=DIRECTION('center_axis',(0.,1.,0.));
#6323=DIRECTION('ref_axis',(1.,0.,0.));
#6324=DIRECTION('center_axis',(0.,1.,0.));
#6325=DIRECTION('ref_axis',(1.,0.,0.));
#6326=DIRECTION('',(-2.18079522694227E-16,0.,1.));
#6327=DIRECTION('',(1.,0.,7.01193489236941E-16));
#6328=DIRECTION('center_axis',(0.,1.,0.));
#6329=DIRECTION('ref_axis',(1.,0.,0.));
#6330=DIRECTION('',(1.,0.,5.2797272726621E-14));
#6331=DIRECTION('',(7.68908746197537E-13,0.,-1.));
#6332=DIRECTION('center_axis',(0.,1.,0.));
#6333=DIRECTION('ref_axis',(1.,0.,0.));
#6334=DIRECTION('center_axis',(0.,1.,0.));
#6335=DIRECTION('ref_axis',(1.,0.,0.));
#6336=DIRECTION('',(-1.,0.,-7.01193489236941E-16));
#6337=DIRECTION('',(2.18079522694227E-16,0.,-1.));
#6338=DIRECTION('',(-1.,0.,0.));
#6339=DIRECTION('',(4.62592926927148E-16,0.,-1.));
#6340=DIRECTION('',(-1.,0.,-1.48029736616688E-15));
#6341=DIRECTION('',(-5.55111512312578E-16,0.,-1.));
#6342=DIRECTION('center_axis',(0.,1.,0.));
#6343=DIRECTION('ref_axis',(1.,0.,0.));
#6344=DIRECTION('',(-7.68908746197537E-13,0.,1.));
#6345=DIRECTION('center_axis',(0.,1.,0.));
#6346=DIRECTION('ref_axis',(1.,0.,0.));
#6347=DIRECTION('center_axis',(0.,1.,0.));
#6348=DIRECTION('ref_axis',(1.,0.,0.));
#6349=DIRECTION('',(2.18079522694227E-16,0.,-1.));
#6350=DIRECTION('center_axis',(0.,-1.,0.));
#6351=DIRECTION('ref_axis',(1.,0.,0.));
#6352=DIRECTION('center_axis',(0.,-1.,0.));
#6353=DIRECTION('ref_axis',(1.,0.,0.));
#6354=DIRECTION('center_axis',(0.,1.,0.));
#6355=DIRECTION('ref_axis',(1.,0.,0.));
#6356=DIRECTION('',(-1.,0.,-5.2797272726621E-14));
#6357=DIRECTION('',(8.64265923785121E-13,0.,1.));
#6358=DIRECTION('',(-1.,0.,7.43849426498855E-13));
#6359=DIRECTION('',(-7.68908746197537E-13,0.,1.));
#6360=DIRECTION('center_axis',(0.,1.,0.));
#6361=DIRECTION('ref_axis',(1.,0.,0.));
#6362=DIRECTION('',(0.,-1.,0.));
#6363=DIRECTION('center_axis',(0.,1.,0.));
#6364=DIRECTION('ref_axis',(1.,0.,0.));
#6365=DIRECTION('',(0.,-1.,0.));
#6366=DIRECTION('center_axis',(0.,0.,-1.));
#6367=DIRECTION('ref_axis',(-1.,0.,0.));
#6368=DIRECTION('',(0.,1.,0.));
#6369=DIRECTION('',(0.,1.,0.));
#6370=DIRECTION('center_axis',(1.,0.,4.62592926927148E-16));
#6371=DIRECTION('ref_axis',(4.62592926927148E-16,0.,-1.));
#6372=DIRECTION('',(0.,1.,0.));
#6373=DIRECTION('center_axis',(1.48029736616688E-15,0.,-1.));
#6374=DIRECTION('ref_axis',(-1.,0.,-1.48029736616688E-15));
#6375=DIRECTION('',(0.,1.,0.));
#6376=DIRECTION('center_axis',(1.,0.,-5.55111512312578E-16));
#6377=DIRECTION('ref_axis',(-5.55111512312578E-16,0.,-1.));
#6378=DIRECTION('',(0.,1.,0.));
#6379=DIRECTION('center_axis',(7.01193489236941E-16,0.,-1.));
#6380=DIRECTION('ref_axis',(-1.,0.,-7.01193489236941E-16));
#6381=DIRECTION('',(0.,-1.,0.));
#6382=DIRECTION('center_axis',(5.2797272726621E-14,0.,-1.));
#6383=DIRECTION('ref_axis',(-1.,0.,-5.2797272726621E-14));
#6384=DIRECTION('',(0.,1.,0.));
#6385=DIRECTION('',(0.,-1.,0.));
#6386=DIRECTION('center_axis',(-1.,0.,8.64265923785121E-13));
#6387=DIRECTION('ref_axis',(8.64265923785121E-13,0.,1.));
#6388=DIRECTION('',(0.,1.,0.));
#6389=DIRECTION('center_axis',(-7.43849426498855E-13,0.,-1.));
#6390=DIRECTION('ref_axis',(-1.,0.,7.43849426498855E-13));
#6391=DIRECTION('',(0.,1.,0.));
#6392=DIRECTION('center_axis',(-1.,0.,-7.68908746197537E-13));
#6393=DIRECTION('ref_axis',(-7.68908746197537E-13,0.,1.));
#6394=DIRECTION('',(0.,1.,0.));
#6395=DIRECTION('center_axis',(0.,1.,0.));
#6396=DIRECTION('ref_axis',(-0.543563248036659,0.,0.839368212040364));
#6397=DIRECTION('center_axis',(0.,1.,0.));
#6398=DIRECTION('ref_axis',(1.,0.,0.));
#6399=DIRECTION('',(0.,1.,0.));
#6400=DIRECTION('center_axis',(1.,0.,2.18079522694227E-16));
#6401=DIRECTION('ref_axis',(2.18079522694227E-16,0.,-1.));
#6402=DIRECTION('center_axis',(0.,1.,0.));
#6403=DIRECTION('ref_axis',(1.,0.,0.));
#6404=DIRECTION('',(0.,-1.,0.));
#6405=DIRECTION('center_axis',(1.09561482693274E-16,0.,-1.));
#6406=DIRECTION('ref_axis',(-1.,0.,-1.09561482693274E-16));
#6407=DIRECTION('',(0.,-1.,0.));
#6408=DIRECTION('',(0.,1.,0.));
#6409=DIRECTION('center_axis',(1.,0.,-2.91766610871462E-13));
#6410=DIRECTION('ref_axis',(-2.91766610871462E-13,0.,-1.));
#6411=DIRECTION('',(0.,1.,0.));
#6412=DIRECTION('center_axis',(0.,0.,1.));
#6413=DIRECTION('ref_axis',(1.,0.,0.));
#6414=DIRECTION('',(0.,1.,0.));
#6415=DIRECTION('center_axis',(-1.,0.,2.77555756156262E-16));
#6416=DIRECTION('ref_axis',(2.77555756156262E-16,0.,1.));
#6417=DIRECTION('center_axis',(0.,1.,0.));
#6418=DIRECTION('ref_axis',(1.,0.,0.));
#6419=DIRECTION('center_axis',(0.,1.,0.));
#6420=DIRECTION('ref_axis',(1.,0.,0.));
#6421=DIRECTION('center_axis',(0.,1.,0.));
#6422=DIRECTION('ref_axis',(1.,0.,0.));
#6423=DIRECTION('',(0.,1.,0.));
#6424=DIRECTION('center_axis',(0.,-1.,0.));
#6425=DIRECTION('ref_axis',(1.,0.,0.));
#6426=DIRECTION('center_axis',(0.,1.,0.));
#6427=DIRECTION('ref_axis',(1.,0.,0.));
#6428=DIRECTION('center_axis',(0.,1.,0.));
#6429=DIRECTION('ref_axis',(1.,0.,0.));
#6430=DIRECTION('',(0.,1.,0.));
#6431=DIRECTION('center_axis',(0.,-1.,0.));
#6432=DIRECTION('ref_axis',(1.,0.,0.));
#6433=DIRECTION('center_axis',(0.,1.,0.));
#6434=DIRECTION('ref_axis',(-1.,0.,0.));
#6435=DIRECTION('center_axis',(0.,1.,0.));
#6436=DIRECTION('ref_axis',(-1.,0.,0.));
#6437=DIRECTION('',(-0.707106781186548,-0.707106781186548,8.65956056235494E-17));
#6438=DIRECTION('center_axis',(0.,-1.,0.));
#6439=DIRECTION('ref_axis',(-1.,0.,0.));
#6440=DIRECTION('center_axis',(0.,1.,0.));
#6441=DIRECTION('ref_axis',(-1.,0.,0.));
#6442=DIRECTION('',(1.,0.,5.8432790769746E-17));
#6443=DIRECTION('',(0.,0.,-1.));
#6444=DIRECTION('',(-1.,0.,-1.53386075770583E-16));
#6445=DIRECTION('',(-2.77555756156263E-17,0.,1.));
#6446=DIRECTION('center_axis',(0.,1.,0.));
#6447=DIRECTION('ref_axis',(-1.,0.,0.));
#6448=DIRECTION('center_axis',(0.,1.,0.));
#6449=DIRECTION('ref_axis',(-1.,0.,0.));
#6450=DIRECTION('center_axis',(0.,-1.,0.));
#6451=DIRECTION('ref_axis',(-1.,0.,0.));
#6452=DIRECTION('center_axis',(0.,-1.,0.));
#6453=DIRECTION('ref_axis',(-1.,0.,0.));
#6454=DIRECTION('center_axis',(0.,1.,0.));
#6455=DIRECTION('ref_axis',(-1.,0.,0.));
#6456=DIRECTION('center_axis',(0.,1.,0.));
#6457=DIRECTION('ref_axis',(-1.,0.,0.));
#6458=DIRECTION('',(0.,-1.,0.));
#6459=DIRECTION('center_axis',(0.,-1.,0.));
#6460=DIRECTION('ref_axis',(-1.,0.,0.));
#6461=DIRECTION('center_axis',(0.,1.,0.));
#6462=DIRECTION('ref_axis',(-1.,0.,0.));
#6463=DIRECTION('',(-0.707106781186547,-0.707106781186547,8.65956056235493E-17));
#6464=DIRECTION('center_axis',(0.,-1.,0.));
#6465=DIRECTION('ref_axis',(-1.,0.,0.));
#6466=DIRECTION('center_axis',(0.,1.,0.));
#6467=DIRECTION('ref_axis',(-1.,0.,0.));
#6468=DIRECTION('',(0.,-1.,0.));
#6469=DIRECTION('center_axis',(0.,-1.,0.));
#6470=DIRECTION('ref_axis',(-1.,0.,0.));
#6471=DIRECTION('center_axis',(0.,1.,0.));
#6472=DIRECTION('ref_axis',(-1.,0.,0.));
#6473=DIRECTION('',(0.,-1.,0.));
#6474=DIRECTION('center_axis',(0.,-1.,0.));
#6475=DIRECTION('ref_axis',(-1.,0.,0.));
#6476=DIRECTION('center_axis',(0.,1.,0.));
#6477=DIRECTION('ref_axis',(-1.,0.,0.));
#6478=DIRECTION('',(-0.707106781186548,-0.707106781186547,8.65956056235494E-17));
#6479=DIRECTION('center_axis',(0.,-1.,0.));
#6480=DIRECTION('ref_axis',(-1.,0.,0.));
#6481=DIRECTION('center_axis',(0.,1.,0.));
#6482=DIRECTION('ref_axis',(-1.,0.,0.));
#6483=DIRECTION('',(0.,-1.,0.));
#6484=DIRECTION('center_axis',(0.,-1.,0.));
#6485=DIRECTION('ref_axis',(-1.,0.,0.));
#6486=DIRECTION('center_axis',(-1.,0.,-2.77555756156263E-17));
#6487=DIRECTION('ref_axis',(-2.77555756156263E-17,0.,1.));
#6488=DIRECTION('',(-2.77555756156263E-17,0.,1.));
#6489=DIRECTION('',(0.,1.,0.));
#6490=DIRECTION('',(0.,1.,0.));
#6491=DIRECTION('center_axis',(1.53386075770583E-16,0.,-1.));
#6492=DIRECTION('ref_axis',(-1.,0.,-1.53386075770583E-16));
#6493=DIRECTION('',(-1.,0.,-1.53386075770583E-16));
#6494=DIRECTION('',(0.,1.,0.));
#6495=DIRECTION('center_axis',(1.,0.,0.));
#6496=DIRECTION('ref_axis',(0.,0.,-1.));
#6497=DIRECTION('',(0.,0.,-1.));
#6498=DIRECTION('',(0.,1.,0.));
#6499=DIRECTION('center_axis',(-5.8432790769746E-17,0.,1.));
#6500=DIRECTION('ref_axis',(1.,0.,5.8432790769746E-17));
#6501=DIRECTION('',(1.,0.,5.8432790769746E-17));
#6502=DIRECTION('center_axis',(0.,1.,0.));
#6503=DIRECTION('ref_axis',(-1.,0.,0.));
#6504=DIRECTION('center_axis',(1.11022302462516E-16,0.,-1.));
#6505=DIRECTION('ref_axis',(1.,0.,1.11022302462516E-16));
#6506=DIRECTION('',(-1.11022302462516E-16,0.,1.));
#6507=DIRECTION('center_axis',(-8.76491861546218E-17,0.,1.));
#6508=DIRECTION('ref_axis',(1.,0.,1.11022302462516E-16));
#6509=DIRECTION('center_axis',(1.11022302462516E-16,0.,-1.));
#6510=DIRECTION('ref_axis',(1.,0.,1.11022302462516E-16));
#6511=DIRECTION('',(-1.11022302462516E-16,0.,1.));
#6512=DIRECTION('center_axis',(1.11022302462516E-16,0.,-1.));
#6513=DIRECTION('ref_axis',(1.,0.,1.11022302462516E-16));
#6514=DIRECTION('',(-1.11022302462516E-16,0.,1.));
#6515=DIRECTION('center_axis',(1.11022302462516E-16,0.,-1.));
#6516=DIRECTION('ref_axis',(1.,0.,1.11022302462516E-16));
#6517=DIRECTION('',(-1.11022302462516E-16,0.,1.));
#6518=DIRECTION('center_axis',(1.11022302462516E-16,0.,-1.));
#6519=DIRECTION('ref_axis',(1.,0.,1.11022302462516E-16));
#6520=DIRECTION('',(-1.11022302462516E-16,0.,1.));
#6521=DIRECTION('center_axis',(1.11022302462516E-16,0.,-1.));
#6522=DIRECTION('ref_axis',(1.,0.,1.11022302462516E-16));
#6523=DIRECTION('',(-1.11022302462516E-16,0.,1.));
#6524=DIRECTION('center_axis',(1.11022302462516E-16,0.,-1.));
#6525=DIRECTION('ref_axis',(1.,0.,1.11022302462516E-16));
#6526=DIRECTION('',(-1.11022302462516E-16,0.,1.));
#6527=DIRECTION('center_axis',(1.11022302462516E-16,0.,-1.));
#6528=DIRECTION('ref_axis',(-0.920518410742291,0.390699187975208,-9.0794062310539E-17));
#6529=DIRECTION('',(3.55951662291986E-16,-9.89540751154158E-31,-1.));
#6530=DIRECTION('',(2.81177782962815E-16,-1.76174639951915E-16,-1.));
#6531=DIRECTION('center_axis',(1.11022302462516E-16,0.,-1.));
#6532=DIRECTION('ref_axis',(1.,-3.91764203429509E-15,1.22426313571721E-16));
#6533=DIRECTION('',(3.55951662291986E-16,-9.89540751154158E-31,-1.));
#6534=DIRECTION('',(-2.81177773224999E-16,-1.76174649357029E-16,1.));
#6535=DIRECTION('center_axis',(0.,0.,1.));
#6536=DIRECTION('ref_axis',(1.,-3.91764203429509E-15,1.22426313571721E-16));
#6537=DIRECTION('',(2.73895016749127E-16,1.8292859330183E-16,-1.));
#6538=DIRECTION('center_axis',(1.11022302462516E-16,0.,-1.));
#6539=DIRECTION('ref_axis',(1.,-3.91764203429509E-15,1.22426313571721E-16));
#6540=DIRECTION('',(3.55951662291986E-16,-9.89540751154158E-31,-1.));
#6541=DIRECTION('center_axis',(1.11022302462516E-16,0.,-1.));
#6542=DIRECTION('ref_axis',(1.,-3.91764203429509E-15,1.22426313571721E-16));
#6543=DIRECTION('',(3.55951662291986E-16,-9.89540751154158E-31,-1.));
#6544=DIRECTION('center_axis',(1.11022302462516E-16,0.,-1.));
#6545=DIRECTION('ref_axis',(1.,-3.91764203429509E-15,1.22426313571721E-16));
#6546=DIRECTION('',(3.55951662291986E-16,-9.89540751154158E-31,-1.));
#6547=DIRECTION('center_axis',(8.81494766089617E-15,-0.707106781186548,
0.707106781186548));
#6548=DIRECTION('ref_axis',(1.,0.,-1.24662185336484E-14));
#6549=DIRECTION('',(5.43700588549924E-13,-0.707106781186548,-0.707106781186548));
#6550=DIRECTION('',(-1.,0.,1.24662185336484E-14));
#6551=DIRECTION('',(-1.54205509335014E-16,0.707106781186548,0.707106781186548));
#6552=DIRECTION('',(1.,0.,-1.24662185336484E-14));
#6553=DIRECTION('center_axis',(1.,0.,2.18079522694227E-16));
#6554=DIRECTION('ref_axis',(-2.18079522694227E-16,0.,1.));
#6555=DIRECTION('',(5.13612033821014E-17,0.,-1.));
#6556=DIRECTION('',(0.,-1.,0.));
#6557=DIRECTION('',(2.18079522694227E-16,0.,-1.));
#6558=DIRECTION('',(0.,-1.,0.));
#6559=DIRECTION('',(5.13612033821014E-17,0.,-1.));
#6560=DIRECTION('',(0.,-1.,0.));
#6561=DIRECTION('',(-5.13612033821014E-17,0.,1.));
#6562=DIRECTION('',(0.,-1.,0.));
#6563=DIRECTION('center_axis',(0.,-1.,0.));
#6564=DIRECTION('ref_axis',(0.,0.,-1.));
#6565=DIRECTION('',(3.24333152927061E-12,0.,1.));
#6566=DIRECTION('center_axis',(0.,-1.,0.));
#6567=DIRECTION('ref_axis',(1.,0.,0.));
#6568=DIRECTION('',(-1.,0.,-7.17816610749027E-17));
#6569=DIRECTION('center_axis',(0.,-1.,0.));
#6570=DIRECTION('ref_axis',(1.,0.,0.));
#6571=DIRECTION('center_axis',(0.,1.,0.));
#6572=DIRECTION('ref_axis',(1.,0.,0.));
#6573=DIRECTION('center_axis',(0.,1.,0.));
#6574=DIRECTION('ref_axis',(1.,0.,0.));
#6575=DIRECTION('center_axis',(0.,0.,1.));
#6576=DIRECTION('ref_axis',(1.,0.,0.));
#6577=DIRECTION('center_axis',(0.,0.,1.));
#6578=DIRECTION('ref_axis',(1.,0.,0.));
#6579=DIRECTION('',(0.,0.,1.));
#6580=DIRECTION('center_axis',(0.,0.,1.));
#6581=DIRECTION('ref_axis',(1.,0.,0.));
#6582=DIRECTION('center_axis',(0.,0.,-1.));
#6583=DIRECTION('ref_axis',(-1.,0.,0.));
#6584=DIRECTION('center_axis',(1.,-2.40048221540574E-16,0.));
#6585=DIRECTION('ref_axis',(2.40048221540574E-16,1.,2.10400312558957E-32));
#6586=DIRECTION('',(0.,0.,1.));
#6587=DIRECTION('',(2.40048221540574E-16,1.,2.10400312558957E-32));
#6588=DIRECTION('',(0.,0.,1.));
#6589=DIRECTION('',(5.91331771565683E-17,1.76174640803022E-16,1.));
#6590=DIRECTION('',(0.,0.,1.));
#6591=DIRECTION('',(5.91331771565683E-17,1.76174640803022E-16,1.));
#6592=DIRECTION('',(0.,0.,1.));
#6593=DIRECTION('',(2.40048221540574E-16,1.,2.10400312558957E-32));
#6594=DIRECTION('',(0.,0.,1.));
#6595=DIRECTION('',(-5.91331771565683E-17,1.76174640803022E-16,-1.));
#6596=DIRECTION('',(0.,0.,1.));
#6597=DIRECTION('',(-5.91331771565683E-17,1.76174640803022E-16,-1.));
#6598=DIRECTION('center_axis',(0.,0.,1.));
#6599=DIRECTION('ref_axis',(1.,0.,0.));
#6600=DIRECTION('',(2.7636825080698E-8,-1.,2.42234522622082E-24));
#6601=DIRECTION('',(-1.,0.,-8.76491861546218E-17));
#6602=DIRECTION('',(1.,-1.40980701539702E-15,8.76491861546218E-17));
#6603=DIRECTION('center_axis',(0.,1.,0.));
#6604=DIRECTION('ref_axis',(-1.,0.,-8.76491861546218E-17));
#6605=DIRECTION('',(-5.18504118240953E-17,-1.8292859330183E-16,-1.));
#6606=DIRECTION('',(0.,0.,1.));
#6607=DIRECTION('',(-2.73895016749127E-16,1.8292859330183E-16,1.));
#6608=DIRECTION('',(0.,0.,1.));
#6609=DIRECTION('',(-2.73895016749127E-16,1.8292859330183E-16,1.));
#6610=DIRECTION('',(0.,0.,1.));
#6611=DIRECTION('',(-1.,0.,-8.76491861546218E-17));
#6612=DIRECTION('',(-5.18504118240953E-17,-1.8292859330183E-16,-1.));
#6613=DIRECTION('center_axis',(-1.40980701539702E-15,-1.,0.));
#6614=DIRECTION('ref_axis',(1.,-1.40980701539702E-15,8.76491861546218E-17));
#6615=DIRECTION('',(5.18504118240947E-17,-1.8292859330183E-16,1.));
#6616=DIRECTION('',(5.18504118240947E-17,-1.8292859330183E-16,1.));
#6617=DIRECTION('',(1.,-1.40980701539702E-15,8.76491861546218E-17));
#6618=DIRECTION('',(2.73895016749127E-16,1.8292859330183E-16,-1.));
#6619=DIRECTION('',(0.,0.,1.));
#6620=DIRECTION('',(2.73895016749127E-16,1.8292859330183E-16,-1.));
#6621=DIRECTION('',(0.,0.,1.));
#6622=DIRECTION('center_axis',(-1.,-2.7636825080698E-8,0.));
#6623=DIRECTION('ref_axis',(2.7636825080698E-8,-1.,2.42234522622082E-24));
#6624=DIRECTION('',(-2.81177773224999E-16,-1.76174649357029E-16,1.));
#6625=DIRECTION('',(-2.81177773224999E-16,-1.76174649357029E-16,1.));
#6626=DIRECTION('',(2.7636825080698E-8,-1.,2.42234522622082E-24));
#6627=DIRECTION('',(2.81177782962815E-16,-1.76174639951915E-16,-1.));
#6628=DIRECTION('center_axis',(8.76491861546218E-17,0.,-1.));
#6629=DIRECTION('ref_axis',(1.,0.,8.76491861546218E-17));
#6630=DIRECTION('center_axis',(8.76491861546218E-17,0.,-1.));
#6631=DIRECTION('ref_axis',(1.,-3.91764203429509E-15,1.22426313571722E-16));
#6632=DIRECTION('center_axis',(-8.76491861546218E-17,0.,1.));
#6633=DIRECTION('ref_axis',(1.,0.,1.11022302462516E-16));
#6634=DIRECTION('center_axis',(8.76491861546218E-17,0.,-1.));
#6635=DIRECTION('ref_axis',(1.,-3.91764203429509E-15,1.22426313571722E-16));
#6636=DIRECTION('center_axis',(1.11022302462516E-16,0.,-1.));
#6637=DIRECTION('ref_axis',(-0.938128938334017,-0.346286146214788,-9.27492236313521E-17));
#6638=DIRECTION('center_axis',(1.11022302462516E-16,0.,-1.));
#6639=DIRECTION('ref_axis',(-1.,-2.76368254743621E-8,-9.96182913533098E-17));
#6640=DIRECTION('center_axis',(1.11022302462516E-16,0.,-1.));
#6641=DIRECTION('ref_axis',(0.888916662309321,-0.458068954928028,1.10093585656081E-16));
#6642=DIRECTION('center_axis',(0.,0.,1.));
#6643=DIRECTION('ref_axis',(1.,-3.91764203429509E-15,1.22426313571721E-16));
#6644=DIRECTION('center_axis',(1.11022302462516E-16,0.,-1.));
#6645=DIRECTION('ref_axis',(1.,-3.91764203429509E-15,1.22426313571721E-16));
#6646=DIRECTION('center_axis',(1.11022302462516E-16,0.,-1.));
#6647=DIRECTION('ref_axis',(1.,-3.91764203429509E-15,1.22426313571721E-16));
#6648=DIRECTION('center_axis',(1.11022302462516E-16,0.,-1.));
#6649=DIRECTION('ref_axis',(1.,-3.91764203429509E-15,1.22426313571721E-16));
#6650=DIRECTION('center_axis',(1.11022302462516E-16,0.,-1.));
#6651=DIRECTION('ref_axis',(1.,-3.91764203429509E-15,1.22426313571721E-16));
#6652=DIRECTION('center_axis',(1.11022302462516E-16,0.,-1.));
#6653=DIRECTION('ref_axis',(1.,-3.91764203429509E-15,1.22426313571721E-16));
#6654=DIRECTION('center_axis',(1.11022302462516E-16,0.,-1.));
#6655=DIRECTION('ref_axis',(1.,-3.91764203429509E-15,1.22426313571721E-16));
#6656=DIRECTION('center_axis',(1.11022302462516E-16,0.,-1.));
#6657=DIRECTION('ref_axis',(1.,0.,1.11022302462516E-16));
#6658=DIRECTION('center_axis',(0.,-1.,0.));
#6659=DIRECTION('ref_axis',(-0.7993052538856,0.,0.600925212577137));
#6660=DIRECTION('center_axis',(0.,-1.,0.));
#6661=DIRECTION('ref_axis',(-0.7993052538856,0.,0.600925212577137));
#6662=DIRECTION('',(0.,1.,0.));
#6663=DIRECTION('center_axis',(0.,1.,0.));
#6664=DIRECTION('ref_axis',(-0.7993052538856,0.,0.600925212577137));
#6665=DIRECTION('',(0.,-1.,0.));
#6666=DIRECTION('center_axis',(0.,-1.,0.));
#6667=DIRECTION('ref_axis',(5.24637591022648E-14,0.,-1.));
#6668=DIRECTION('center_axis',(0.,-1.,0.));
#6669=DIRECTION('ref_axis',(1.,0.,0.));
#6670=DIRECTION('',(0.,-1.,0.));
#6671=DIRECTION('center_axis',(0.,1.,0.));
#6672=DIRECTION('ref_axis',(1.,0.,0.));
#6673=DIRECTION('center_axis',(0.,-1.,0.));
#6674=DIRECTION('ref_axis',(0.799305253885538,0.,0.600925212577219));
#6675=DIRECTION('center_axis',(0.,-1.,0.));
#6676=DIRECTION('ref_axis',(0.799305253885538,0.,0.600925212577219));
#6677=DIRECTION('',(0.,1.,0.));
#6678=DIRECTION('center_axis',(0.,1.,0.));
#6679=DIRECTION('ref_axis',(0.799305253885538,0.,0.600925212577219));
#6680=DIRECTION('center_axis',(5.2797272726621E-14,0.,-1.));
#6681=DIRECTION('ref_axis',(1.,0.,5.2797272726621E-14));
#6682=DIRECTION('',(-1.,0.,-5.2797272726621E-14));
#6683=DIRECTION('',(0.,-1.,0.));
#6684=DIRECTION('',(-1.,0.,-7.01193489236941E-16));
#6685=DIRECTION('',(0.,-1.,0.));
#6686=DIRECTION('',(1.,0.,7.01193489236941E-16));
#6687=DIRECTION('',(-1.,0.,-7.01193489236941E-16));
#6688=DIRECTION('',(0.,-1.,0.));
#6689=DIRECTION('',(-1.,0.,-7.01193489236941E-16));
#6690=DIRECTION('',(-1.,0.,-7.01193489236941E-16));
#6691=DIRECTION('center_axis',(1.,0.,-2.9235872981271E-13));
#6692=DIRECTION('ref_axis',(2.78432584276927E-28,-1.,1.72797357918312E-15));
#6693=DIRECTION('center_axis',(-1.,0.,2.91766610871462E-13));
#6694=DIRECTION('ref_axis',(0.,-1.,1.72797357918312E-15));
#6695=DIRECTION('',(0.707106781192997,-0.707106781180098,-2.06728840391539E-13));
#6696=DIRECTION('center_axis',(1.,0.,-2.91766610871462E-13));
#6697=DIRECTION('ref_axis',(5.0416499487369E-28,-1.,1.72797357918312E-15));
#6698=DIRECTION('center_axis',(0.70710678118655,0.707106781186545,-2.06310149071028E-13));
#6699=DIRECTION('ref_axis',(-2.91766610871462E-13,0.,-1.));
#6700=DIRECTION('',(0.707106781186544,-0.707106781186551,-2.09345661157837E-13));
#6701=DIRECTION('',(-2.91766610871462E-13,0.,-1.));
#6702=DIRECTION('',(2.91766610871462E-13,0.,1.));
#6703=DIRECTION('center_axis',(1.,0.,-2.88657986393911E-13));
#6704=DIRECTION('ref_axis',(0.,1.,0.));
#6705=DIRECTION('center_axis',(1.,0.,-2.91766610871462E-13));
#6706=DIRECTION('ref_axis',(0.,1.,0.));
#6707=DIRECTION('center_axis',(-1.,0.,2.91766610871462E-13));
#6708=DIRECTION('ref_axis',(0.,1.,0.));
#6709=DIRECTION('center_axis',(0.,-1.,0.));
#6710=DIRECTION('ref_axis',(0.,0.,1.));
#6711=DIRECTION('',(-1.,0.,0.));
#6712=DIRECTION('',(7.68908746197537E-13,0.,-1.));
#6713=DIRECTION('',(-1.,0.,0.));
#6714=DIRECTION('center_axis',(-1.,0.,0.));
#6715=DIRECTION('ref_axis',(0.,-1.,1.72797357918312E-15));
#6716=DIRECTION('',(-1.,0.,0.));
#6717=DIRECTION('center_axis',(1.,0.,7.68908746197537E-13));
#6718=DIRECTION('ref_axis',(0.,-1.,1.72797357918312E-15));
#6719=DIRECTION('center_axis',(-1.,0.,-7.69754630414016E-13));
#6720=DIRECTION('ref_axis',(0.,1.,0.));
#6721=DIRECTION('center_axis',(1.,0.,7.68908746197537E-13));
#6722=DIRECTION('ref_axis',(0.,1.,0.));
#6723=DIRECTION('',(-0.70710678118295,-0.707106781190145,-5.44298719012726E-13));
#6724=DIRECTION('center_axis',(-1.,0.,-7.68908746197537E-13));
#6725=DIRECTION('ref_axis',(0.,1.,0.));
#6726=DIRECTION('center_axis',(-0.707106781186545,0.70710678118655,-5.43700588549922E-13));
#6727=DIRECTION('ref_axis',(-7.68908746197537E-13,0.,1.));
#6728=DIRECTION('',(-0.70710678118655,-0.707106781186545,-5.44298719010373E-13));
#6729=DIRECTION('',(-7.68908746197537E-13,0.,1.));
#6730=DIRECTION('center_axis',(-1.,0.,-7.69754630438218E-13));
#6731=DIRECTION('ref_axis',(-7.33768845713535E-28,-1.,1.72797357918312E-15));
#6732=DIRECTION('center_axis',(-1.,0.,-7.68908746197537E-13));
#6733=DIRECTION('ref_axis',(-1.32865399823217E-27,-1.,1.72797357918312E-15));
#6734=DIRECTION('center_axis',(-1.,0.,0.));
#6735=DIRECTION('ref_axis',(0.,1.,0.));
#6736=DIRECTION('',(-1.,0.,0.));
#6737=DIRECTION('center_axis',(-1.,0.,-7.68908746197537E-13));
#6738=DIRECTION('ref_axis',(7.68908746197537E-13,0.,-1.));
#6739=DIRECTION('',(0.,-1.,0.));
#6740=DIRECTION('',(-3.24333152927061E-12,0.,-1.));
#6741=DIRECTION('',(3.24333152927061E-12,0.,1.));
#6742=DIRECTION('',(0.,-1.,0.));
#6743=DIRECTION('',(-7.68908746197537E-13,0.,1.));
#6744=DIRECTION('',(-7.68908746197537E-13,0.,1.));
#6745=DIRECTION('',(0.,-1.,0.));
#6746=DIRECTION('center_axis',(1.,0.,-2.91766610871462E-13));
#6747=DIRECTION('ref_axis',(2.91766610871462E-13,0.,1.));
#6748=DIRECTION('',(-2.91766610871462E-13,0.,-1.));
#6749=DIRECTION('',(0.,-1.,0.));
#6750=DIRECTION('',(5.03905307503297E-14,0.,1.));
#6751=DIRECTION('',(0.,-1.,0.));
#6752=DIRECTION('',(0.,-0.554700196225229,-0.832050294337844));
#6753=DIRECTION('',(-2.91766610871462E-13,0.,-1.));
#6754=DIRECTION('center_axis',(0.,-1.,0.));
#6755=DIRECTION('ref_axis',(1.,0.,0.));
#6756=DIRECTION('',(-1.,0.,1.24662185336484E-14));
#6757=DIRECTION('center_axis',(0.,-1.,0.));
#6758=DIRECTION('ref_axis',(0.,0.,-1.));
#6759=DIRECTION('',(1.,0.,1.75298372309244E-16));
#6760=DIRECTION('',(-1.,0.,0.));
#6761=DIRECTION('',(1.81260901979603E-16,0.,-1.));
#6762=DIRECTION('center_axis',(0.,0.832050294337844,-0.554700196225229));
#6763=DIRECTION('ref_axis',(0.,-0.554700196225229,-0.832050294337844));
#6764=DIRECTION('',(2.3094034860498E-16,0.554700196225229,0.832050294337844));
#6765=DIRECTION('',(-1.,0.,-1.09561482693274E-16));
#6766=DIRECTION('',(-1.,0.,-8.76491861546218E-17));
#6767=DIRECTION('center_axis',(1.24662185336484E-14,0.,1.));
#6768=DIRECTION('ref_axis',(-1.,0.,1.24662185336484E-14));
#6769=DIRECTION('center_axis',(8.76491861546218E-17,0.,-1.));
#6770=DIRECTION('ref_axis',(1.,0.,8.76491861546218E-17));
#6771=DIRECTION('',(0.,-1.,0.));
#6772=DIRECTION('center_axis',(0.,-1.,0.));
#6773=DIRECTION('ref_axis',(0.,0.,-1.));
#6774=DIRECTION('',(1.,0.,0.));
#6775=DIRECTION('',(-4.62592926927148E-16,0.,1.));
#6776=DIRECTION('',(1.,0.,1.48029736616688E-15));
#6777=DIRECTION('',(5.55111512312578E-16,0.,1.));
#6778=DIRECTION('center_axis',(0.,-1.,0.));
#6779=DIRECTION('ref_axis',(0.,0.,-1.));
#6780=DIRECTION('center_axis',(0.,1.,0.));
#6781=DIRECTION('ref_axis',(1.,0.,0.));
#6782=DIRECTION('center_axis',(0.,-1.,0.));
#6783=DIRECTION('ref_axis',(1.,0.,0.));
#6784=DIRECTION('',(0.,1.,0.));
#6785=DIRECTION('center_axis',(0.,-1.,0.));
#6786=DIRECTION('ref_axis',(1.,0.,0.));
#6787=DIRECTION('center_axis',(-7.17816610749027E-17,0.,1.));
#6788=DIRECTION('ref_axis',(-1.,0.,-7.17816610749027E-17));
#6789=DIRECTION('',(1.,0.,7.17816610749027E-17));
#6790=DIRECTION('',(0.,-1.,0.));
#6791=DIRECTION('',(0.,-1.,0.));
#6792=DIRECTION('center_axis',(0.,-1.,0.));
#6793=DIRECTION('ref_axis',(-0.543563248036659,0.,0.839368212040364));
#6794=DIRECTION('center_axis',(0.,1.,0.));
#6795=DIRECTION('ref_axis',(1.,0.,0.));
#6796=DIRECTION('center_axis',(-7.43849426498855E-13,0.,-1.));
#6797=DIRECTION('ref_axis',(1.,0.,-7.43849426498855E-13));
#6798=DIRECTION('',(-1.,0.,7.43849426498855E-13));
#6799=DIRECTION('',(1.,0.,-7.43849426498855E-13));
#6800=DIRECTION('',(0.,-1.,0.));
#6801=DIRECTION('center_axis',(-1.,0.,8.64265923785121E-13));
#6802=DIRECTION('ref_axis',(-8.64265923785121E-13,0.,-1.));
#6803=DIRECTION('',(8.64265923785121E-13,0.,1.));
#6804=DIRECTION('',(-8.64265923785121E-13,0.,-1.));
#6805=DIRECTION('center_axis',(1.,0.,-5.55111512312578E-16));
#6806=DIRECTION('ref_axis',(5.55111512312578E-16,0.,1.));
#6807=DIRECTION('',(-5.55111512312578E-16,0.,-1.));
#6808=DIRECTION('',(0.,-1.,0.));
#6809=DIRECTION('center_axis',(1.48029736616688E-15,0.,-1.));
#6810=DIRECTION('ref_axis',(1.,0.,1.48029736616688E-15));
#6811=DIRECTION('',(-1.,0.,-1.48029736616688E-15));
#6812=DIRECTION('',(0.,-1.,0.));
#6813=DIRECTION('center_axis',(1.,0.,4.62592926927148E-16));
#6814=DIRECTION('ref_axis',(-4.62592926927148E-16,0.,1.));
#6815=DIRECTION('',(4.62592926927148E-16,0.,-1.));
#6816=DIRECTION('',(0.,-1.,0.));
#6817=DIRECTION('center_axis',(0.,0.,-1.));
#6818=DIRECTION('ref_axis',(1.,0.,0.));
#6819=DIRECTION('',(-1.,0.,0.));
#6820=DIRECTION('center_axis',(0.,-1.,0.));
#6821=DIRECTION('ref_axis',(1.,0.,0.));
#6822=DIRECTION('center_axis',(0.,1.,0.));
#6823=DIRECTION('ref_axis',(1.,0.,0.));
#6824=DIRECTION('center_axis',(0.,-1.,0.));
#6825=DIRECTION('ref_axis',(1.,0.,0.));
#6826=DIRECTION('',(0.,1.,0.));
#6827=DIRECTION('center_axis',(0.,-1.,0.));
#6828=DIRECTION('ref_axis',(1.,0.,0.));
#6829=DIRECTION('center_axis',(0.,-1.,0.));
#6830=DIRECTION('ref_axis',(1.,0.,0.));
#6831=DIRECTION('',(0.,1.,0.));
#6832=DIRECTION('center_axis',(0.,-1.,0.));
#6833=DIRECTION('ref_axis',(1.,0.,0.));
#6834=DIRECTION('center_axis',(-1.,0.,2.77555756156262E-16));
#6835=DIRECTION('ref_axis',(-2.77555756156262E-16,0.,-1.));
#6836=DIRECTION('',(2.77555756156262E-16,0.,1.));
#6837=DIRECTION('',(0.,-1.,0.));
#6838=DIRECTION('center_axis',(0.,0.,1.));
#6839=DIRECTION('ref_axis',(-1.,0.,0.));
#6840=DIRECTION('',(1.,0.,0.));
#6841=DIRECTION('center_axis',(0.,-1.,0.));
#6842=DIRECTION('ref_axis',(0.,0.,-1.));
#6843=DIRECTION('center_axis',(0.,-1.,0.));
#6844=DIRECTION('ref_axis',(0.,0.,-1.));
#6845=DIRECTION('center_axis',(0.,1.,0.));
#6846=DIRECTION('ref_axis',(1.,0.,0.));
#6847=DIRECTION('center_axis',(0.,1.,0.));
#6848=DIRECTION('ref_axis',(1.,0.,0.));
#6849=DIRECTION('',(0.,-1.,0.));
#6850=DIRECTION('center_axis',(0.,-1.,0.));
#6851=DIRECTION('ref_axis',(1.,0.,0.));
#6852=DIRECTION('center_axis',(0.,-1.,0.));
#6853=DIRECTION('ref_axis',(1.,0.,0.));
#6854=DIRECTION('center_axis',(0.,-1.,0.));
#6855=DIRECTION('ref_axis',(1.,0.,0.));
#6856=DIRECTION('center_axis',(0.,-1.,0.));
#6857=DIRECTION('ref_axis',(1.,0.,0.));
#6858=DIRECTION('',(0.,1.,0.));
#6859=DIRECTION('center_axis',(0.,-1.,0.));
#6860=DIRECTION('ref_axis',(1.,0.,0.));
#6861=DIRECTION('center_axis',(0.,-1.,0.));
#6862=DIRECTION('ref_axis',(1.,0.,0.));
#6863=DIRECTION('center_axis',(0.,-1.,0.));
#6864=DIRECTION('ref_axis',(1.,0.,0.));
#6865=DIRECTION('center_axis',(0.,1.,0.));
#6866=DIRECTION('ref_axis',(1.,0.,0.));
#6867=DIRECTION('center_axis',(0.,1.,0.));
#6868=DIRECTION('ref_axis',(1.,0.,0.));
#6869=DIRECTION('',(0.,-1.,0.));
#6870=DIRECTION('center_axis',(0.,-1.,0.));
#6871=DIRECTION('ref_axis',(1.,0.,0.));
#6872=DIRECTION('center_axis',(0.,-1.,0.));
#6873=DIRECTION('ref_axis',(1.,0.,0.));
#6874=DIRECTION('center_axis',(0.,-1.,0.));
#6875=DIRECTION('ref_axis',(1.,0.,0.));
#6876=DIRECTION('center_axis',(0.,-1.,0.));
#6877=DIRECTION('ref_axis',(1.,0.,0.));
#6878=DIRECTION('',(0.,1.,0.));
#6879=DIRECTION('center_axis',(0.,-1.,0.));
#6880=DIRECTION('ref_axis',(1.,0.,0.));
#6881=DIRECTION('center_axis',(0.,-1.,0.));
#6882=DIRECTION('ref_axis',(1.,0.,0.));
#6883=DIRECTION('center_axis',(0.,-1.,0.));
#6884=DIRECTION('ref_axis',(1.,0.,0.));
#6885=DIRECTION('center_axis',(0.,0.,1.));
#6886=DIRECTION('ref_axis',(1.,0.,0.));
#6887=DIRECTION('center_axis',(0.,0.,1.));
#6888=DIRECTION('ref_axis',(1.,0.,0.));
#6889=DIRECTION('',(0.,0.,1.));
#6890=DIRECTION('center_axis',(0.,0.,-1.));
#6891=DIRECTION('ref_axis',(1.,0.,0.));
#6892=DIRECTION('center_axis',(0.,0.,1.));
#6893=DIRECTION('ref_axis',(1.,0.,0.));
#6894=DIRECTION('center_axis',(0.,0.,1.));
#6895=DIRECTION('ref_axis',(1.,0.,0.));
#6896=DIRECTION('',(0.,0.,1.));
#6897=DIRECTION('center_axis',(0.,0.,1.));
#6898=DIRECTION('ref_axis',(1.,0.,0.));
#6899=DIRECTION('center_axis',(0.,0.,-1.));
#6900=DIRECTION('ref_axis',(1.,0.,0.));
#6901=DIRECTION('center_axis',(0.,0.,-1.));
#6902=DIRECTION('ref_axis',(0.707106781186548,-0.707106781186548,0.));
#6903=DIRECTION('center_axis',(0.,0.,-1.));
#6904=DIRECTION('ref_axis',(0.707106781186548,-0.707106781186548,0.));
#6905=DIRECTION('',(0.,0.,-1.));
#6906=DIRECTION('center_axis',(0.,0.,-1.));
#6907=DIRECTION('ref_axis',(0.707106781186548,-0.707106781186548,0.));
#6908=DIRECTION('',(0.,0.,1.));
#6909=DIRECTION('center_axis',(1.,-2.40048221540574E-16,0.));
#6910=DIRECTION('ref_axis',(-2.40048221540574E-16,-1.,0.));
#6911=DIRECTION('',(-2.40048221540574E-16,-1.,0.));
#6912=DIRECTION('',(0.,0.,-1.));
#6913=DIRECTION('',(2.40048221540574E-16,1.,0.));
#6914=DIRECTION('center_axis',(0.,0.,-1.));
#6915=DIRECTION('ref_axis',(-0.707106771415456,-0.707106790957639,0.));
#6916=DIRECTION('center_axis',(0.,0.,-1.));
#6917=DIRECTION('ref_axis',(-0.707106771415456,-0.707106790957639,0.));
#6918=DIRECTION('',(0.,0.,-1.));
#6919=DIRECTION('center_axis',(0.,0.,-1.));
#6920=DIRECTION('ref_axis',(-0.707106771415456,-0.707106790957639,0.));
#6921=DIRECTION('',(0.,0.,1.));
#6922=DIRECTION('center_axis',(-1.40980701539702E-15,-1.,0.));
#6923=DIRECTION('ref_axis',(-1.,1.40980701539702E-15,0.));
#6924=DIRECTION('',(1.,-1.40980701539702E-15,0.));
#6925=DIRECTION('',(-1.,1.40980701539702E-15,0.));
#6926=DIRECTION('center_axis',(0.,0.,-1.));
#6927=DIRECTION('ref_axis',(-0.707106790957641,0.707106771415454,0.));
#6928=DIRECTION('center_axis',(0.,0.,-1.));
#6929=DIRECTION('ref_axis',(-0.707106790957641,0.707106771415454,0.));
#6930=DIRECTION('',(0.,0.,-1.));
#6931=DIRECTION('center_axis',(0.,0.,-1.));
#6932=DIRECTION('ref_axis',(-0.707106790957641,0.707106771415454,0.));
#6933=DIRECTION('',(0.,0.,1.));
#6934=DIRECTION('center_axis',(-1.,-2.7636825080698E-8,0.));
#6935=DIRECTION('ref_axis',(-2.7636825080698E-8,1.,0.));
#6936=DIRECTION('',(2.7636825080698E-8,-1.,0.));
#6937=DIRECTION('',(-2.7636825080698E-8,1.,0.));
#6938=DIRECTION('center_axis',(0.,0.,-1.));
#6939=DIRECTION('ref_axis',(0.707106781186548,0.707106781186548,0.));
#6940=DIRECTION('center_axis',(0.,0.,-1.));
#6941=DIRECTION('ref_axis',(0.707106781186548,0.707106781186548,0.));
#6942=DIRECTION('center_axis',(0.,0.,-1.));
#6943=DIRECTION('ref_axis',(0.707106781186548,0.707106781186548,0.));
#6944=DIRECTION('',(0.,0.,1.));
#6945=DIRECTION('center_axis',(0.,1.,0.));
#6946=DIRECTION('ref_axis',(1.,0.,0.));
#6947=DIRECTION('',(-1.,0.,0.));
#6948=DIRECTION('',(1.,0.,0.));
#6949=DIRECTION('center_axis',(0.,0.,-1.));
#6950=DIRECTION('ref_axis',(-1.,0.,0.));
#6951=DIRECTION('',(-1.,0.,0.));
#6952=DIRECTION('',(0.,-1.,0.));
#6953=DIRECTION('',(1.,0.,0.));
#6954=DIRECTION('',(0.,1.,0.));
#6955=DIRECTION('center_axis',(-1.,0.,0.));
#6956=DIRECTION('ref_axis',(0.,1.,0.));
#6957=DIRECTION('',(0.,0.,-1.));
#6958=DIRECTION('',(0.,1.,0.));
#6959=DIRECTION('',(0.,0.,-1.));
#6960=DIRECTION('center_axis',(0.,-1.,0.));
#6961=DIRECTION('ref_axis',(-1.,0.,0.));
#6962=DIRECTION('',(-1.,0.,0.));
#6963=DIRECTION('',(0.,0.,-1.));
#6964=DIRECTION('center_axis',(1.,0.,0.));
#6965=DIRECTION('ref_axis',(0.,-1.,0.));
#6966=DIRECTION('',(0.,-1.,0.));
#6967=DIRECTION('',(0.,0.,-1.));
#6968=DIRECTION('center_axis',(0.,1.,0.));
#6969=DIRECTION('ref_axis',(1.,0.,0.));
#6970=DIRECTION('',(1.,0.,0.));
#6971=DIRECTION('center_axis',(0.,0.,-1.));
#6972=DIRECTION('ref_axis',(-1.,0.,0.));
#6973=DIRECTION('center_axis',(0.,0.,-1.));
#6974=DIRECTION('ref_axis',(-1.,0.,0.));
#6975=DIRECTION('center_axis',(0.,0.,-1.));
#6976=DIRECTION('ref_axis',(0.935986725623544,-0.352035295753873,0.));
#6977=DIRECTION('',(0.,0.,1.));
#6978=DIRECTION('center_axis',(8.76491861546218E-17,0.,-1.));
#6979=DIRECTION('ref_axis',(1.,0.,0.));
#6980=DIRECTION('center_axis',(0.,0.,-1.));
#6981=DIRECTION('ref_axis',(1.,0.,0.));
#6982=DIRECTION('',(0.,0.,1.));
#6983=DIRECTION('center_axis',(0.,0.,-1.));
#6984=DIRECTION('ref_axis',(0.634573246638273,0.772862726912717,0.));
#6985=DIRECTION('',(0.,0.,1.));
#6986=DIRECTION('center_axis',(8.76491861546218E-17,0.,-1.));
#6987=DIRECTION('ref_axis',(1.,0.,0.));
#6988=DIRECTION('center_axis',(0.,0.,-1.));
#6989=DIRECTION('ref_axis',(-0.923761176746738,0.382969043573343,0.));
#6990=DIRECTION('',(1.22464679914735E-16,-4.99546611775914E-31,-1.));
#6991=DIRECTION('center_axis',(-8.76491861546218E-17,0.,1.));
#6992=DIRECTION('ref_axis',(1.,-3.95664296258037E-15,0.));
#6993=DIRECTION('center_axis',(0.,0.,-1.));
#6994=DIRECTION('ref_axis',(1.,-3.95664296258037E-15,0.));
#6995=DIRECTION('',(1.22464679914735E-16,-4.99546611775914E-31,-1.));
#6996=DIRECTION('center_axis',(0.,0.,-1.));
#6997=DIRECTION('ref_axis',(1.,-3.95664296258037E-15,0.));
#6998=DIRECTION('',(1.22464679914735E-16,-4.99546611775914E-31,-1.));
#6999=DIRECTION('center_axis',(0.,0.,-1.));
#7000=DIRECTION('ref_axis',(-0.608512552758756,-0.793544247748683,0.));
#7001=DIRECTION('',(1.22464679914735E-16,-4.99546611775914E-31,-1.));
#7002=DIRECTION('center_axis',(8.76491861546218E-17,0.,-1.));
#7003=DIRECTION('ref_axis',(1.,-3.95664296258037E-15,0.));
#7004=DIRECTION('center_axis',(0.,0.,-1.));
#7005=DIRECTION('ref_axis',(0.72265000420003,-0.691214128493983,0.));
#7006=DIRECTION('',(0.,0.,-1.));
#7007=DIRECTION('',(0.,0.,-1.));
#7008=DIRECTION('center_axis',(0.,0.,-1.));
#7009=DIRECTION('ref_axis',(-0.14810032352809,-0.98897234247014,0.));
#7010=DIRECTION('',(0.,0.,-1.));
#7011=DIRECTION('center_axis',(0.,0.,1.));
#7012=DIRECTION('ref_axis',(1.,0.,4.2313400212576E-17));
#7013=DIRECTION('center_axis',(-8.76491861546218E-17,0.,1.));
#7014=DIRECTION('ref_axis',(1.,0.,8.76491861546218E-17));
#7015=DIRECTION('',(-0.707106781186548,8.65956056235494E-17,0.707106781186547));
#7016=DIRECTION('center_axis',(8.76491861546218E-17,0.,-1.));
#7017=DIRECTION('ref_axis',(1.,0.,0.));
#7018=DIRECTION('center_axis',(8.76491861546218E-17,0.,-1.));
#7019=DIRECTION('ref_axis',(1.,0.,0.));
#7020=DIRECTION('center_axis',(8.76491861546218E-17,0.,-1.));
#7021=DIRECTION('ref_axis',(1.,0.,0.));
#7022=DIRECTION('center_axis',(8.76491861546218E-17,0.,-1.));
#7023=DIRECTION('ref_axis',(1.,0.,0.));
#7024=DIRECTION('center_axis',(8.76491861546218E-17,0.,-1.));
#7025=DIRECTION('ref_axis',(1.,0.,0.));
#7026=DIRECTION('center_axis',(8.76491861546218E-17,0.,-1.));
#7027=DIRECTION('ref_axis',(1.,0.,0.));
#7028=DIRECTION('center_axis',(8.76491861546218E-17,0.,-1.));
#7029=DIRECTION('ref_axis',(1.,0.,0.));
#7030=DIRECTION('center_axis',(8.76491861546218E-17,0.,-1.));
#7031=DIRECTION('ref_axis',(1.,0.,0.));
#7032=DIRECTION('center_axis',(8.76491861546218E-17,0.,-1.));
#7033=DIRECTION('ref_axis',(1.,0.,0.));
#7034=DIRECTION('center_axis',(8.76491861546218E-17,0.,-1.));
#7035=DIRECTION('ref_axis',(1.,0.,0.));
#7036=DIRECTION('center_axis',(8.76491861546218E-17,0.,-1.));
#7037=DIRECTION('ref_axis',(1.,0.,0.));
#7038=DIRECTION('center_axis',(8.76491861546218E-17,0.,-1.));
#7039=DIRECTION('ref_axis',(1.,0.,0.));
#7040=DIRECTION('center_axis',(8.76491861546218E-17,0.,-1.));
#7041=DIRECTION('ref_axis',(1.,0.,0.));
#7042=DIRECTION('center_axis',(8.76491861546218E-17,0.,-1.));
#7043=DIRECTION('ref_axis',(1.,0.,0.));
#7044=DIRECTION('center_axis',(8.76491861546218E-17,0.,-1.));
#7045=DIRECTION('ref_axis',(1.,0.,0.));
#7046=DIRECTION('center_axis',(8.76491861546218E-17,0.,-1.));
#7047=DIRECTION('ref_axis',(1.,0.,0.));
#7048=DIRECTION('center_axis',(8.76491861546218E-17,0.,-1.));
#7049=DIRECTION('ref_axis',(1.,0.,0.));
#7050=DIRECTION('center_axis',(8.76491861546218E-17,0.,-1.));
#7051=DIRECTION('ref_axis',(1.,0.,0.));
#7052=DIRECTION('center_axis',(8.76491861546218E-17,0.,-1.));
#7053=DIRECTION('ref_axis',(1.,0.,0.));
#7054=DIRECTION('center_axis',(8.76491861546218E-17,0.,-1.));
#7055=DIRECTION('ref_axis',(1.,0.,0.));
#7056=DIRECTION('center_axis',(8.76491861546218E-17,0.,-1.));
#7057=DIRECTION('ref_axis',(1.,0.,0.));
#7058=DIRECTION('center_axis',(8.76491861546218E-17,0.,-1.));
#7059=DIRECTION('ref_axis',(1.,0.,0.));
#7060=DIRECTION('center_axis',(8.76491861546218E-17,0.,-1.));
#7061=DIRECTION('ref_axis',(1.,0.,0.));
#7062=DIRECTION('center_axis',(8.76491861546218E-17,0.,-1.));
#7063=DIRECTION('ref_axis',(1.,0.,0.));
#7064=DIRECTION('center_axis',(8.76491861546218E-17,0.,-1.));
#7065=DIRECTION('ref_axis',(1.,0.,0.));
#7066=DIRECTION('center_axis',(8.76491861546218E-17,0.,-1.));
#7067=DIRECTION('ref_axis',(1.,0.,0.));
#7068=DIRECTION('center_axis',(8.76491861546218E-17,0.,-1.));
#7069=DIRECTION('ref_axis',(1.,0.,0.));
#7070=DIRECTION('center_axis',(8.76491861546218E-17,0.,-1.));
#7071=DIRECTION('ref_axis',(1.,0.,0.));
#7072=DIRECTION('center_axis',(8.76491861546218E-17,0.,-1.));
#7073=DIRECTION('ref_axis',(1.,0.,0.));
#7074=DIRECTION('center_axis',(8.76491861546218E-17,0.,-1.));
#7075=DIRECTION('ref_axis',(1.,0.,0.));
#7076=DIRECTION('center_axis',(8.76491861546218E-17,0.,-1.));
#7077=DIRECTION('ref_axis',(1.,0.,0.));
#7078=DIRECTION('center_axis',(0.,0.,-1.));
#7079=DIRECTION('ref_axis',(1.,0.,0.));
#7080=DIRECTION('center_axis',(-8.76491861546218E-17,0.,1.));
#7081=DIRECTION('ref_axis',(1.,0.,0.));
#7082=DIRECTION('',(0.,0.,-1.));
#7083=DIRECTION('center_axis',(0.,0.,-1.));
#7084=DIRECTION('ref_axis',(0.563146869606226,-0.826356825622387,0.));
#7085=DIRECTION('',(0.,0.,-1.));
#7086=DIRECTION('',(0.,0.,-1.));
#7087=DIRECTION('center_axis',(0.,0.,-1.));
#7088=DIRECTION('ref_axis',(-0.350482888021869,-0.936569135303876,0.));
#7089=DIRECTION('center_axis',(0.,0.,-1.));
#7090=DIRECTION('ref_axis',(1.,0.,0.));
#7091=DIRECTION('center_axis',(-8.76491861546218E-17,0.,1.));
#7092=DIRECTION('ref_axis',(1.,0.,0.));
#7093=DIRECTION('',(0.,0.,-1.));
#7094=DIRECTION('center_axis',(0.,0.,-1.));
#7095=DIRECTION('ref_axis',(0.379031514532137,-0.9253837641711,0.));
#7096=DIRECTION('',(0.,0.,-1.));
#7097=DIRECTION('',(0.,0.,-1.));
#7098=DIRECTION('center_axis',(0.,0.,-1.));
#7099=DIRECTION('ref_axis',(-0.537547668505601,-0.843233362767503,0.));
#7100=DIRECTION('center_axis',(0.,0.,-1.));
#7101=DIRECTION('ref_axis',(1.,0.,0.));
#7102=DIRECTION('center_axis',(-8.76491861546218E-17,0.,1.));
#7103=DIRECTION('ref_axis',(1.,0.,0.));
#7104=DIRECTION('',(0.,0.,-1.));
#7105=DIRECTION('center_axis',(0.,0.,-1.));
#7106=DIRECTION('ref_axis',(0.178350663477993,-0.983966991741572,0.));
#7107=DIRECTION('',(0.,0.,-1.));
#7108=DIRECTION('',(0.,0.,-1.));
#7109=DIRECTION('center_axis',(0.,0.,-1.));
#7110=DIRECTION('ref_axis',(-0.701119036435742,-0.713044245995588,0.));
#7111=DIRECTION('center_axis',(0.,0.,-1.));
#7112=DIRECTION('ref_axis',(1.,0.,0.));
#7113=DIRECTION('center_axis',(-8.76491861546218E-17,0.,1.));
#7114=DIRECTION('ref_axis',(1.,0.,0.));
#7115=DIRECTION('',(0.,0.,-1.));
#7116=DIRECTION('center_axis',(0.,0.,-1.));
#7117=DIRECTION('ref_axis',(-0.0301249673915731,-0.999546140175458,0.));
#7118=DIRECTION('',(0.,0.,-1.));
#7119=DIRECTION('',(0.,0.,-1.));
#7120=DIRECTION('center_axis',(0.,0.,-1.));
#7121=DIRECTION('ref_axis',(-0.834048138131236,-0.551691674107756,0.));
#7122=DIRECTION('center_axis',(0.,0.,-1.));
#7123=DIRECTION('ref_axis',(1.,0.,0.));
#7124=DIRECTION('center_axis',(-8.76491861546218E-17,0.,1.));
#7125=DIRECTION('ref_axis',(1.,0.,0.));
#7126=DIRECTION('',(0.,0.,-1.));
#7127=DIRECTION('center_axis',(0.,0.,-1.));
#7128=DIRECTION('ref_axis',(-0.237283992630495,-0.971440325929149,0.));
#7129=DIRECTION('',(0.,0.,-1.));
#7130=DIRECTION('',(0.,0.,-1.));
#7131=DIRECTION('center_axis',(0.,0.,-1.));
#7132=DIRECTION('ref_axis',(-0.93052533398339,-0.36622752875105,0.));
#7133=DIRECTION('center_axis',(0.,0.,-1.));
#7134=DIRECTION('ref_axis',(1.,0.,0.));
#7135=DIRECTION('center_axis',(-8.76491861546218E-17,0.,1.));
#7136=DIRECTION('ref_axis',(1.,0.,0.));
#7137=DIRECTION('',(0.,0.,-1.));
#7138=DIRECTION('center_axis',(0.,0.,-1.));
#7139=DIRECTION('ref_axis',(-0.434072568776542,-0.900877907951868,0.));
#7140=DIRECTION('',(0.,0.,-1.));
#7141=DIRECTION('',(0.,0.,-1.));
#7142=DIRECTION('center_axis',(0.,0.,-1.));
#7143=DIRECTION('ref_axis',(-0.986334107584516,-0.164757483033263,0.));
#7144=DIRECTION('center_axis',(0.,0.,-1.));
#7145=DIRECTION('ref_axis',(-1.,-5.66539716285328E-9,0.));
#7146=DIRECTION('center_axis',(-8.76491861546218E-17,0.,1.));
#7147=DIRECTION('ref_axis',(1.,0.,0.));
#7148=DIRECTION('center_axis',(-8.76491861546218E-17,0.,1.));
#7149=DIRECTION('ref_axis',(1.,0.,0.));
#7150=DIRECTION('',(0.,0.,-1.));
#7151=DIRECTION('center_axis',(0.,0.,-1.));
#7152=DIRECTION('ref_axis',(-0.611890090755773,-0.790942802505271,0.));
#7153=DIRECTION('',(0.,0.,-1.));
#7154=DIRECTION('',(0.,0.,-1.));
#7155=DIRECTION('center_axis',(0.,0.,-1.));
#7156=DIRECTION('ref_axis',(-0.999035347728038,0.0439132552871959,0.));
#7157=DIRECTION('center_axis',(0.,0.,-1.));
#7158=DIRECTION('ref_axis',(1.,0.,0.));
#7159=DIRECTION('center_axis',(-8.76491861546218E-17,0.,1.));
#7160=DIRECTION('ref_axis',(1.,0.,0.));
#7161=DIRECTION('',(0.,0.,-1.));
#7162=DIRECTION('center_axis',(0.,0.,-1.));
#7163=DIRECTION('ref_axis',(-0.762965079594558,-0.646439701224538,0.));
#7164=DIRECTION('',(0.,0.,-1.));
#7165=DIRECTION('',(0.,0.,-1.));
#7166=DIRECTION('center_axis',(0.,0.,-1.));
#7167=DIRECTION('ref_axis',(-0.968073949272371,0.250664773632426,0.));
#7168=DIRECTION('center_axis',(0.,0.,-1.));
#7169=DIRECTION('ref_axis',(1.,0.,0.));
#7170=DIRECTION('center_axis',(-8.76491861546218E-17,0.,1.));
#7171=DIRECTION('ref_axis',(1.,0.,0.));
#7172=DIRECTION('',(0.,0.,-1.));
#7173=DIRECTION('center_axis',(0.,0.,-1.));
#7174=DIRECTION('ref_axis',(-0.880694833342415,-0.473684083038449,0.));
#7175=DIRECTION('',(0.,0.,-1.));
#7176=DIRECTION('',(0.,0.,-1.));
#7177=DIRECTION('center_axis',(0.,0.,-1.));
#7178=DIRECTION('ref_axis',(-0.894803073899301,0.446461038546884,0.));
#7179=DIRECTION('center_axis',(0.,0.,-1.));
#7180=DIRECTION('ref_axis',(1.,0.,0.));
#7181=DIRECTION('center_axis',(-8.76491861546218E-17,0.,1.));
#7182=DIRECTION('ref_axis',(1.,0.,0.));
#7183=DIRECTION('',(0.,0.,-1.));
#7184=DIRECTION('center_axis',(0.,0.,-1.));
#7185=DIRECTION('ref_axis',(-0.959933996830526,-0.280226197435166,0.));
#7186=DIRECTION('',(0.,0.,-1.));
#7187=DIRECTION('',(0.,0.,-1.));
#7188=DIRECTION('center_axis',(0.,0.,-1.));
#7189=DIRECTION('ref_axis',(-0.7824250104553,0.62274481371909,0.));
#7190=DIRECTION('center_axis',(0.,0.,-1.));
#7191=DIRECTION('ref_axis',(1.,0.,0.));
#7192=DIRECTION('center_axis',(-8.76491861546218E-17,0.,1.));
#7193=DIRECTION('ref_axis',(1.,0.,0.));
#7194=DIRECTION('',(0.,0.,-1.));
#7195=DIRECTION('center_axis',(0.,0.,-1.));
#7196=DIRECTION('ref_axis',(-0.997219438382768,-0.0745210823294813,0.));
#7197=DIRECTION('',(0.,0.,-1.));
#7198=DIRECTION('',(0.,0.,-1.));
#7199=DIRECTION('center_axis',(0.,0.,-1.));
#7200=DIRECTION('ref_axis',(-0.635851219562648,0.771811652270613,0.));
#7201=DIRECTION('center_axis',(0.,0.,-1.));
#7202=DIRECTION('ref_axis',(1.,0.,0.));
#7203=DIRECTION('center_axis',(-8.76491861546218E-17,0.,1.));
#7204=DIRECTION('ref_axis',(1.,0.,0.));
#7205=DIRECTION('',(0.,0.,-1.));
#7206=DIRECTION('center_axis',(0.,0.,-1.));
#7207=DIRECTION('ref_axis',(-0.990921605287909,0.13444096166583,0.));
#7208=DIRECTION('',(0.,0.,-1.));
#7209=DIRECTION('',(0.,0.,-1.));
#7210=DIRECTION('center_axis',(0.,0.,-1.));
#7211=DIRECTION('ref_axis',(-0.461487679222436,0.887146618054699,0.));
#7212=DIRECTION('center_axis',(0.,0.,-1.));
#7213=DIRECTION('ref_axis',(1.,0.,0.));
#7214=DIRECTION('center_axis',(-8.76491861546218E-17,0.,1.));
#7215=DIRECTION('ref_axis',(1.,0.,0.));
#7216=DIRECTION('',(0.,0.,-1.));
#7217=DIRECTION('center_axis',(0.,0.,-1.));
#7218=DIRECTION('ref_axis',(-0.941315743072551,0.337527290517034,0.));
#7219=DIRECTION('',(0.,0.,-1.));
#7220=DIRECTION('',(0.,0.,-1.));
#7221=DIRECTION('center_axis',(0.,0.,-1.));
#7222=DIRECTION('ref_axis',(-0.266954912836629,0.963709019628014,0.));
#7223=DIRECTION('center_axis',(0.,0.,-1.));
#7224=DIRECTION('ref_axis',(1.,0.,0.));
#7225=DIRECTION('center_axis',(-8.76491861546218E-17,0.,1.));
#7226=DIRECTION('ref_axis',(1.,0.,0.));
#7227=DIRECTION('',(0.,0.,-1.));
#7228=DIRECTION('center_axis',(0.,0.,-1.));
#7229=DIRECTION('ref_axis',(-0.850569865950842,0.525862057137009,0.));
#7230=DIRECTION('',(0.,0.,-1.));
#7231=DIRECTION('',(0.,0.,-1.));
#7232=DIRECTION('center_axis',(0.,0.,-1.));
#7233=DIRECTION('ref_axis',(-0.0607549357680654,0.998152712654641,0.));
#7234=DIRECTION('center_axis',(0.,0.,-1.));
#7235=DIRECTION('ref_axis',(1.,0.,0.));
#7236=DIRECTION('center_axis',(-8.76491861546218E-17,0.,1.));
#7237=DIRECTION('ref_axis',(1.,0.,0.));
#7238=DIRECTION('',(0.,0.,-1.));
#7239=DIRECTION('center_axis',(0.,0.,-1.));
#7240=DIRECTION('ref_axis',(-0.72265000420003,0.691214128493983,0.));
#7241=DIRECTION('',(0.,0.,-1.));
#7242=DIRECTION('',(0.,0.,-1.));
#7243=DIRECTION('center_axis',(0.,0.,-1.));
#7244=DIRECTION('ref_axis',(0.14810032352809,0.98897234247014,0.));
#7245=DIRECTION('center_axis',(0.,0.,-1.));
#7246=DIRECTION('ref_axis',(1.,0.,0.));
#7247=DIRECTION('center_axis',(-8.76491861546218E-17,0.,1.));
#7248=DIRECTION('ref_axis',(1.,0.,0.));
#7249=DIRECTION('',(0.,0.,-1.));
#7250=DIRECTION('center_axis',(0.,0.,-1.));
#7251=DIRECTION('ref_axis',(-0.563146869606226,0.826356825622387,0.));
#7252=DIRECTION('',(0.,0.,-1.));
#7253=DIRECTION('',(0.,0.,-1.));
#7254=DIRECTION('center_axis',(0.,0.,-1.));
#7255=DIRECTION('ref_axis',(0.350482888021868,0.936569135303876,0.));
#7256=DIRECTION('center_axis',(0.,0.,-1.));
#7257=DIRECTION('ref_axis',(1.,0.,0.));
#7258=DIRECTION('center_axis',(-8.76491861546218E-17,0.,1.));
#7259=DIRECTION('ref_axis',(1.,0.,0.));
#7260=DIRECTION('',(0.,0.,-1.));
#7261=DIRECTION('center_axis',(0.,0.,-1.));
#7262=DIRECTION('ref_axis',(-0.379031514532137,0.9253837641711,0.));
#7263=DIRECTION('',(0.,0.,-1.));
#7264=DIRECTION('',(0.,0.,-1.));
#7265=DIRECTION('center_axis',(0.,0.,-1.));
#7266=DIRECTION('ref_axis',(0.537547668505601,0.843233362767503,0.));
#7267=DIRECTION('center_axis',(0.,0.,-1.));
#7268=DIRECTION('ref_axis',(1.,0.,0.));
#7269=DIRECTION('center_axis',(-8.76491861546218E-17,0.,1.));
#7270=DIRECTION('ref_axis',(1.,0.,0.));
#7271=DIRECTION('',(0.,0.,-1.));
#7272=DIRECTION('center_axis',(0.,0.,-1.));
#7273=DIRECTION('ref_axis',(-0.178350663477994,0.983966991741572,0.));
#7274=DIRECTION('',(0.,0.,-1.));
#7275=DIRECTION('',(0.,0.,-1.));
#7276=DIRECTION('center_axis',(0.,0.,-1.));
#7277=DIRECTION('ref_axis',(0.701119036435742,0.713044245995588,0.));
#7278=DIRECTION('center_axis',(0.,0.,-1.));
#7279=DIRECTION('ref_axis',(1.,0.,0.));
#7280=DIRECTION('center_axis',(-8.76491861546218E-17,0.,1.));
#7281=DIRECTION('ref_axis',(1.,0.,0.));
#7282=DIRECTION('',(0.,0.,-1.));
#7283=DIRECTION('center_axis',(0.,0.,-1.));
#7284=DIRECTION('ref_axis',(0.0301249673915725,0.999546140175458,0.));
#7285=DIRECTION('',(0.,0.,-1.));
#7286=DIRECTION('',(0.,0.,-1.));
#7287=DIRECTION('center_axis',(0.,0.,-1.));
#7288=DIRECTION('ref_axis',(0.834048138131236,0.551691674107757,0.));
#7289=DIRECTION('center_axis',(0.,0.,-1.));
#7290=DIRECTION('ref_axis',(1.,0.,0.));
#7291=DIRECTION('center_axis',(-8.76491861546218E-17,0.,1.));
#7292=DIRECTION('ref_axis',(1.,0.,0.));
#7293=DIRECTION('',(0.,0.,-1.));
#7294=DIRECTION('center_axis',(0.,0.,-1.));
#7295=DIRECTION('ref_axis',(0.237283992630495,0.971440325929149,0.));
#7296=DIRECTION('',(0.,0.,-1.));
#7297=DIRECTION('',(0.,0.,-1.));
#7298=DIRECTION('center_axis',(0.,0.,-1.));
#7299=DIRECTION('ref_axis',(0.93052533398339,0.36622752875105,0.));
#7300=DIRECTION('center_axis',(0.,0.,-1.));
#7301=DIRECTION('ref_axis',(1.,0.,0.));
#7302=DIRECTION('center_axis',(-8.76491861546218E-17,0.,1.));
#7303=DIRECTION('ref_axis',(1.,0.,0.));
#7304=DIRECTION('',(0.,0.,-1.));
#7305=DIRECTION('center_axis',(0.,0.,-1.));
#7306=DIRECTION('ref_axis',(0.434072568776542,0.900877907951868,0.));
#7307=DIRECTION('',(0.,0.,-1.));
#7308=DIRECTION('',(0.,0.,-1.));
#7309=DIRECTION('center_axis',(0.,0.,-1.));
#7310=DIRECTION('ref_axis',(0.986334107584516,0.164757483033263,0.));
#7311=DIRECTION('center_axis',(0.,0.,-1.));
#7312=DIRECTION('ref_axis',(1.,0.,0.));
#7313=DIRECTION('center_axis',(-8.76491861546218E-17,0.,1.));
#7314=DIRECTION('ref_axis',(1.,0.,0.));
#7315=DIRECTION('',(0.,0.,-1.));
#7316=DIRECTION('center_axis',(0.,0.,-1.));
#7317=DIRECTION('ref_axis',(0.611890090755773,0.790942802505271,0.));
#7318=DIRECTION('',(0.,0.,-1.));
#7319=DIRECTION('',(0.,0.,-1.));
#7320=DIRECTION('center_axis',(0.,0.,-1.));
#7321=DIRECTION('ref_axis',(0.999035347728038,-0.0439132552871953,0.));
#7322=DIRECTION('center_axis',(0.,0.,-1.));
#7323=DIRECTION('ref_axis',(1.,0.,0.));
#7324=DIRECTION('center_axis',(-8.76491861546218E-17,0.,1.));
#7325=DIRECTION('ref_axis',(1.,0.,0.));
#7326=DIRECTION('',(0.,0.,-1.));
#7327=DIRECTION('center_axis',(0.,0.,-1.));
#7328=DIRECTION('ref_axis',(0.762965079594558,0.646439701224538,0.));
#7329=DIRECTION('',(0.,0.,-1.));
#7330=DIRECTION('',(0.,0.,-1.));
#7331=DIRECTION('center_axis',(0.,0.,-1.));
#7332=DIRECTION('ref_axis',(0.968073949272371,-0.250664773632426,0.));
#7333=DIRECTION('center_axis',(0.,0.,-1.));
#7334=DIRECTION('ref_axis',(1.,0.,0.));
#7335=DIRECTION('center_axis',(-8.76491861546218E-17,0.,1.));
#7336=DIRECTION('ref_axis',(1.,0.,0.));
#7337=DIRECTION('',(0.,0.,-1.));
#7338=DIRECTION('center_axis',(0.,0.,-1.));
#7339=DIRECTION('ref_axis',(0.880694833342414,0.47368408303845,0.));
#7340=DIRECTION('',(0.,0.,-1.));
#7341=DIRECTION('',(0.,0.,-1.));
#7342=DIRECTION('center_axis',(0.,0.,-1.));
#7343=DIRECTION('ref_axis',(0.894803073899301,-0.446461038546884,0.));
#7344=DIRECTION('center_axis',(0.,0.,-1.));
#7345=DIRECTION('ref_axis',(1.,0.,0.));
#7346=DIRECTION('center_axis',(-8.76491861546218E-17,0.,1.));
#7347=DIRECTION('ref_axis',(1.,0.,0.));
#7348=DIRECTION('',(0.,0.,-1.));
#7349=DIRECTION('center_axis',(0.,0.,-1.));
#7350=DIRECTION('ref_axis',(0.959933996830526,0.280226197435166,0.));
#7351=DIRECTION('',(0.,0.,-1.));
#7352=DIRECTION('',(0.,0.,-1.));
#7353=DIRECTION('center_axis',(0.,0.,-1.));
#7354=DIRECTION('ref_axis',(0.7824250104553,-0.62274481371909,0.));
#7355=DIRECTION('center_axis',(0.,0.,-1.));
#7356=DIRECTION('ref_axis',(1.,0.,0.));
#7357=DIRECTION('center_axis',(-8.76491861546218E-17,0.,1.));
#7358=DIRECTION('ref_axis',(1.,0.,0.));
#7359=DIRECTION('',(0.,0.,-1.));
#7360=DIRECTION('center_axis',(0.,0.,-1.));
#7361=DIRECTION('ref_axis',(0.997219438382768,0.0745210823294813,0.));
#7362=DIRECTION('',(0.,0.,-1.));
#7363=DIRECTION('',(0.,0.,-1.));
#7364=DIRECTION('center_axis',(0.,0.,-1.));
#7365=DIRECTION('ref_axis',(0.635851219562648,-0.771811652270613,0.));
#7366=DIRECTION('center_axis',(0.,0.,-1.));
#7367=DIRECTION('ref_axis',(1.,0.,0.));
#7368=DIRECTION('center_axis',(-8.76491861546218E-17,0.,1.));
#7369=DIRECTION('ref_axis',(1.,0.,0.));
#7370=DIRECTION('',(0.,0.,-1.));
#7371=DIRECTION('center_axis',(0.,0.,-1.));
#7372=DIRECTION('ref_axis',(0.990921605287909,-0.134440961665829,0.));
#7373=DIRECTION('',(0.,0.,-1.));
#7374=DIRECTION('',(0.,0.,-1.));
#7375=DIRECTION('center_axis',(0.,0.,-1.));
#7376=DIRECTION('ref_axis',(0.461487679222437,-0.887146618054699,0.));
#7377=DIRECTION('center_axis',(0.,0.,-1.));
#7378=DIRECTION('ref_axis',(1.,0.,0.));
#7379=DIRECTION('center_axis',(-8.76491861546218E-17,0.,1.));
#7380=DIRECTION('ref_axis',(1.,0.,0.));
#7381=DIRECTION('',(0.,0.,-1.));
#7382=DIRECTION('center_axis',(0.,0.,-1.));
#7383=DIRECTION('ref_axis',(0.941315743072552,-0.337527290517034,0.));
#7384=DIRECTION('',(0.,0.,-1.));
#7385=DIRECTION('',(0.,0.,-1.));
#7386=DIRECTION('center_axis',(0.,0.,-1.));
#7387=DIRECTION('ref_axis',(0.266954912836629,-0.963709019628014,0.));
#7388=DIRECTION('center_axis',(0.,0.,-1.));
#7389=DIRECTION('ref_axis',(1.,0.,4.2313400212576E-17));
#7390=DIRECTION('center_axis',(-8.76491861546218E-17,0.,1.));
#7391=DIRECTION('ref_axis',(1.,0.,0.));
#7392=DIRECTION('center_axis',(-8.76491861546218E-17,0.,1.));
#7393=DIRECTION('ref_axis',(1.,0.,0.));
#7394=DIRECTION('',(0.707106781186548,-8.65956056235494E-17,0.707106781186547));
#7395=DIRECTION('center_axis',(8.76491861546218E-17,0.,-1.));
#7396=DIRECTION('ref_axis',(1.,0.,8.76491861546218E-17));
#7397=DIRECTION('center_axis',(0.,0.,-1.));
#7398=DIRECTION('ref_axis',(1.,0.,0.));
#7399=DIRECTION('',(0.,0.,-1.));
#7400=DIRECTION('center_axis',(0.,0.,-1.));
#7401=DIRECTION('ref_axis',(1.,0.,0.));
#7402=DIRECTION('',(0.,0.,-1.));
#7403=DIRECTION('center_axis',(0.,0.,-1.));
#7404=DIRECTION('ref_axis',(0.850569865950842,-0.525862057137009,0.));
#7405=DIRECTION('',(0.,0.,-1.));
#7406=DIRECTION('center_axis',(0.,0.,-1.));
#7407=DIRECTION('ref_axis',(0.0607549357680655,-0.998152712654641,0.));
#7408=DIRECTION('center_axis',(8.76491861546218E-17,0.,-1.));
#7409=DIRECTION('ref_axis',(1.,0.,8.76491861546218E-17));
#7410=DIRECTION('center_axis',(8.76491861546218E-17,0.,-1.));
#7411=DIRECTION('ref_axis',(1.,0.,8.76491861546218E-17));
#7412=DIRECTION('center_axis',(0.,0.,-1.));
#7413=DIRECTION('ref_axis',(1.,-3.95664296258037E-15,0.));
#7414=DIRECTION('center_axis',(0.,0.,-1.));
#7415=DIRECTION('ref_axis',(1.,0.,0.));
#7416=CARTESIAN_POINT('',(0.,0.,0.));
#7417=CARTESIAN_POINT('Origin',(34.9999999999985,0.,17.0000000000034));
#7418=CARTESIAN_POINT('',(12.4999999999995,0.,17.0000000000022));
#7419=CARTESIAN_POINT('',(34.9999999999985,0.,17.0000000000034));
#7420=CARTESIAN_POINT('',(12.4999999999995,0.,17.0000000000022));
#7421=CARTESIAN_POINT('',(12.4999999999995,-1.,17.0000000000022));
#7422=CARTESIAN_POINT('',(12.4999999999995,0.,17.0000000000022));
#7423=CARTESIAN_POINT('',(34.9999999999985,-1.,17.0000000000034));
#7424=CARTESIAN_POINT('',(12.4999999999995,-1.,17.0000000000022));
#7425=CARTESIAN_POINT('',(34.9999999999985,0.,17.0000000000034));
#7426=CARTESIAN_POINT('Origin',(35.0000000000093,0.,3.00000000000338));
#7427=CARTESIAN_POINT('',(35.0000000000093,0.,3.00000000000338));
#7428=CARTESIAN_POINT('',(35.0000000000093,0.,3.00000000000338));
#7429=CARTESIAN_POINT('',(35.0000000000092,-1.,3.00000000000338));
#7430=CARTESIAN_POINT('',(35.0000000000093,-1.,3.00000000000338));
#7431=CARTESIAN_POINT('',(35.0000000000093,0.,3.00000000000338));
#7432=CARTESIAN_POINT('Origin',(33.4999999999995,0.,3.00000000000261));
#7433=CARTESIAN_POINT('',(33.4999999999995,0.,3.00000000000262));
#7434=CARTESIAN_POINT('',(33.4999999999995,0.,3.00000000000261));
#7435=CARTESIAN_POINT('',(33.4999999999995,-1.,3.00000000000262));
#7436=CARTESIAN_POINT('',(33.4999999999995,-1.,3.00000000000261));
#7437=CARTESIAN_POINT('',(33.4999999999995,0.,3.00000000000262));
#7438=CARTESIAN_POINT('Origin',(33.4999999999997,0.,1.50000000000268));
#7439=CARTESIAN_POINT('',(31.9999999999998,0.,1.50000000000246));
#7440=CARTESIAN_POINT('Origin',(33.4999999999997,0.,1.50000000000268));
#7441=CARTESIAN_POINT('',(31.9999999999998,-1.,1.50000000000246));
#7442=CARTESIAN_POINT('Origin',(33.4999999999997,-1.,1.50000000000268));
#7443=CARTESIAN_POINT('',(31.9999999999998,0.,1.50000000000246));
#7444=CARTESIAN_POINT('Origin',(32.000000000001,0.,2.38004060904018E-12));
#7445=CARTESIAN_POINT('',(32.000000000001,0.,2.38012423848872E-12));
#7446=CARTESIAN_POINT('',(31.9999999999998,0.,1.50000000000246));
#7447=CARTESIAN_POINT('',(32.000000000001,-1.,2.38031816479634E-12));
#7448=CARTESIAN_POINT('',(31.9999999999998,-1.,1.50000000000246));
#7449=CARTESIAN_POINT('',(32.000000000001,0.,2.38012423848872E-12));
#7450=CARTESIAN_POINT('Origin',(3.,0.,-1.92992880200307E-12));
#7451=CARTESIAN_POINT('',(3.,0.,2.23987495218125E-13));
#7452=CARTESIAN_POINT('',(32.000000000001,0.,2.38012423848872E-12));
#7453=CARTESIAN_POINT('',(3.,-1.,2.24265050974282E-13));
#7454=CARTESIAN_POINT('',(32.000000000001,-1.,2.38012423848872E-12));
#7455=CARTESIAN_POINT('',(3.,0.,2.23987495218125E-13));
#7456=CARTESIAN_POINT('Origin',(3.,0.,1.5000000000003));
#7457=CARTESIAN_POINT('',(3.,0.,1.5000000000003));
#7458=CARTESIAN_POINT('',(3.,0.,1.5000000000003));
#7459=CARTESIAN_POINT('',(3.,-1.,1.5000000000003));
#7460=CARTESIAN_POINT('',(3.,-1.,1.5000000000003));
#7461=CARTESIAN_POINT('',(3.,0.,1.5000000000003));
#7462=CARTESIAN_POINT('Origin',(1.50000000000008,0.,1.5000000000003));
#7463=CARTESIAN_POINT('',(1.50000000000008,0.,3.00000000000022));
#7464=CARTESIAN_POINT('Origin',(1.50000000000008,0.,1.5000000000003));
#7465=CARTESIAN_POINT('',(1.50000000000008,-1.,3.00000000000022));
#7466=CARTESIAN_POINT('Origin',(1.50000000000008,-1.,1.5000000000003));
#7467=CARTESIAN_POINT('',(1.50000000000008,0.,3.00000000000022));
#7468=CARTESIAN_POINT('Origin',(-8.32667268468867E-16,0.,3.00000000000078));
#7469=CARTESIAN_POINT('',(-7.76359568411447E-16,0.,3.00000000000078));
#7470=CARTESIAN_POINT('',(1.50000000000008,0.,3.00000000000022));
#7471=CARTESIAN_POINT('',(0.,-1.,3.00000000000078));
#7472=CARTESIAN_POINT('',(1.50000000000008,-1.,3.00000000000022));
#7473=CARTESIAN_POINT('',(-7.76359568411447E-16,0.,3.00000000000078));
#7474=CARTESIAN_POINT('Origin',(-3.82947288613063E-15,0.,17.0000000000008));
#7475=CARTESIAN_POINT('',(-3.82947288613063E-15,0.,17.0000000000008));
#7476=CARTESIAN_POINT('',(-7.76359568411447E-16,0.,3.00000000000078));
#7477=CARTESIAN_POINT('',(-4.44089209850063E-15,-1.,17.0000000000008));
#7478=CARTESIAN_POINT('',(-7.76359568411447E-16,-1.,3.00000000000078));
#7479=CARTESIAN_POINT('',(-3.82947288613063E-15,0.,17.0000000000008));
#7480=CARTESIAN_POINT('Origin',(9.5,0.,17.0000000000008));
#7481=CARTESIAN_POINT('',(9.5,0.,17.0000000000008));
#7482=CARTESIAN_POINT('',(-3.82947288613063E-15,0.,17.0000000000008));
#7483=CARTESIAN_POINT('',(9.5,-1.,17.0000000000008));
#7484=CARTESIAN_POINT('',(-3.82947288613063E-15,-1.,17.0000000000008));
#7485=CARTESIAN_POINT('',(9.5,0.,17.0000000000008));
#7486=CARTESIAN_POINT('Origin',(9.49999999999952,0.,15.0000000000029));
#7487=CARTESIAN_POINT('',(9.49999999999952,0.,15.0000000000029));
#7488=CARTESIAN_POINT('',(9.5,0.,17.0000000000008));
#7489=CARTESIAN_POINT('',(9.49999999999952,-1.,15.0000000000029));
#7490=CARTESIAN_POINT('',(9.5,-1.,17.0000000000008));
#7491=CARTESIAN_POINT('',(9.49999999999952,0.,15.0000000000029));
#7492=CARTESIAN_POINT('Origin',(10.9999999999995,0.,15.0000000000008));
#7493=CARTESIAN_POINT('',(12.4999999999995,0.,14.9999999999987));
#7494=CARTESIAN_POINT('Origin',(10.9999999999995,0.,15.0000000000008));
#7495=CARTESIAN_POINT('',(12.4999999999995,-1.,14.9999999999987));
#7496=CARTESIAN_POINT('Origin',(10.9999999999995,-1.,15.0000000000008));
#7497=CARTESIAN_POINT('',(12.4999999999995,0.,14.9999999999987));
#7498=CARTESIAN_POINT('Origin',(12.4999999999995,0.,17.0000000000022));
#7499=CARTESIAN_POINT('',(12.4999999999995,0.,14.9999999999987));
#7500=CARTESIAN_POINT('',(12.4999999999995,-1.,14.9999999999987));
#7501=CARTESIAN_POINT('Origin',(17.5000000000046,0.,8.5000000000018));
#7502=CARTESIAN_POINT('Origin',(17.5000000000046,-1.,8.5000000000018));
#7503=CARTESIAN_POINT('Origin',(17.5000000000026,1.75,8.50000000000121));
#7504=CARTESIAN_POINT('',(13.399455815474,1.75,13.9986949567767));
#7505=CARTESIAN_POINT('',(13.5997768201215,1.75,14.9659340998147));
#7506=CARTESIAN_POINT('Origin',(10.9999999999995,1.75,15.0000000000008));
#7507=CARTESIAN_POINT('',(19.6552934962875,1.75,15.6528771306124));
#7508=CARTESIAN_POINT('Origin',(17.4,1.75,8.50000000000246));
#7509=CARTESIAN_POINT('',(19.444799436634,1.75,14.9852752650888));
#7510=CARTESIAN_POINT('',(18.8117169072832,1.75,12.9773940055382));
#7511=CARTESIAN_POINT('Origin',(17.4,1.75,8.50000000000246));
#7512=CARTESIAN_POINT('Origin',(17.5000000000026,1.75,8.50000000000121));
#7513=CARTESIAN_POINT('',(10.9937576108346,1.75,12.4000074937467));
#7514=CARTESIAN_POINT('',(11.9639860785279,1.75,12.5853093696294));
#7515=CARTESIAN_POINT('Origin',(10.9999999999995,1.75,15.0000000000008));
#7516=CARTESIAN_POINT('',(11.4459064328478,1.75,11.7846262791395));
#7517=CARTESIAN_POINT('Origin',(17.4,1.75,8.50000000000246));
#7518=CARTESIAN_POINT('',(10.8329850362292,1.75,12.12274957258));
#7519=CARTESIAN_POINT('',(14.3172169912996,1.75,10.2006434260844));
#7520=CARTESIAN_POINT('Origin',(17.4,1.75,8.50000000000246));
#7521=CARTESIAN_POINT('Origin',(17.4,1.75,8.50000000000246));
#7522=CARTESIAN_POINT('',(13.5997768201215,3.75,14.9659340998147));
#7523=CARTESIAN_POINT('',(13.5997768201215,1.75,14.9659340998147));
#7524=CARTESIAN_POINT('',(19.6552934962875,3.75,15.6528771306124));
#7525=CARTESIAN_POINT('Origin',(17.4,3.75,8.50000000000246));
#7526=CARTESIAN_POINT('',(19.6552934962875,1.75,15.6528771306124));
#7527=CARTESIAN_POINT('Origin',(17.4,1.75,8.50000000000246));
#7528=CARTESIAN_POINT('',(22.7033008588995,1.75,3.19669914110375));
#7529=CARTESIAN_POINT('',(12.0966991411013,1.75,3.19669914110296));
#7530=CARTESIAN_POINT('Origin',(17.4,1.75,8.50000000000246));
#7531=CARTESIAN_POINT('',(22.7033008588995,3.75,3.19669914110375));
#7532=CARTESIAN_POINT('',(22.7033008588995,1.75,3.19669914110375));
#7533=CARTESIAN_POINT('',(12.0966991411013,3.75,3.19669914110296));
#7534=CARTESIAN_POINT('Origin',(17.4,3.75,8.50000000000246));
#7535=CARTESIAN_POINT('',(12.0966991411013,1.75,3.19669914110296));
#7536=CARTESIAN_POINT('Origin',(17.4000000000011,3.75,9.00000000000141));
#7537=CARTESIAN_POINT('',(36.4999999999994,3.75,-1.49999999999977));
#7538=CARTESIAN_POINT('',(36.5000000000053,3.75,18.5000000000022));
#7539=CARTESIAN_POINT('',(36.5000000000038,3.75,13.4999999999989));
#7540=CARTESIAN_POINT('',(-1.5,3.75,-1.49999999999978));
#7541=CARTESIAN_POINT('',(27.000000000001,3.75,-1.49999999999978));
#7542=CARTESIAN_POINT('',(-1.5,3.75,18.5000000000022));
#7543=CARTESIAN_POINT('',(-1.5,3.75,3.50000000000072));
#7544=CARTESIAN_POINT('',(8.00000000000132,3.75,18.5000000000022));
#7545=CARTESIAN_POINT('',(9.49999999999952,3.75,15.0000000000008));
#7546=CARTESIAN_POINT('Origin',(10.9999999999995,3.75,15.0000000000008));
#7547=CARTESIAN_POINT('',(1.50990331349021E-13,3.75,1.5000000000003));
#7548=CARTESIAN_POINT('Origin',(1.50000000000008,3.75,1.5000000000003));
#7549=CARTESIAN_POINT('',(31.9999999999998,3.75,1.50000000000396));
#7550=CARTESIAN_POINT('Origin',(33.4999999999997,3.75,1.50000000000396));
#7551=CARTESIAN_POINT('',(9.89999999999887,3.75,1.00000000000023));
#7552=CARTESIAN_POINT('',(13.7749999999995,3.75,4.87500000000138));
#7553=CARTESIAN_POINT('',(24.9000000000034,3.75,1.00000000000022));
#7554=CARTESIAN_POINT('',(19.9266504294503,3.75,5.97334957055255));
#7555=CARTESIAN_POINT('',(30.9485298355658,3.75,1.00000000000022));
#7556=CARTESIAN_POINT('',(10.7757350822187,3.75,1.00000000000022));
#7557=CARTESIAN_POINT('',(35.0000000000088,3.75,3.62367605815708));
#7558=CARTESIAN_POINT('Origin',(33.4999999999997,3.75,1.50000000000396));
#7559=CARTESIAN_POINT('',(34.9999999999913,3.75,15.6999999999992));
#7560=CARTESIAN_POINT('',(35.0000000000069,3.75,6.06183802908587));
#7561=CARTESIAN_POINT('',(29.7999999999913,3.75,15.7000000000031));
#7562=CARTESIAN_POINT('',(26.2499999999997,3.75,15.7000000000058));
#7563=CARTESIAN_POINT('',(29.7999999999925,3.75,17.0000000000031));
#7564=CARTESIAN_POINT('',(29.7999999999882,3.75,12.0999999999968));
#7565=CARTESIAN_POINT('',(20.0800397054785,3.75,17.0000000000026));
#7566=CARTESIAN_POINT('',(23.6499999999973,3.75,17.0000000000028));
#7567=CARTESIAN_POINT('',(18.8117169072832,3.75,12.9773940055382));
#7568=CARTESIAN_POINT('',(9.33867522741591,3.75,17.0000000000008));
#7569=CARTESIAN_POINT('Origin',(10.9999999999995,3.75,15.0000000000008));
#7570=CARTESIAN_POINT('',(4.,3.75,17.0000000000008));
#7571=CARTESIAN_POINT('',(13.4193376137093,3.75,17.0000000000008));
#7572=CARTESIAN_POINT('',(4.,3.75,16.0000000000008));
#7573=CARTESIAN_POINT('',(3.99999999999999,3.75,12.750000000001));
#7574=CARTESIAN_POINT('',(0.999999999999996,3.75,16.0000000000008));
#7575=CARTESIAN_POINT('',(10.7500000000013,3.75,16.0000000000008));
#7576=CARTESIAN_POINT('',(0.999999999999997,3.75,13.0000000000008));
#7577=CARTESIAN_POINT('',(0.999999999999999,3.75,12.250000000001));
#7578=CARTESIAN_POINT('',(-2.95715479535372E-15,3.75,13.0000000000008));
#7579=CARTESIAN_POINT('',(9.25000000000131,3.75,13.0000000000008));
#7580=CARTESIAN_POINT('',(-1.11022302462516E-15,3.75,3.62367605815977));
#7581=CARTESIAN_POINT('',(-2.22044604925031E-15,3.75,10.750000000001));
#7582=CARTESIAN_POINT('',(4.05147016443468,3.75,1.00000000000022));
#7583=CARTESIAN_POINT('Origin',(1.50000000000008,3.75,1.5000000000003));
#7584=CARTESIAN_POINT('',(10.7757350822187,3.75,1.00000000000022));
#7585=CARTESIAN_POINT('Origin',(17.4,0.,8.50000000000246));
#7586=CARTESIAN_POINT('',(22.2083261120689,1.75,3.6916738879343));
#7587=CARTESIAN_POINT('',(12.5916738879318,1.75,3.69167388793358));
#7588=CARTESIAN_POINT('Origin',(17.4,1.75,8.50000000000246));
#7589=CARTESIAN_POINT('',(12.5916738879318,0.,3.69167388793358));
#7590=CARTESIAN_POINT('',(12.5916738879318,0.,3.69167388793358));
#7591=CARTESIAN_POINT('',(22.2083261120689,0.,3.6916738879343));
#7592=CARTESIAN_POINT('Origin',(17.4,0.,8.50000000000246));
#7593=CARTESIAN_POINT('',(22.2083261120689,0.,3.6916738879343));
#7594=CARTESIAN_POINT('Origin',(9.89999999999887,0.,1.00000000000023));
#7595=CARTESIAN_POINT('',(13.7749999999995,1.75,4.87500000000138));
#7596=CARTESIAN_POINT('',(9.89999999999887,0.,1.00000000000023));
#7597=CARTESIAN_POINT('',(9.89999999999887,0.,1.00000000000022));
#7598=CARTESIAN_POINT('',(12.5916738879318,0.,3.69167388793358));
#7599=CARTESIAN_POINT('Origin',(22.2083261120689,0.,3.6916738879343));
#7600=CARTESIAN_POINT('',(19.679163056035,1.75,6.22083694396782));
#7601=CARTESIAN_POINT('',(24.9000000000034,0.,1.00000000000022));
#7602=CARTESIAN_POINT('',(22.2083261120689,0.,3.6916738879343));
#7603=CARTESIAN_POINT('',(24.9000000000034,0.,1.00000000000022));
#7604=CARTESIAN_POINT('Origin',(4.05147016443468,0.,1.00000000000022));
#7605=CARTESIAN_POINT('',(4.05147016443468,0.,1.00000000000022));
#7606=CARTESIAN_POINT('',(4.05147016443468,0.,1.00000000000022));
#7607=CARTESIAN_POINT('',(3.,0.,1.00000000000022));
#7608=CARTESIAN_POINT('Origin',(4.05147016443468,0.,1.00000000000022));
#7609=CARTESIAN_POINT('',(30.9485298355658,0.,1.00000000000022));
#7610=CARTESIAN_POINT('',(3.,0.,1.00000000000022));
#7611=CARTESIAN_POINT('',(30.9485298355658,0.,1.00000000000022));
#7612=CARTESIAN_POINT('Origin',(17.4,0.,8.50000000000246));
#7613=CARTESIAN_POINT('',(11.9639860785279,0.,12.5853093696294));
#7614=CARTESIAN_POINT('',(11.9639860785279,0.,12.5853093696294));
#7615=CARTESIAN_POINT('',(11.4459064328478,0.,11.7846262791395));
#7616=CARTESIAN_POINT('Origin',(17.4,0.,8.50000000000246));
#7617=CARTESIAN_POINT('',(11.4459064328478,0.,11.7846262791395));
#7618=CARTESIAN_POINT('Origin',(17.4,0.,8.50000000000246));
#7619=CARTESIAN_POINT('',(13.399455815474,0.,13.9986949567767));
#7620=CARTESIAN_POINT('',(13.399455815474,0.,13.9986949567767));
#7621=CARTESIAN_POINT('',(19.444799436634,0.,14.9852752650888));
#7622=CARTESIAN_POINT('',(19.444799436634,0.,14.9852752650888));
#7623=CARTESIAN_POINT('Origin',(17.4,0.,8.50000000000246));
#7624=CARTESIAN_POINT('Origin',(17.4,0.,8.50000000000246));
#7625=CARTESIAN_POINT('',(10.9937576108346,0.,12.4000074937467));
#7626=CARTESIAN_POINT('',(10.9937576108346,0.,12.4000074937467));
#7627=CARTESIAN_POINT('',(10.8329850362292,0.,12.12274957258));
#7628=CARTESIAN_POINT('',(10.8329850362292,0.,12.12274957258));
#7629=CARTESIAN_POINT('Origin',(17.4,0.,8.50000000000246));
#7630=CARTESIAN_POINT('Origin',(11.4459064328478,0.,11.7846262791395));
#7631=CARTESIAN_POINT('',(9.74411348150579,0.,12.7234348125602));
#7632=CARTESIAN_POINT('Origin',(20.0800397054785,0.,17.0000000000026));
#7633=CARTESIAN_POINT('',(20.0800397054785,0.,17.0000000000026));
#7634=CARTESIAN_POINT('',(20.0800397054785,0.,17.0000000000026));
#7635=CARTESIAN_POINT('',(19.444799436634,0.,14.9852752650888));
#7636=CARTESIAN_POINT('Origin',(17.5000000000026,0.,8.50000000000121));
#7637=CARTESIAN_POINT('Origin',(10.9999999999995,0.,15.0000000000008));
#7638=CARTESIAN_POINT('',(12.4999999999995,0.,17.0000000000022));
#7639=CARTESIAN_POINT('',(23.599999999996,0.,17.0000000000028));
#7640=CARTESIAN_POINT('',(12.4999999999995,0.,15.0000000000008));
#7641=CARTESIAN_POINT('',(12.4999999999995,0.,11.7500000238647));
#7642=CARTESIAN_POINT('',(9.49999999999952,0.,15.0000000000008));
#7643=CARTESIAN_POINT('Origin',(10.9999999999995,0.,15.0000000000008));
#7644=CARTESIAN_POINT('',(9.5,0.,17.0000000000008));
#7645=CARTESIAN_POINT('',(9.49999999999899,0.,12.7500000000019));
#7646=CARTESIAN_POINT('',(9.33867522741591,0.,17.0000000000008));
#7647=CARTESIAN_POINT('',(8.75000000000131,0.,17.0000000000008));
#7648=CARTESIAN_POINT('Origin',(10.9999999999995,0.,15.0000000000008));
#7649=CARTESIAN_POINT('Origin',(10.9999999999995,0.,15.0000000000008));
#7650=CARTESIAN_POINT('',(9.33867522741591,0.,17.0000000000008));
#7651=CARTESIAN_POINT('Origin',(3.,0.,2.23987495218125E-13));
#7652=CARTESIAN_POINT('',(3.,0.,1.5000000000003));
#7653=CARTESIAN_POINT('',(3.,0.,2.23987495218125E-13));
#7654=CARTESIAN_POINT('',(3.00000000000001,0.,4.25000000000073));
#7655=CARTESIAN_POINT('',(3.,-1.,1.5000000000003));
#7656=CARTESIAN_POINT('',(3.,0.,1.5000000000003));
#7657=CARTESIAN_POINT('',(3.,-1.,2.24265050974282E-13));
#7658=CARTESIAN_POINT('',(3.,-1.,1.5000000000003));
#7659=CARTESIAN_POINT('',(3.,0.,2.23987495218125E-13));
#7660=CARTESIAN_POINT('Origin',(32.000000000001,0.,2.38012423848872E-12));
#7661=CARTESIAN_POINT('',(32.000000000001,0.,2.38012423848872E-12));
#7662=CARTESIAN_POINT('',(24.7500000000024,0.,1.30284671939762E-12));
#7663=CARTESIAN_POINT('',(32.000000000001,-1.,2.38031816479634E-12));
#7664=CARTESIAN_POINT('',(32.000000000001,-1.,2.38012423848872E-12));
#7665=CARTESIAN_POINT('',(32.000000000001,0.,2.38012423848872E-12));
#7666=CARTESIAN_POINT('Origin',(31.9999999999998,0.,1.50000000000246));
#7667=CARTESIAN_POINT('',(31.9999999999998,0.,1.50000000000396));
#7668=CARTESIAN_POINT('',(31.9999999999969,0.,5.0000000000078));
#7669=CARTESIAN_POINT('',(31.9999999999998,-1.,1.50000000000396));
#7670=CARTESIAN_POINT('',(31.9999999999998,-1.,1.50000000000246));
#7671=CARTESIAN_POINT('',(31.9999999999998,0.,1.50000000000396));
#7672=CARTESIAN_POINT('Origin',(35.0000000000093,0.,3.00000000000338));
#7673=CARTESIAN_POINT('',(33.4999999999995,0.,3.0000000000039));
#7674=CARTESIAN_POINT('',(35.0000000000093,0.,3.00000000000338));
#7675=CARTESIAN_POINT('',(26.2500000000074,0.,2.99999999999886));
#7676=CARTESIAN_POINT('',(33.4999999999995,-1.,3.0000000000039));
#7677=CARTESIAN_POINT('',(33.4999999999995,0.,3.0000000000039));
#7678=CARTESIAN_POINT('',(35.0000000000093,-1.,3.00000000000338));
#7679=CARTESIAN_POINT('',(33.4999999999995,-1.,3.00000000000261));
#7680=CARTESIAN_POINT('',(35.0000000000093,0.,3.00000000000338));
#7681=CARTESIAN_POINT('Origin',(12.4999999999995,0.,15.0000000477282));
#7682=CARTESIAN_POINT('',(12.4999999999995,-1.,17.0000000000022));
#7683=CARTESIAN_POINT('',(12.4999999999995,0.,17.0000000000022));
#7684=CARTESIAN_POINT('',(12.4999999999995,-1.,15.0000000477282));
#7685=CARTESIAN_POINT('',(12.4999999999995,-1.,14.9999999999987));
#7686=CARTESIAN_POINT('',(12.4999999999995,0.,15.0000000477282));
#7687=CARTESIAN_POINT('Origin',(9.5,0.,17.0000000000008));
#7688=CARTESIAN_POINT('',(9.49999999999952,-1.,15.0000000000008));
#7689=CARTESIAN_POINT('',(9.49999999999952,0.,15.0000000000008));
#7690=CARTESIAN_POINT('',(9.5,-1.,17.0000000000008));
#7691=CARTESIAN_POINT('',(9.5,-1.,17.0000000000008));
#7692=CARTESIAN_POINT('',(9.5,0.,17.0000000000008));
#7693=CARTESIAN_POINT('Origin',(1.50000000000008,0.,3.00000000000022));
#7694=CARTESIAN_POINT('',(-7.76359568411447E-16,0.,3.00000000000078));
#7695=CARTESIAN_POINT('',(1.50000000000008,0.,3.00000000000022));
#7696=CARTESIAN_POINT('',(9.50000000000034,0.,2.99999999999728));
#7697=CARTESIAN_POINT('',(-8.32667268468867E-16,-1.,3.00000000000078));
#7698=CARTESIAN_POINT('',(-7.76359568411447E-16,0.,3.00000000000078));
#7699=CARTESIAN_POINT('',(1.50000000000008,-1.,3.00000000000022));
#7700=CARTESIAN_POINT('',(1.50000000000008,-1.,3.00000000000022));
#7701=CARTESIAN_POINT('',(1.50000000000008,0.,3.00000000000022));
#7702=CARTESIAN_POINT('Origin',(17.5000000000026,-1.,8.50000000000121));
#7703=CARTESIAN_POINT('',(-1.5,-1.,18.5000000000022));
#7704=CARTESIAN_POINT('',(-1.5,-1.,-1.49999999999978));
#7705=CARTESIAN_POINT('',(-1.5,-1.,-1.49999999999978));
#7706=CARTESIAN_POINT('',(36.4999999999994,-1.,-1.49999999999977));
#7707=CARTESIAN_POINT('',(-1.5,-1.,-1.49999999999978));
#7708=CARTESIAN_POINT('',(36.5000000000053,-1.,18.5000000000022));
#7709=CARTESIAN_POINT('',(36.4999999999994,-1.,-1.49999999999977));
#7710=CARTESIAN_POINT('',(-1.5,-1.,18.5000000000022));
#7711=CARTESIAN_POINT('',(1.50990331349021E-13,-1.,1.5000000000003));
#7712=CARTESIAN_POINT('Origin',(1.50000000000008,-1.,1.5000000000003));
#7713=CARTESIAN_POINT('Origin',(1.50000000000008,-1.,1.5000000000003));
#7714=CARTESIAN_POINT('',(-3.88578058618805E-15,-1.,17.0000000000008));
#7715=CARTESIAN_POINT('',(-7.76359568411447E-16,-1.,3.00000000000078));
#7716=CARTESIAN_POINT('',(-3.82947288613063E-15,-1.,17.0000000000008));
#7717=CARTESIAN_POINT('Origin',(10.9999999999995,-1.,15.0000000000008));
#7718=CARTESIAN_POINT('',(34.9999999999985,-1.,17.0000000000034));
#7719=CARTESIAN_POINT('',(12.4999999999995,-1.,17.0000000000022));
#7720=CARTESIAN_POINT('',(35.0000000000093,-1.,3.00000000000338));
#7721=CARTESIAN_POINT('Origin',(33.4999999999997,-1.,1.50000000000396));
#7722=CARTESIAN_POINT('Origin',(17.5000000000026,0.,8.50000000000121));
#7723=CARTESIAN_POINT('',(4.,0.,17.0000000000008));
#7724=CARTESIAN_POINT('',(-3.82947288613063E-15,0.,17.0000000000008));
#7725=CARTESIAN_POINT('',(8.75000000000131,0.,17.0000000000008));
#7726=CARTESIAN_POINT('',(-2.95715479535372E-15,0.,13.0000000000008));
#7727=CARTESIAN_POINT('',(-1.11022302462516E-15,0.,5.75000000000099));
#7728=CARTESIAN_POINT('',(0.999999999999997,0.,13.0000000000008));
#7729=CARTESIAN_POINT('',(-2.95715479535372E-15,0.,13.0000000000008));
#7730=CARTESIAN_POINT('',(0.999999999999996,0.,16.0000000000008));
#7731=CARTESIAN_POINT('',(0.999999999999997,0.,13.0000000000008));
#7732=CARTESIAN_POINT('',(4.,0.,16.0000000000008));
#7733=CARTESIAN_POINT('',(0.999999999999996,0.,16.0000000000008));
#7734=CARTESIAN_POINT('',(4.,0.,16.0000000000008));
#7735=CARTESIAN_POINT('Origin',(17.5000000000026,0.,8.50000000000121));
#7736=CARTESIAN_POINT('',(35.0000000000088,0.,3.62367605815708));
#7737=CARTESIAN_POINT('',(35.0000000000018,0.,12.750000000009));
#7738=CARTESIAN_POINT('Origin',(33.4999999999997,0.,1.50000000000396));
#7739=CARTESIAN_POINT('',(-1.11022302462516E-15,0.,3.62367605815977));
#7740=CARTESIAN_POINT('Origin',(1.50000000000008,0.,1.5000000000003));
#7741=CARTESIAN_POINT('',(-1.11022302462516E-15,0.,5.75000000000099));
#7742=CARTESIAN_POINT('Origin',(1.50000000000008,0.,1.5000000000003));
#7743=CARTESIAN_POINT('Origin',(33.4999999999997,0.,1.50000000000396));
#7744=CARTESIAN_POINT('Origin',(17.5000000000026,0.,8.50000000000121));
#7745=CARTESIAN_POINT('',(34.9999999999985,0.,17.0000000000034));
#7746=CARTESIAN_POINT('',(29.7999999999925,0.,17.0000000000031));
#7747=CARTESIAN_POINT('',(15.0000000000008,0.,17.0000000000023));
#7748=CARTESIAN_POINT('',(29.7999999999913,0.,15.7000000000031));
#7749=CARTESIAN_POINT('',(29.7999999999925,0.,17.0000000000031));
#7750=CARTESIAN_POINT('',(34.9999999999913,0.,15.6999999999992));
#7751=CARTESIAN_POINT('',(29.7999999999913,0.,15.7000000000031));
#7752=CARTESIAN_POINT('',(35.0000000000018,0.,12.750000000009));
#7753=CARTESIAN_POINT('Origin',(1.50000000000008,0.,1.5000000000003));
#7754=CARTESIAN_POINT('',(1.50990331349021E-13,0.,1.5000000000003));
#7755=CARTESIAN_POINT('Origin',(10.9999999999995,0.,15.0000000000008));
#7756=CARTESIAN_POINT('',(9.49999999999952,0.,15.0000000000008));
#7757=CARTESIAN_POINT('Origin',(0.999999999999997,0.,13.0000000000008));
#7758=CARTESIAN_POINT('',(-2.95715479535372E-15,0.,13.0000000000008));
#7759=CARTESIAN_POINT('',(0.999999999999997,0.,13.0000000000008));
#7760=CARTESIAN_POINT('Origin',(0.999999999999996,0.,16.0000000000008));
#7761=CARTESIAN_POINT('',(0.999999999999996,0.,16.0000000000008));
#7762=CARTESIAN_POINT('Origin',(4.,0.,16.0000000000008));
#7763=CARTESIAN_POINT('',(4.,0.,16.0000000000008));
#7764=CARTESIAN_POINT('Origin',(4.,0.,17.0000000000008));
#7765=CARTESIAN_POINT('',(4.,0.,17.0000000000008));
#7766=CARTESIAN_POINT('Origin',(9.33867522741591,0.,17.0000000000008));
#7767=CARTESIAN_POINT('',(-3.82947288613063E-15,0.,17.0000000000008));
#7768=CARTESIAN_POINT('Origin',(29.7999999999925,0.,17.0000000000031));
#7769=CARTESIAN_POINT('',(29.7999999999925,0.,17.0000000000031));
#7770=CARTESIAN_POINT('',(34.9999999999985,0.,17.0000000000034));
#7771=CARTESIAN_POINT('Origin',(29.7999999999913,0.,15.7000000000031));
#7772=CARTESIAN_POINT('',(29.7999999999913,0.,15.7000000000031));
#7773=CARTESIAN_POINT('Origin',(34.9999999999913,0.,15.6999999999992));
#7774=CARTESIAN_POINT('',(34.9999999999913,0.,15.6999999999992));
#7775=CARTESIAN_POINT('Origin',(35.0000000000088,0.,3.62367605815708));
#7776=CARTESIAN_POINT('',(35.0000000000088,0.,3.62367605815708));
#7777=CARTESIAN_POINT('Origin',(33.4999999999997,0.,1.50000000000396));
#7778=CARTESIAN_POINT('Origin',(1.50000000000008,0.,1.5000000000003));
#7779=CARTESIAN_POINT('',(-1.11022302462516E-15,0.,3.62367605815977));
#7780=CARTESIAN_POINT('Origin',(-2.95715479535372E-15,0.,13.0000000000008));
#7781=CARTESIAN_POINT('Origin',(33.4999999999997,0.,1.50000000000396));
#7782=CARTESIAN_POINT('',(31.9999999999998,0.,1.50000000000396));
#7783=CARTESIAN_POINT('Origin',(36.4999999999994,0.,-1.49999999999977));
#7784=CARTESIAN_POINT('',(-1.5,0.,-1.49999999999978));
#7785=CARTESIAN_POINT('',(36.4999999999994,0.,-1.49999999999977));
#7786=CARTESIAN_POINT('Origin',(36.5000000000053,0.,18.5000000000022));
#7787=CARTESIAN_POINT('',(36.5000000000053,0.,18.5000000000022));
#7788=CARTESIAN_POINT('Origin',(-1.5,0.,18.5000000000022));
#7789=CARTESIAN_POINT('',(-1.5,0.,18.5000000000022));
#7790=CARTESIAN_POINT('Origin',(-1.5,0.,-1.49999999999978));
#7791=CARTESIAN_POINT('Origin',(17.5000000000026,1.75,8.50000000000121));
#7792=CARTESIAN_POINT('Origin',(4.125,3.75,13.1250000000008));
#7793=CARTESIAN_POINT('',(2.625,3.75,13.1250000000008));
#7794=CARTESIAN_POINT('Origin',(4.125,3.75,13.1250000000008));
#7795=CARTESIAN_POINT('',(2.625,5.25,13.1250000000008));
#7796=CARTESIAN_POINT('',(2.625,3.75,13.1250000000008));
#7797=CARTESIAN_POINT('Origin',(4.125,5.25,13.1250000000008));
#7798=CARTESIAN_POINT('Origin',(4.125,3.75,7.25000000000078));
#7799=CARTESIAN_POINT('',(2.625,3.75,7.25000000000078));
#7800=CARTESIAN_POINT('Origin',(4.125,3.75,7.25000000000078));
#7801=CARTESIAN_POINT('',(2.625,5.25,7.25000000000078));
#7802=CARTESIAN_POINT('',(2.625,3.75,7.25000000000078));
#7803=CARTESIAN_POINT('Origin',(4.125,5.25,7.25000000000078));
#7804=CARTESIAN_POINT('Origin',(1.50000000000008,4.65,1.5000000000003));
#7805=CARTESIAN_POINT('',(4.2,5.25,1.5000000000003));
#7806=CARTESIAN_POINT('Origin',(1.50000000000008,5.25,1.5000000000003));
#7807=CARTESIAN_POINT('',(3.,4.05,1.5000000000003));
#7808=CARTESIAN_POINT('',(3.6,4.65,1.5000000000003));
#7809=CARTESIAN_POINT('Origin',(1.50000000000008,4.05,1.5000000000003));
#7810=CARTESIAN_POINT('Origin',(17.4999999999997,5.25,8.50000000000117));
#7811=CARTESIAN_POINT('',(-1.5,5.25,18.5000000000021));
#7812=CARTESIAN_POINT('',(36.4999999999994,5.25,18.5000000000021));
#7813=CARTESIAN_POINT('',(-1.5,5.25,18.5000000000021));
#7814=CARTESIAN_POINT('',(36.4999999999994,5.25,-1.49999999999977));
#7815=CARTESIAN_POINT('',(36.4999999999994,5.25,18.5000000000021));
#7816=CARTESIAN_POINT('',(-1.5,5.25,-1.49999999999978));
#7817=CARTESIAN_POINT('',(36.4999999999994,5.25,-1.49999999999977));
#7818=CARTESIAN_POINT('',(-1.5,5.25,-1.49999999999978));
#7819=CARTESIAN_POINT('',(36.1999999999996,5.25,1.50000000000396));
#7820=CARTESIAN_POINT('Origin',(33.4999999999997,5.25,1.50000000000396));
#7821=CARTESIAN_POINT('',(11.8576448134166,5.25,12.4398348932121));
#7822=CARTESIAN_POINT('',(13.6999999999994,5.25,15.0000000000008));
#7823=CARTESIAN_POINT('Origin',(10.9999999999994,5.25,15.0000000000008));
#7824=CARTESIAN_POINT('',(24.2,5.25,8.50000000000246));
#7825=CARTESIAN_POINT('Origin',(17.4,5.25,8.50000000000246));
#7826=CARTESIAN_POINT('',(13.5465614117953,5.25,14.1027681593086));
#7827=CARTESIAN_POINT('Origin',(17.4,5.25,8.50000000000246));
#7828=CARTESIAN_POINT('Origin',(10.9999999999994,5.25,15.0000000000008));
#7829=CARTESIAN_POINT('Origin',(1.50000000000008,3.75,1.5000000000003));
#7830=CARTESIAN_POINT('',(3.,3.75,1.5000000000003));
#7831=CARTESIAN_POINT('',(3.,3.75,1.5000000000003));
#7832=CARTESIAN_POINT('Origin',(1.50000000000008,3.75,1.5000000000003));
#7833=CARTESIAN_POINT('Origin',(10.9999999999994,4.65,15.0000000000008));
#7834=CARTESIAN_POINT('Ctrl Pts',(11.8576448134166,5.25,12.4398348932121));
#7835=CARTESIAN_POINT('Ctrl Pts',(11.9436514990456,5.16259610248098,12.5608246334163));
#7836=CARTESIAN_POINT('Ctrl Pts',(12.0352876678062,5.08491696520312,12.6815276336526));
#7837=CARTESIAN_POINT('Ctrl Pts',(12.2770238816877,4.93347456515313,12.9771353663525));
#7838=CARTESIAN_POINT('Ctrl Pts',(12.4348251915439,4.87195154558423,13.1541771901345));
#7839=CARTESIAN_POINT('Ctrl Pts',(12.8233569677175,4.87195154558423,13.5367315543671));
#7840=CARTESIAN_POINT('Ctrl Pts',(13.0028238999176,4.93347456515313,13.691769230456));
#7841=CARTESIAN_POINT('Ctrl Pts',(13.3021437301848,5.08491696520312,13.9288936027642));
#7842=CARTESIAN_POINT('Ctrl Pts',(13.4242528550178,5.16259610248098,14.0186475069895));
#7843=CARTESIAN_POINT('Ctrl Pts',(13.5465614117953,5.25,14.1027681593086));
#7844=CARTESIAN_POINT('',(12.4999999999994,4.05,15.0000000000008));
#7845=CARTESIAN_POINT('',(13.0999999999993,4.65,15.0000000000008));
#7846=CARTESIAN_POINT('Origin',(10.9999999999994,4.05,15.0000000000008));
#7847=CARTESIAN_POINT('Origin',(17.4,3.75,8.50000000000246));
#7848=CARTESIAN_POINT('',(24.2,3.75,8.50000000000246));
#7849=CARTESIAN_POINT('',(24.2,3.75,8.50000000000246));
#7850=CARTESIAN_POINT('Origin',(17.4,3.75,8.50000000000246));
#7851=CARTESIAN_POINT('Origin',(10.9999999999994,3.75,15.0000000000008));
#7852=CARTESIAN_POINT('',(12.4999999999994,3.75,15.0000000000008));
#7853=CARTESIAN_POINT('',(12.4999999999994,3.75,15.0000000000008));
#7854=CARTESIAN_POINT('Origin',(10.9999999999994,3.75,15.0000000000008));
#7855=CARTESIAN_POINT('Origin',(33.4999999999997,4.65,1.50000000000396));
#7856=CARTESIAN_POINT('',(34.9999999999996,4.05,1.50000000000396));
#7857=CARTESIAN_POINT('',(35.5999999999996,4.65,1.50000000000396));
#7858=CARTESIAN_POINT('Origin',(33.4999999999997,4.05,1.50000000000396));
#7859=CARTESIAN_POINT('Origin',(33.4999999999997,3.75,1.50000000000396));
#7860=CARTESIAN_POINT('',(34.9999999999996,3.75,1.50000000000396));
#7861=CARTESIAN_POINT('',(34.9999999999996,3.75,1.50000000000396));
#7862=CARTESIAN_POINT('Origin',(33.4999999999997,3.75,1.50000000000396));
#7863=CARTESIAN_POINT('Origin',(-1.5,3.75,-1.49999999999978));
#7864=CARTESIAN_POINT('',(-1.5,3.75,-1.49999999999978));
#7865=CARTESIAN_POINT('',(-1.5,3.75,18.5000000000021));
#7866=CARTESIAN_POINT('',(-1.5,3.75,-1.49999999999978));
#7867=CARTESIAN_POINT('',(-1.5,3.75,18.5000000000021));
#7868=CARTESIAN_POINT('',(-1.5,3.75,-1.49999999999978));
#7869=CARTESIAN_POINT('Origin',(36.4999999999994,3.75,-1.49999999999977));
#7870=CARTESIAN_POINT('',(36.4999999999994,3.75,-1.49999999999977));
#7871=CARTESIAN_POINT('',(36.4999999999994,3.75,-1.49999999999977));
#7872=CARTESIAN_POINT('',(36.4999999999994,3.75,-1.49999999999977));
#7873=CARTESIAN_POINT('Origin',(36.4999999999994,3.75,18.5000000000021));
#7874=CARTESIAN_POINT('',(36.4999999999994,3.75,18.5000000000021));
#7875=CARTESIAN_POINT('',(36.4999999999994,3.75,18.5000000000021));
#7876=CARTESIAN_POINT('',(36.4999999999994,3.75,18.5000000000021));
#7877=CARTESIAN_POINT('Origin',(-1.5,3.75,18.5000000000021));
#7878=CARTESIAN_POINT('',(-1.5,3.75,18.5000000000021));
#7879=CARTESIAN_POINT('Origin',(17.4999999999997,3.75,8.50000000000117));
#7880=CARTESIAN_POINT('Origin',(17.4999999999997,-36.25,-5.99999999999978));
#7881=CARTESIAN_POINT('',(7.57480232778712,-36.2502497600695,-6.48268682536498));
#7882=CARTESIAN_POINT('',(7.57503008967529,-36.2501883824297,-6.26731317463458));
#7883=CARTESIAN_POINT('',(7.57499999999972,-36.25,-5.99999999999978));
#7884=CARTESIAN_POINT('',(21.8266601404494,-45.1822806174596,-5.99999999999978));
#7885=CARTESIAN_POINT('Ctrl Pts',(7.57480232778712,-36.2502497600695,-6.48268682536498));
#7886=CARTESIAN_POINT('Ctrl Pts',(7.57447165482674,-36.5709230207316,-6.47497288189146));
#7887=CARTESIAN_POINT('Ctrl Pts',(7.58970551389308,-36.891564935543,-6.46725893841793));
#7888=CARTESIAN_POINT('Ctrl Pts',(7.62073568581261,-37.2106707130057,-6.4595449949444));
#7889=CARTESIAN_POINT('Ctrl Pts',(7.7806419862311,-38.85510324946,-6.41979309909));
#7890=CARTESIAN_POINT('Ctrl Pts',(8.36003529411017,-40.4587421104903,-6.38004120323561));
#7891=CARTESIAN_POINT('Ctrl Pts',(9.28811724240707,-41.8256363308651,-6.34028930738121));
#7892=CARTESIAN_POINT('Ctrl Pts',(10.216199190704,-43.1925305512399,-6.30053741152681));
#7893=CARTESIAN_POINT('Ctrl Pts',(11.4929697794187,-44.3226801309591,-6.26078551567241));
#7894=CARTESIAN_POINT('Ctrl Pts',(12.9624113517451,-45.077972155375,-6.22103361981801));
#7895=CARTESIAN_POINT('Ctrl Pts',(14.4318529240716,-45.8332641797909,-6.18128172396362));
#7896=CARTESIAN_POINT('Ctrl Pts',(16.0939654800097,-46.2136986489033,-6.14152982810922));
#7897=CARTESIAN_POINT('Ctrl Pts',(17.7456501688643,-46.1728161823938,-6.10177793225482));
#7898=CARTESIAN_POINT('Ctrl Pts',(19.155268911617,-46.1379253273591,-6.06785195483648));
#7899=CARTESIAN_POINT('Ctrl Pts',(20.5572923613647,-45.7961619788065,-6.03392597741813));
#7900=CARTESIAN_POINT('Ctrl Pts',(21.8270472619803,-45.1825984823332,-5.99999999999978));
#7901=CARTESIAN_POINT('',(13.1733398595501,-45.1822806174596,-5.99999999999978));
#7902=CARTESIAN_POINT('Origin',(17.4999999999997,-36.25,-5.99999999999978));
#7903=CARTESIAN_POINT('Ctrl Pts',(13.1733398595501,-45.1822806174596,-5.99999999999978));
#7904=CARTESIAN_POINT('Ctrl Pts',(11.686004805422,-44.46183826127,-6.03975189585418));
#7905=CARTESIAN_POINT('Ctrl Pts',(10.3828916157017,-43.3629889129494,-6.07950379170858));
#7906=CARTESIAN_POINT('Ctrl Pts',(9.42267416235973,-42.0187246295809,-6.11925568756297));
#7907=CARTESIAN_POINT('Ctrl Pts',(8.4624567090178,-40.6744603462124,-6.15900758341737));
#7908=CARTESIAN_POINT('Ctrl Pts',(7.84513499205429,-39.0847811277959,-6.19875947927177));
#7909=CARTESIAN_POINT('Ctrl Pts',(7.646270375752,-37.44454393651,-6.23851137512617));
#7910=CARTESIAN_POINT('Ctrl Pts',(7.59824198461116,-37.0484053229565,-6.2481119749623));
#7911=CARTESIAN_POINT('Ctrl Pts',(7.57462158175348,-36.6493177370771,-6.25771257479844));
#7912=CARTESIAN_POINT('Ctrl Pts',(7.57503008967529,-36.2501883824297,-6.26731317463458));
#7913=CARTESIAN_POINT('Origin',(17.4999999999997,-36.25,-5.99999999999978));
#7914=CARTESIAN_POINT('',(7.57498048004897,-36.2497410114731,-7.98268682536498));
#7915=CARTESIAN_POINT('',(7.57473140343912,-36.2497585656927,-7.76731317463458));
#7916=CARTESIAN_POINT('',(7.57499999999972,-36.25,-5.99999999999978));
#7917=CARTESIAN_POINT('Ctrl Pts',(7.57498048004897,-36.2497410114731,-7.98268682536498));
#7918=CARTESIAN_POINT('Ctrl Pts',(7.57629881632475,-37.5256583638553,-7.95199563214422));
#7919=CARTESIAN_POINT('Ctrl Pts',(7.82338650079495,-38.8020714877585,-7.92130443892346));
#7920=CARTESIAN_POINT('Ctrl Pts',(8.3032513699257,-39.9839746766758,-7.89061324570271));
#7921=CARTESIAN_POINT('Ctrl Pts',(8.92478270514169,-41.5148011954716,-7.85086134984831));
#7922=CARTESIAN_POINT('Ctrl Pts',(9.9368208004531,-42.8870779467635,-7.81110945399391));
#7923=CARTESIAN_POINT('Ctrl Pts',(11.2156990689769,-43.9331187713699,-7.77135755813951));
#7924=CARTESIAN_POINT('Ctrl Pts',(12.4945773375008,-44.9791595959763,-7.73160566228512));
#7925=CARTESIAN_POINT('Ctrl Pts',(14.040295779237,-45.6989644938973,-7.69185376643072));
#7926=CARTESIAN_POINT('Ctrl Pts',(15.6639744246975,-46.0045764822112,-7.65210187057632));
#7927=CARTESIAN_POINT('Ctrl Pts',(17.287653070158,-46.3101884705252,-7.61234997472192));
#7928=CARTESIAN_POINT('Ctrl Pts',(18.9892919193427,-46.2016075492322,-7.57259807886753));
#7929=CARTESIAN_POINT('Ctrl Pts',(20.5609582183957,-45.6921018324028,-7.53284618301313));
#7930=CARTESIAN_POINT('Ctrl Pts',(22.1326245174488,-45.1825961155734,-7.49309428715873));
#7931=CARTESIAN_POINT('Ctrl Pts',(23.5743182663703,-44.2721656032077,-7.45334239130433));
#7932=CARTESIAN_POINT('Ctrl Pts',(24.7098708527749,-43.0720608742815,-7.41359049544994));
#7933=CARTESIAN_POINT('Ctrl Pts',(25.8454234391795,-41.8719561453552,-7.37383859959554));
#7934=CARTESIAN_POINT('Ctrl Pts',(26.6748348630672,-40.3821771998684,-7.33408670374114));
#7935=CARTESIAN_POINT('Ctrl Pts',(27.0967547132552,-38.784768468156,-7.29433480788674));
#7936=CARTESIAN_POINT('Ctrl Pts',(27.5186745634431,-37.1873597364437,-7.25458291203235));
#7937=CARTESIAN_POINT('Ctrl Pts',(27.5331028399313,-35.4823212185058,-7.21483101617795));
#7938=CARTESIAN_POINT('Ctrl Pts',(27.1382764650244,-33.878001050923,-7.17507912032355));
#7939=CARTESIAN_POINT('Ctrl Pts',(26.7434500901175,-32.2736808833402,-7.13532722446915));
#7940=CARTESIAN_POINT('Ctrl Pts',(25.9393690638155,-30.7700790661125,-7.09557532861476));
#7941=CARTESIAN_POINT('Ctrl Pts',(24.8242885498366,-29.550929190209,-7.05582343276036));
#7942=CARTESIAN_POINT('Ctrl Pts',(23.7092080358578,-28.3317793143055,-7.01607153690596));
#7943=CARTESIAN_POINT('Ctrl Pts',(22.2831280342021,-27.3970813797262,-6.97631964105157));
#7944=CARTESIAN_POINT('Ctrl Pts',(20.7203091994196,-26.8610511675702,-6.93656774519717));
#7945=CARTESIAN_POINT('Ctrl Pts',(19.1574903646372,-26.3250209554142,-6.89681584934277));
#7946=CARTESIAN_POINT('Ctrl Pts',(17.457932696728,-26.1876584656816,-6.85706395348837));
#7947=CARTESIAN_POINT('Ctrl Pts',(15.8293146913988,-26.465749157969,-6.81731205763397));
#7948=CARTESIAN_POINT('Ctrl Pts',(14.2006966860696,-26.7438398502564,-6.77756016177958));
#7949=CARTESIAN_POINT('Ctrl Pts',(12.6430183433204,-27.4373837245638,-6.73780826592518));
#7950=CARTESIAN_POINT('Ctrl Pts',(11.3466209717637,-28.4616320207049,-6.69805637007078));
#7951=CARTESIAN_POINT('Ctrl Pts',(10.0502236002069,-29.4858803168459,-6.65830447421639));
#7952=CARTESIAN_POINT('Ctrl Pts',(9.0151071998426,-30.8408330348206,-6.61855257836199));
#7953=CARTESIAN_POINT('Ctrl Pts',(8.3677586461394,-32.360922499747,-6.57880068250759));
#7954=CARTESIAN_POINT('Ctrl Pts',(7.84602951368912,-33.5860352357623,-6.54676273012672));
#7955=CARTESIAN_POINT('Ctrl Pts',(7.57617569597352,-34.9184128480969,-6.51472477774585));
#7956=CARTESIAN_POINT('Ctrl Pts',(7.57480232778712,-36.2502497600695,-6.48268682536498));
#7957=CARTESIAN_POINT('Ctrl Pts',(7.57503008967529,-36.2501883824297,-6.26731317463458));
#7958=CARTESIAN_POINT('Ctrl Pts',(7.5763130348544,-34.9966971915718,-6.29746447065284));
#7959=CARTESIAN_POINT('Ctrl Pts',(7.81459651020573,-33.7427940294748,-6.32761576667109));
#7960=CARTESIAN_POINT('Ctrl Pts',(8.27813827820749,-32.5785319179341,-6.35776706268935));
#7961=CARTESIAN_POINT('Ctrl Pts',(8.88927831260634,-31.0435522547993,-6.39751895854375));
#7962=CARTESIAN_POINT('Ctrl Pts',(9.89196589704511,-29.6643880926849,-6.43727085439815));
#7963=CARTESIAN_POINT('Ctrl Pts',(11.1637135054721,-28.609681212543,-6.47702275025255));
#7964=CARTESIAN_POINT('Ctrl Pts',(12.4354611138992,-27.554974332401,-6.51677464610695));
#7965=CARTESIAN_POINT('Ctrl Pts',(13.9762687463145,-26.8247247342314,-6.55652654196134));
#7966=CARTESIAN_POINT('Ctrl Pts',(15.597838740483,-26.5081105325443,-6.59627843781574));
#7967=CARTESIAN_POINT('Ctrl Pts',(17.2194087346515,-26.1914963308572,-6.63603033367013));
#7968=CARTESIAN_POINT('Ctrl Pts',(18.9217410905733,-26.2885175256526,-6.67578222952454));
#7969=CARTESIAN_POINT('Ctrl Pts',(20.4968269411276,-26.7873453537848,-6.71553412537893));
#7970=CARTESIAN_POINT('Ctrl Pts',(22.071912791682,-27.2861731819169,-6.75528602123333));
#7971=CARTESIAN_POINT('Ctrl Pts',(23.5197521368689,-28.1868076433858,-6.79503791708772));
#7972=CARTESIAN_POINT('Ctrl Pts',(24.6634212080844,-29.3791821660616,-6.83478981294212));
#7973=CARTESIAN_POINT('Ctrl Pts',(25.8070902793,-30.5715566887374,-6.87454170879652));
#7974=CARTESIAN_POINT('Ctrl Pts',(26.6465890765441,-32.0556712726201,-6.91429360465092));
#7975=CARTESIAN_POINT('Ctrl Pts',(27.0793365900344,-33.6501799915173,-6.95404550050532));
#7976=CARTESIAN_POINT('Ctrl Pts',(27.5120841035247,-35.2446887104146,-6.99379739635971));
#7977=CARTESIAN_POINT('Ctrl Pts',(27.5380803332613,-36.9495915643263,-7.03354929221411));
#7978=CARTESIAN_POINT('Ctrl Pts',(27.154147665308,-38.556553879922,-7.07330118806851));
#7979=CARTESIAN_POINT('Ctrl Pts',(26.7702149973546,-40.1635161955176,-7.1130530839229));
#7980=CARTESIAN_POINT('Ctrl Pts',(25.9763534317112,-41.6725379727971,-7.1528049797773));
#7981=CARTESIAN_POINT('Ctrl Pts',(24.8695698274055,-42.8992249052064,-7.1925568756317));
#7982=CARTESIAN_POINT('Ctrl Pts',(23.7627862230998,-44.1259118376158,-7.2323087714861));
#7983=CARTESIAN_POINT('Ctrl Pts',(22.3430805801316,-45.070263925155,-7.27206066734049));
#7984=CARTESIAN_POINT('Ctrl Pts',(20.7839344265103,-45.6168847872038,-7.31181256319489));
#7985=CARTESIAN_POINT('Ctrl Pts',(19.224788272889,-46.1635056492526,-7.35156445904929));
#7986=CARTESIAN_POINT('Ctrl Pts',(17.5262016086145,-46.312395285811,-7.39131635490369));
#7987=CARTESIAN_POINT('Ctrl Pts',(15.8957343381353,-46.0453603927807,-7.43106825075809));
#7988=CARTESIAN_POINT('Ctrl Pts',(14.265267067656,-45.7783254997504,-7.47082014661248));
#7989=CARTESIAN_POINT('Ctrl Pts',(12.7029191909719,-45.0953660771313,-7.51057204246688));
#7990=CARTESIAN_POINT('Ctrl Pts',(11.3996026656684,-44.0799365800076,-7.55032393832128));
#7991=CARTESIAN_POINT('Ctrl Pts',(10.0962861403648,-43.0645070828838,-7.59007583417568));
#7992=CARTESIAN_POINT('Ctrl Pts',(9.0520009664417,-41.7166075112554,-7.62982773003007));
#7993=CARTESIAN_POINT('Ctrl Pts',(8.39435420834445,-40.2009453248247,-7.66957962588447));
#7994=CARTESIAN_POINT('Ctrl Pts',(7.85539331845994,-38.9588155177434,-7.70215747546784));
#7995=CARTESIAN_POINT('Ctrl Pts',(7.57610981913033,-37.6040115524272,-7.73473532505121));
#7996=CARTESIAN_POINT('Ctrl Pts',(7.57473140343912,-36.2497585656927,-7.76731317463458));
#7997=CARTESIAN_POINT('Origin',(17.4999999999997,-36.25,-5.99999999999978));
#7998=CARTESIAN_POINT('',(7.5755527232689,-36.2502033710758,-9.48268682536498));
#7999=CARTESIAN_POINT('',(7.57570709283336,-36.2501494624511,-9.26731317463458));
#8000=CARTESIAN_POINT('',(7.57499999999972,-36.25,-5.99999999999978));
#8001=CARTESIAN_POINT('Ctrl Pts',(7.5755527232689,-36.2502033710758,-9.48268682536498));
#8002=CARTESIAN_POINT('Ctrl Pts',(7.57512523456444,-36.8288483100814,-9.46877027825139));
#8003=CARTESIAN_POINT('Ctrl Pts',(7.62489571363969,-37.4074205361757,-9.45485373113779));
#8004=CARTESIAN_POINT('Ctrl Pts',(7.72553301653814,-37.9770053385623,-9.4409371840242));
#8005=CARTESIAN_POINT('Ctrl Pts',(8.01299825854341,-39.6039948180577,-9.40118528816981));
#8006=CARTESIAN_POINT('Ctrl Pts',(8.71550098688737,-41.1576532447374,-9.36143339231541));
#8007=CARTESIAN_POINT('Ctrl Pts',(9.74719846975255,-42.448130418344,-9.32168149646101));
#8008=CARTESIAN_POINT('Ctrl Pts',(10.7788959526177,-43.7386075919505,-9.28192960060662));
#8009=CARTESIAN_POINT('Ctrl Pts',(12.1397881900042,-44.7659035124839,-9.24217770475222));
#8010=CARTESIAN_POINT('Ctrl Pts',(13.6635801589134,-45.4044871540202,-9.20242580889783));
#8011=CARTESIAN_POINT('Ctrl Pts',(15.1873721278227,-46.0430707955566,-9.16267391304343));
#8012=CARTESIAN_POINT('Ctrl Pts',(16.8740638282547,-46.2929421580958,-9.12292201718902));
#8013=CARTESIAN_POINT('Ctrl Pts',(18.5175489812486,-46.1235680643303,-9.08317012133462));
#8014=CARTESIAN_POINT('Ctrl Pts',(20.1610341342424,-45.9541939705649,-9.04341822548023));
#8015=CARTESIAN_POINT('Ctrl Pts',(21.761312739798,-45.3655744204948,-9.00366632962583));
#8016=CARTESIAN_POINT('Ctrl Pts',(23.1228378176301,-44.4296361243533,-8.96391443377144));
#8017=CARTESIAN_POINT('Ctrl Pts',(24.4843628954621,-43.4936978282119,-8.92416253791704));
#8018=CARTESIAN_POINT('Ctrl Pts',(25.6071344455706,-42.2104407859992,-8.88441064206264));
#8019=CARTESIAN_POINT('Ctrl Pts',(26.3539547416271,-40.7366733426251,-8.84465874620824));
#8020=CARTESIAN_POINT('Ctrl Pts',(27.1007750376835,-39.262905899251,-8.80490685035385));
#8021=CARTESIAN_POINT('Ctrl Pts',(27.4716440796878,-37.5986280547155,-8.76515495449945));
#8022=CARTESIAN_POINT('Ctrl Pts',(27.4212433081137,-35.947207213751,-8.72540305864505));
#8023=CARTESIAN_POINT('Ctrl Pts',(27.3708425365397,-34.2957863727866,-8.68565116279065));
#8024=CARTESIAN_POINT('Ctrl Pts',(26.8991719513872,-32.6572225353931,-8.64589926693625));
#8025=CARTESIAN_POINT('Ctrl Pts',(26.0638676157108,-31.2317409681479,-8.60614737108185));
#8026=CARTESIAN_POINT('Ctrl Pts',(25.2285632800343,-29.8062594009027,-8.56639547522746));
#8027=CARTESIAN_POINT('Ctrl Pts',(24.0296251938339,-28.5938601038058,-8.52664357937306));
#8028=CARTESIAN_POINT('Ctrl Pts',(22.6135582978711,-27.7426929181716,-8.48689168351867));
#8029=CARTESIAN_POINT('Ctrl Pts',(21.1974914019083,-26.8915257325374,-8.44713978766427));
#8030=CARTESIAN_POINT('Ctrl Pts',(19.5642956961832,-26.4015906583658,-8.40738789180987));
#8031=CARTESIAN_POINT('Ctrl Pts',(17.9135404852867,-26.3327555986005,-8.36763599595547));
#8032=CARTESIAN_POINT('Ctrl Pts',(16.2627852743903,-26.2639205388351,-8.32788410010108));
#8033=CARTESIAN_POINT('Ctrl Pts',(14.5944705583225,-26.616185493476,-8.28813220424668));
#8034=CARTESIAN_POINT('Ctrl Pts',(13.1124570296995,-27.3465052403985,-8.24838030839228));
#8035=CARTESIAN_POINT('Ctrl Pts',(11.6304435010765,-28.076824987321,-8.20862841253789));
#8036=CARTESIAN_POINT('Ctrl Pts',(10.3347311598983,-29.1851995265251,-8.16887651668349));
#8037=CARTESIAN_POINT('Ctrl Pts',(9.38365033360063,-30.5361903827191,-8.12912462082909));
#8038=CARTESIAN_POINT('Ctrl Pts',(8.43256950730293,-31.887181238913,-8.08937272497469));
#8039=CARTESIAN_POINT('Ctrl Pts',(7.82612019588573,-33.4807884120968,-8.0496208291203));
#8040=CARTESIAN_POINT('Ctrl Pts',(7.63840782773743,-35.1222801418386,-8.0098689332659));
#8041=CARTESIAN_POINT('Ctrl Pts',(7.59562229733964,-35.4964275408267,-8.00080823063226));
#8042=CARTESIAN_POINT('Ctrl Pts',(7.57459127872727,-35.8730626714724,-7.99174752799862));
#8043=CARTESIAN_POINT('Ctrl Pts',(7.57498048004897,-36.2497410114731,-7.98268682536498));
#8044=CARTESIAN_POINT('Ctrl Pts',(7.57473140343912,-36.2497585656927,-7.76731317463458));
#8045=CARTESIAN_POINT('Ctrl Pts',(7.57442785921886,-35.9515352724502,-7.77448722090561));
#8046=CARTESIAN_POINT('Ctrl Pts',(7.58760090483321,-35.6533386980869,-7.78166126717664));
#8047=CARTESIAN_POINT('Ctrl Pts',(7.61444519143779,-35.3563779590623,-7.78883531344767));
#8048=CARTESIAN_POINT('Ctrl Pts',(7.76319127489978,-33.7108975809632,-7.82858720930206));
#8049=CARTESIAN_POINT('Ctrl Pts',(8.33169178409516,-32.103361625998,-7.86833910515646));
#8050=CARTESIAN_POINT('Ctrl Pts',(9.25047847307577,-30.7302039101175,-7.90809100101086));
#8051=CARTESIAN_POINT('Ctrl Pts',(10.1692651620564,-29.3570461942368,-7.94784289686525));
#8052=CARTESIAN_POINT('Ctrl Pts',(11.4383380308222,-28.2182667174408,-7.98759479271965));
#8053=CARTESIAN_POINT('Ctrl Pts',(12.9026219747647,-27.4530192944975,-8.02734668857405));
#8054=CARTESIAN_POINT('Ctrl Pts',(14.3669059187072,-26.6877718715541,-8.06709858442845));
#8055=CARTESIAN_POINT('Ctrl Pts',(16.0264009378264,-26.2960565024634,-8.10685048028284));
#8056=CARTESIAN_POINT('Ctrl Pts',(17.6783240690334,-26.3257390805118,-8.14660237613724));
#8057=CARTESIAN_POINT('Ctrl Pts',(19.3302472002405,-26.3554216585602,-8.18635427199164));
#8058=CARTESIAN_POINT('Ctrl Pts',(20.9745984435353,-26.8065021837477,-8.22610616784603));
#8059=CARTESIAN_POINT('Ctrl Pts',(22.4104453361598,-27.6238606051926,-8.26585806370043));
#8060=CARTESIAN_POINT('Ctrl Pts',(23.8462922287843,-28.4412190266375,-8.30560995955483));
#8061=CARTESIAN_POINT('Ctrl Pts',(25.0736347707384,-29.6248553443397,-8.34536185540922));
#8062=CARTESIAN_POINT('Ctrl Pts',(25.9424971225284,-31.0301344271841,-8.38511375126362));
#8063=CARTESIAN_POINT('Ctrl Pts',(26.8113594743184,-32.4354135100285,-8.42486564711802));
#8064=CARTESIAN_POINT('Ctrl Pts',(27.3217416359443,-34.0623353580151,-8.46461754297242));
#8065=CARTESIAN_POINT('Ctrl Pts',(27.4112771604484,-35.7120973037342,-8.50436943882681));
#8066=CARTESIAN_POINT('Ctrl Pts',(27.5008126849525,-37.3618592494533,-8.54412133468121));
#8067=CARTESIAN_POINT('Ctrl Pts',(27.1695015723347,-39.034461292905,-8.58387323053561));
#8068=CARTESIAN_POINT('Ctrl Pts',(26.4578285778842,-40.5255188492623,-8.62362512639001));
#8069=CARTESIAN_POINT('Ctrl Pts',(25.7461555834337,-42.0165764056196,-8.66337702224441));
#8070=CARTESIAN_POINT('Ctrl Pts',(24.6541207071504,-43.3260894748826,-8.7031289180988));
#8071=CARTESIAN_POINT('Ctrl Pts',(23.315165789485,-44.2940413414306,-8.7428808139532));
#8072=CARTESIAN_POINT('Ctrl Pts',(21.9762108718195,-45.2619932079786,-8.7826327098076));
#8073=CARTESIAN_POINT('Ctrl Pts',(20.3903359127719,-45.8883838718116,-8.822384605662));
#8074=CARTESIAN_POINT('Ctrl Pts',(18.7513278306367,-46.0966711594175,-8.8621365015164));
#8075=CARTESIAN_POINT('Ctrl Pts',(17.1123197485015,-46.3049584470235,-8.90188839737079));
#8076=CARTESIAN_POINT('Ctrl Pts',(15.4201785432786,-46.0951423584022,-8.94164029322519));
#8077=CARTESIAN_POINT('Ctrl Pts',(13.8816763993453,-45.4928614932049,-8.98139218907959));
#8078=CARTESIAN_POINT('Ctrl Pts',(12.3431742554119,-44.8905806280075,-9.02114408493398));
#8079=CARTESIAN_POINT('Ctrl Pts',(10.958311172768,-43.8958349862341,-9.06089598078838));
#8080=CARTESIAN_POINT('Ctrl Pts',(9.89631130587454,-42.6301780934697,-9.10064787664278));
#8081=CARTESIAN_POINT('Ctrl Pts',(8.83431143898111,-41.3645212007053,-9.14039977249718));
#8082=CARTESIAN_POINT('Ctrl Pts',(8.09517478783813,-39.82795305695,-9.18015166835158));
#8083=CARTESIAN_POINT('Ctrl Pts',(7.76922058788618,-38.2082355053352,-9.21990356420597));
#8084=CARTESIAN_POINT('Ctrl Pts',(7.63963882995869,-37.5643234228549,-9.23570676768217));
#8085=CARTESIAN_POINT('Ctrl Pts',(7.57535756198015,-36.9072701794745,-9.25150997115838));
#8086=CARTESIAN_POINT('Ctrl Pts',(7.57570709283336,-36.2501494624511,-9.26731317463458));
#8087=CARTESIAN_POINT('Origin',(17.4999999999997,-36.25,-5.99999999999978));
#8088=CARTESIAN_POINT('',(7.57425738523145,-36.2498787971711,-10.982686825365));
#8089=CARTESIAN_POINT('',(7.57415238942077,-36.2499570658554,-10.7673131746346));
#8090=CARTESIAN_POINT('',(7.57499999999972,-36.25,-5.99999999999978));
#8091=CARTESIAN_POINT('Ctrl Pts',(7.57425738523145,-36.2498787971711,-10.982686825365));
#8092=CARTESIAN_POINT('Ctrl Pts',(7.57519536107244,-37.7833327170336,-10.9457930285042));
#8093=CARTESIAN_POINT('Ctrl Pts',(7.93619989554901,-39.3172129221615,-10.9088992316433));
#8094=CARTESIAN_POINT('Ctrl Pts',(8.62192086080674,-40.6887456616064,-10.8720054347825));
#8095=CARTESIAN_POINT('Ctrl Pts',(9.36076344995343,-42.1665286836407,-10.8322535389281));
#8096=CARTESIAN_POINT('Ctrl Pts',(10.4765816486839,-43.455836380626,-10.7925016430737));
#8097=CARTESIAN_POINT('Ctrl Pts',(11.8330273995087,-44.3991210443512,-10.7527497472193));
#8098=CARTESIAN_POINT('Ctrl Pts',(13.1894731503336,-45.3424057080765,-10.7129978513649));
#8099=CARTESIAN_POINT('Ctrl Pts',(14.7865464532529,-45.9396673385416,-10.6732459555105));
#8100=CARTESIAN_POINT('Ctrl Pts',(16.4290920018118,-46.1179232014452,-10.6334940596561));
#8101=CARTESIAN_POINT('Ctrl Pts',(18.0716375503707,-46.2961790643487,-10.5937421638017));
#8102=CARTESIAN_POINT('Ctrl Pts',(19.7596553445691,-46.0554291596907,-10.5539902679473));
#8103=CARTESIAN_POINT('Ctrl Pts',(21.2868770626426,-45.4250920628968,-10.5142383720929));
#8104=CARTESIAN_POINT('Ctrl Pts',(22.8140987807162,-44.7947549661029,-10.4744864762385));
#8105=CARTESIAN_POINT('Ctrl Pts',(24.1805244226648,-43.7748306771733,-10.4347345803841));
#8106=CARTESIAN_POINT('Ctrl Pts',(25.2191828078829,-42.4899494411961,-10.3949826845297));
#8107=CARTESIAN_POINT('Ctrl Pts',(26.257841193101,-41.205068205219,-10.3552307886753));
#8108=CARTESIAN_POINT('Ctrl Pts',(26.9687323215885,-39.6552300221943,-10.3154788928209));
#8109=CARTESIAN_POINT('Ctrl Pts',(27.2649884360656,-38.0298182754714,-10.2757269969665));
#8110=CARTESIAN_POINT('Ctrl Pts',(27.5612445505428,-36.4044065287484,-10.2359751011121));
#8111=CARTESIAN_POINT('Ctrl Pts',(27.4428656510096,-34.7034212183272,-10.1962232052578));
#8112=CARTESIAN_POINT('Ctrl Pts',(26.92431711634,-33.1347152392023,-10.1564713094034));
#8113=CARTESIAN_POINT('Ctrl Pts',(26.4057685816704,-31.5660092600775,-10.116719413549));
#8114=CARTESIAN_POINT('Ctrl Pts',(25.4870504118644,-30.129582612249,-10.0769675176946));
#8115=CARTESIAN_POINT('Ctrl Pts',(24.2804259110837,-29.000960290183,-10.0372156218402));
#8116=CARTESIAN_POINT('Ctrl Pts',(23.0738014103029,-27.872337968117,-9.99746372598577));
#8117=CARTESIAN_POINT('Ctrl Pts',(21.5792705785475,-27.0515199718134,-9.95771183013137));
#8118=CARTESIAN_POINT('Ctrl Pts',(19.9794584850263,-26.6388066364664,-9.91795993427697));
#8119=CARTESIAN_POINT('Ctrl Pts',(18.379646391505,-26.2260933011193,-9.87820803842258));
#8120=CARTESIAN_POINT('Ctrl Pts',(16.6745530362181,-26.2214846267288,-9.83845614256818));
#8121=CARTESIAN_POINT('Ctrl Pts',(15.0725332991054,-26.6255437729578,-9.79870424671378));
#8122=CARTESIAN_POINT('Ctrl Pts',(13.4705135619926,-27.0296029191867,-9.75895235085938));
#8123=CARTESIAN_POINT('Ctrl Pts',(11.9715674430541,-27.8423298860352,-9.71920045500499));
#8124=CARTESIAN_POINT('Ctrl Pts',(10.7588595400989,-28.9644130263862,-9.67944855915059));
#8125=CARTESIAN_POINT('Ctrl Pts',(9.54615163714367,-30.0864961667372,-9.63969666329619));
#8126=CARTESIAN_POINT('Ctrl Pts',(8.6196819501717,-31.5179354805908,-9.5999447674418));
#8127=CARTESIAN_POINT('Ctrl Pts',(8.092660984519,-33.0838154036732,-9.5601928715874));
#8128=CARTESIAN_POINT('Ctrl Pts',(7.75014221532054,-34.1015040705795,-9.53435752284659));
#8129=CARTESIAN_POINT('Ctrl Pts',(7.57634633390179,-35.1759790197125,-9.50852217410579));
#8130=CARTESIAN_POINT('Ctrl Pts',(7.5755527232689,-36.2502033710758,-9.48268682536498));
#8131=CARTESIAN_POINT('Ctrl Pts',(7.57570709283336,-36.2501494624511,-9.26731317463458));
#8132=CARTESIAN_POINT('Ctrl Pts',(7.57623678334154,-35.2543271957169,-9.29126186701277));
#8133=CARTESIAN_POINT('Ctrl Pts',(7.72519346062006,-34.2583499733004,-9.31521055939097));
#8134=CARTESIAN_POINT('Ctrl Pts',(8.02024643442039,-33.3077174511172,-9.33915925176916));
#8135=CARTESIAN_POINT('Ctrl Pts',(8.50999822966746,-31.7297839079882,-9.37891114762356));
#8136=CARTESIAN_POINT('Ctrl Pts',(9.40227356892251,-30.2767837812045,-9.41866304347796));
#8137=CARTESIAN_POINT('Ctrl Pts',(10.5880403451702,-29.1262672711861,-9.45841493933236));
#8138=CARTESIAN_POINT('Ctrl Pts',(11.7738071214179,-27.9757507611676,-9.49816683518675));
#8139=CARTESIAN_POINT('Ctrl Pts',(13.2530653346582,-27.1277178679144,-9.53791873104115));
#8140=CARTESIAN_POINT('Ctrl Pts',(14.8450561622356,-26.6857944668734,-9.57767062689555));
#8141=CARTESIAN_POINT('Ctrl Pts',(16.437046989813,-26.2438710658324,-9.61742252274995));
#8142=CARTESIAN_POINT('Ctrl Pts',(18.1417704317274,-26.2080571570035,-9.65717441860434));
#8143=CARTESIAN_POINT('Ctrl Pts',(19.7509168098197,-26.5827290419251,-9.69692631445874));
#8144=CARTESIAN_POINT('Ctrl Pts',(21.360063187912,-26.9574009268467,-9.73667821031314));
#8145=CARTESIAN_POINT('Ctrl Pts',(22.8736325021822,-27.7425586055186,-9.77643010616753));
#8146=CARTESIAN_POINT('Ctrl Pts',(24.1066732649139,-28.8422592761195,-9.81618200202193));
#8147=CARTESIAN_POINT('Ctrl Pts',(25.3397140276456,-29.9419599467204,-9.85593389787633));
#8148=CARTESIAN_POINT('Ctrl Pts',(26.2922262388389,-31.3562036092502,-9.89568579373073));
#8149=CARTESIAN_POINT('Ctrl Pts',(26.847817111677,-32.9121759321073,-9.93543768958512));
#8150=CARTESIAN_POINT('Ctrl Pts',(27.403407984515,-34.4681482549644,-9.97518958543952));
#8151=CARTESIAN_POINT('Ctrl Pts',(27.5620775189979,-36.1658492381487,-10.0149414812939));
#8152=CARTESIAN_POINT('Ctrl Pts',(27.304436998546,-37.7978273169535,-10.0546933771483));
#8153=CARTESIAN_POINT('Ctrl Pts',(27.0467964780941,-39.4298053957583,-10.0944452730027));
#8154=CARTESIAN_POINT('Ctrl Pts',(26.3728459027074,-40.9960605701836,-10.1341971688571));
#8155=CARTESIAN_POINT('Ctrl Pts',(25.3649390571713,-42.3052033730129,-10.1739490647115));
#8156=CARTESIAN_POINT('Ctrl Pts',(24.3570322116352,-43.6143461758422,-10.2137009605659));
#8157=CARTESIAN_POINT('Ctrl Pts',(23.0151690959497,-44.6663766070754,-10.2534528564203));
#8158=CARTESIAN_POINT('Ctrl Pts',(21.5033194584559,-45.3327411927852,-10.2932047522747));
#8159=CARTESIAN_POINT('Ctrl Pts',(19.9914698209621,-45.9991057784949,-10.3329566481291));
#8160=CARTESIAN_POINT('Ctrl Pts',(18.3096336616601,-46.279804518681,-10.3727085439835));
#8161=CARTESIAN_POINT('Ctrl Pts',(16.6633239338221,-46.1405372665925,-10.4124604398379));
#8162=CARTESIAN_POINT('Ctrl Pts',(15.0170142059842,-46.001270014504,-10.4522123356923));
#8163=CARTESIAN_POINT('Ctrl Pts',(13.4062309096103,-45.4420367701408,-10.4919642315467));
#8164=CARTESIAN_POINT('Ctrl Pts',(12.0278046518252,-44.5311733669201,-10.5317161274011));
#8165=CARTESIAN_POINT('Ctrl Pts',(10.6493783940401,-43.6203099636994,-10.5714680232555));
#8166=CARTESIAN_POINT('Ctrl Pts',(9.50330917484377,-42.3578164016213,-10.6112199191099));
#8167=CARTESIAN_POINT('Ctrl Pts',(8.72964159286661,-40.8979638199968,-10.6509718149643));
#8168=CARTESIAN_POINT('Ctrl Pts',(7.97488062289306,-39.4737865942825,-10.6897522681877));
#8169=CARTESIAN_POINT('Ctrl Pts',(7.57454245142829,-37.8617784649747,-10.7285327214111));
#8170=CARTESIAN_POINT('Ctrl Pts',(7.57415238942077,-36.2499570658554,-10.7673131746346));
#8171=CARTESIAN_POINT('Origin',(17.4999999999997,-36.25,-5.99999999999978));
#8172=CARTESIAN_POINT('',(7.57584875561475,-36.2499905130906,-12.482686825365));
#8173=CARTESIAN_POINT('',(7.57580969286552,-36.2499182632557,-12.2673131746346));
#8174=CARTESIAN_POINT('',(7.57499999999972,-36.25,-5.99999999999978));
#8175=CARTESIAN_POINT('Ctrl Pts',(7.57584875561475,-36.2499905130906,-12.482686825365));
#8176=CARTESIAN_POINT('Ctrl Pts',(7.57587650978459,-37.0866088745088,-12.4625676746113));
#8177=CARTESIAN_POINT('Ctrl Pts',(7.68051551610576,-37.9232340533712,-12.4424485238577));
#8178=CARTESIAN_POINT('Ctrl Pts',(7.88968322051286,-38.7328539320947,-12.422329373104));
#8179=CARTESIAN_POINT('Ctrl Pts',(8.30296173825464,-40.3325201155602,-12.3825774772496));
#8180=CARTESIAN_POINT('Ctrl Pts',(9.1243076959733,-41.8267608618468,-12.3428255813952));
#8181=CARTESIAN_POINT('Ctrl Pts',(10.2533562439204,-43.0329865489089,-12.3030736855408));
#8182=CARTESIAN_POINT('Ctrl Pts',(11.3824047918675,-44.2392122359711,-12.2633217896864));
#8183=CARTESIAN_POINT('Ctrl Pts',(12.8191559300431,-45.1574228638089,-12.223569893832));
#8184=CARTESIAN_POINT('Ctrl Pts',(14.3880450126935,-45.6754171476484,-12.1838179979776));
#8185=CARTESIAN_POINT('Ctrl Pts',(15.9569340953439,-46.1934114314878,-12.1440661021232));
#8186=CARTESIAN_POINT('Ctrl Pts',(17.6579611224691,-46.3111893713289,-12.1043142062688));
#8187=CARTESIAN_POINT('Ctrl Pts',(19.2832681014773,-46.0143590229188,-12.0645623104144));
#8188=CARTESIAN_POINT('Ctrl Pts',(20.9085750804856,-45.7175286745087,-12.02481041456));
#8189=CARTESIAN_POINT('Ctrl Pts',(22.4581620113768,-45.0060900378474,-11.9850585187056));
#8190=CARTESIAN_POINT('Ctrl Pts',(23.7426762127033,-43.9669777732962,-11.9453066228512));
#8191=CARTESIAN_POINT('Ctrl Pts',(25.0271904140298,-42.9278655087451,-11.9055547269968));
#8192=CARTESIAN_POINT('Ctrl Pts',(26.0466318857915,-41.5610796163041,-11.8658028311424));
#8193=CARTESIAN_POINT('Ctrl Pts',(26.6764293810264,-40.0336352975985,-11.826050935288));
#8194=CARTESIAN_POINT('Ctrl Pts',(27.3062268762613,-38.506190978893,-11.7862990394337));
#8195=CARTESIAN_POINT('Ctrl Pts',(27.5463803949694,-36.8180882339229,-11.7465471435793));
#8196=CARTESIAN_POINT('Ctrl Pts',(27.3675442374549,-35.175605765062,-11.7067952477249));
#8197=CARTESIAN_POINT('Ctrl Pts',(27.1887080799404,-33.533123296201,-11.6670433518705));
#8198=CARTESIAN_POINT('Ctrl Pts',(26.5908822462032,-31.9362611034492,-11.6272914560161));
#8199=CARTESIAN_POINT('Ctrl Pts',(25.6471184136939,-30.5801486965311,-11.5875395601617));
#8200=CARTESIAN_POINT('Ctrl Pts',(24.7033545811846,-29.2240362896129,-11.5477876643073));
#8201=CARTESIAN_POINT('Ctrl Pts',(23.4136527499031,-28.1086736685284,-11.5080357684529));
#8202=CARTESIAN_POINT('Ctrl Pts',(21.9356087895312,-27.3703532211898,-11.4682838725985));
#8203=CARTESIAN_POINT('Ctrl Pts',(20.4575648291593,-26.6320327738513,-11.4285319767441));
#8204=CARTESIAN_POINT('Ctrl Pts',(18.791178739697,-26.2707545002587,-11.3887800808897));
#8205=CARTESIAN_POINT('Ctrl Pts',(17.1400755440952,-26.3306650103828,-11.3490281850353));
#8206=CARTESIAN_POINT('Ctrl Pts',(15.4889723484933,-26.3905755205068,-11.3092762891809));
#8207=CARTESIAN_POINT('Ctrl Pts',(13.8531520467519,-26.8716748143475,-11.2695243933265));
#8208=CARTESIAN_POINT('Ctrl Pts',(12.4325046575117,-27.7151746822758,-11.2297724974721));
#8209=CARTESIAN_POINT('Ctrl Pts',(11.0118572682716,-28.5586745502042,-11.1900206016177));
#8210=CARTESIAN_POINT('Ctrl Pts',(9.80638279153275,-29.7645749922203,-11.1502687057633));
#8211=CARTESIAN_POINT('Ctrl Pts',(8.96338488612004,-31.1855202984231,-11.1105168099089));
#8212=CARTESIAN_POINT('Ctrl Pts',(8.12038698070732,-32.606465604626,-11.0707649140545));
#8213=CARTESIAN_POINT('Ctrl Pts',(7.63986564662073,-34.2424557750155,-11.0310130182001));
#8214=CARTESIAN_POINT('Ctrl Pts',(7.58053846935891,-35.893580033752,-10.9912611223457));
#8215=CARTESIAN_POINT('Ctrl Pts',(7.57627293831997,-36.0122932795164,-10.9884030233521));
#8216=CARTESIAN_POINT('Ctrl Pts',(7.57418472185617,-36.1310847592035,-10.9855449243585));
#8217=CARTESIAN_POINT('Ctrl Pts',(7.57425738523145,-36.2498787971711,-10.982686825365));
#8218=CARTESIAN_POINT('Ctrl Pts',(7.57415238942077,-36.2499570658554,-10.7673131746346));
#8219=CARTESIAN_POINT('Ctrl Pts',(7.57414261844515,-36.2095812607666,-10.7682846172655));
#8220=CARTESIAN_POINT('Ctrl Pts',(7.57438381191809,-36.1692055728496,-10.7692560598965));
#8221=CARTESIAN_POINT('Ctrl Pts',(7.57487668543205,-36.1288329574714,-10.7702275025275));
#8222=CARTESIAN_POINT('Ctrl Pts',(7.59504530473264,-34.4767662777416,-10.8099793983819));
#8223=CARTESIAN_POINT('Ctrl Pts',(8.03664848809176,-32.8298445194528,-10.8497312942363));
#8224=CARTESIAN_POINT('Ctrl Pts',(8.84572427620401,-31.3893142502225,-10.8894831900907));
#8225=CARTESIAN_POINT('Ctrl Pts',(9.65480006431627,-29.9487839809922,-10.9292350859451));
#8226=CARTESIAN_POINT('Ctrl Pts',(10.8313484571817,-28.7146452008204,-10.9689869817995));
#8227=CARTESIAN_POINT('Ctrl Pts',(12.2316004357146,-27.8377042198571,-11.0087388776539));
#8228=CARTESIAN_POINT('Ctrl Pts',(13.6318524142475,-26.9607632388938,-11.0484907735082));
#8229=CARTESIAN_POINT('Ctrl Pts',(15.2558079784478,-26.4410200571389,-11.0882426693626));
#8230=CARTESIAN_POINT('Ctrl Pts',(16.9050269282189,-26.3419849967097,-11.127994565217));
#8231=CARTESIAN_POINT('Ctrl Pts',(18.55424587799,-26.2429499362805,-11.1677464610714));
#8232=CARTESIAN_POINT('Ctrl Pts',(20.2287282133317,-26.5646229971769,-11.2074983569258));
#8233=CARTESIAN_POINT('Ctrl Pts',(21.7238595857922,-27.2676971515608,-11.2472502527802));
#8234=CARTESIAN_POINT('Ctrl Pts',(23.2189909582527,-27.9707713059447,-11.2870021486346));
#8235=CARTESIAN_POINT('Ctrl Pts',(24.5347713678319,-29.055246553816,-11.326754044489));
#8236=CARTESIAN_POINT('Ctrl Pts',(25.5104182577184,-30.3886048078997,-11.3665059403434));
#8237=CARTESIAN_POINT('Ctrl Pts',(26.4860651476049,-31.7219630619833,-11.4062578361978));
#8238=CARTESIAN_POINT('Ctrl Pts',(27.1215785177986,-33.3042043222793,-11.4460097320522));
#8239=CARTESIAN_POINT('Ctrl Pts',(27.3393014402867,-34.9419856924571,-11.4857616279066));
#8240=CARTESIAN_POINT('Ctrl Pts',(27.5570243627747,-36.5797670626349,-11.525513523761));
#8241=CARTESIAN_POINT('Ctrl Pts',(27.3569568375569,-38.2730885426945,-11.5652654196154));
#8242=CARTESIAN_POINT('Ctrl Pts',(26.7635462329065,-39.8150337238753,-11.6050173154698));
#8243=CARTESIAN_POINT('Ctrl Pts',(26.1701356282561,-41.3569789050561,-11.6447692113242));
#8244=CARTESIAN_POINT('Ctrl Pts',(25.1833819441729,-42.747547787358,-11.6845211071786));
#8245=CARTESIAN_POINT('Ctrl Pts',(23.9238621242831,-43.8168189927979,-11.724273003033));
#8246=CARTESIAN_POINT('Ctrl Pts',(22.6643423043933,-44.8860901982378,-11.7640248988874));
#8247=CARTESIAN_POINT('Ctrl Pts',(21.1320563486968,-45.6340637268157,-11.8037767947418));
#8248=CARTESIAN_POINT('Ctrl Pts',(19.5142428358573,-45.9693405156814,-11.8435286905962));
#8249=CARTESIAN_POINT('Ctrl Pts',(17.8964293230179,-46.3046173045472,-11.8832805864506));
#8250=CARTESIAN_POINT('Ctrl Pts',(16.1930882530354,-46.2271973537008,-11.923032482305));
#8251=CARTESIAN_POINT('Ctrl Pts',(14.6123603843222,-45.7465410393227,-11.9627843781594));
#8252=CARTESIAN_POINT('Ctrl Pts',(13.031632515609,-45.2658847249445,-12.0025362740138));
#8253=CARTESIAN_POINT('Ctrl Pts',(11.573517848165,-44.3819920470345,-12.0422881698682));
#8254=CARTESIAN_POINT('Ctrl Pts',(10.4161915566997,-43.2028707884011,-12.0820400657226));
#8255=CARTESIAN_POINT('Ctrl Pts',(9.25886526523437,-42.0237495297676,-12.121791961577));
#8256=CARTESIAN_POINT('Ctrl Pts',(8.40232734974768,-40.5493996904107,-12.1615438574314));
#8257=CARTESIAN_POINT('Ctrl Pts',(7.95124296185253,-38.9599803113684,-12.2012957532858));
#8258=CARTESIAN_POINT('Ctrl Pts',(7.70153220416844,-38.0801114263679,-12.223301560402));
#8259=CARTESIAN_POINT('Ctrl Pts',(7.57607247586256,-37.1649795388701,-12.2453073675183));
#8260=CARTESIAN_POINT('Ctrl Pts',(7.57580969286552,-36.2499182632557,-12.2673131746346));
#8261=CARTESIAN_POINT('Origin',(17.4999999999997,-36.25,-5.99999999999978));
#8262=CARTESIAN_POINT('',(7.57429759664396,-36.2501394825783,-13.982686825365));
#8263=CARTESIAN_POINT('',(7.57449094283451,-36.2501999597483,-13.7673131746346));
#8264=CARTESIAN_POINT('',(7.57499999999972,-36.25,-5.99999999999978));
#8265=CARTESIAN_POINT('Ctrl Pts',(7.57429759664396,-36.2501394825783,-13.982686825365));
#8266=CARTESIAN_POINT('Ctrl Pts',(7.57420214187671,-36.389152121425,-13.9793423207185));
#8267=CARTESIAN_POINT('Ctrl Pts',(7.57706185238366,-36.528160829611,-13.975997816072));
#8268=CARTESIAN_POINT('Ctrl Pts',(7.58290232106034,-36.6670441878339,-13.9726533114255));
#8269=CARTESIAN_POINT('Ctrl Pts',(7.65232058388742,-38.3177749762567,-13.9329014155711));
#8270=CARTESIAN_POINT('Ctrl Pts',(8.14283262772555,-39.950797488157,-13.8931495197167));
#8271=CARTESIAN_POINT('Ctrl Pts',(8.99450005126817,-41.3665635814089,-13.8533976238623));
#8272=CARTESIAN_POINT('Ctrl Pts',(9.84616747481079,-42.7823296746609,-13.8136457280079));
#8273=CARTESIAN_POINT('Ctrl Pts',(11.0589902780579,-43.9808393492644,-13.7738938321535));
#8274=CARTESIAN_POINT('Ctrl Pts',(12.4847668667885,-44.8156400149767,-13.7341419362991));
#8275=CARTESIAN_POINT('Ctrl Pts',(13.910543455519,-45.650440680689,-13.6943900404447));
#8276=CARTESIAN_POINT('Ctrl Pts',(15.5492738297329,-46.1215323375101,-13.6546381445903));
#8277=CARTESIAN_POINT('Ctrl Pts',(17.2007123739189,-46.1713496646222,-13.6148862487359));
#8278=CARTESIAN_POINT('Ctrl Pts',(18.8521509181049,-46.2211669917344,-13.5751343528815));
#8279=CARTESIAN_POINT('Ctrl Pts',(20.516297632263,-45.8497099891375,-13.5353824570271));
#8280=CARTESIAN_POINT('Ctrl Pts',(21.9898011346646,-45.1023690626678,-13.4956305611727));
#8281=CARTESIAN_POINT('Ctrl Pts',(23.4633046370662,-44.3550281361981,-13.4558786653183));
#8282=CARTESIAN_POINT('Ctrl Pts',(24.7461649277113,-43.2318032858554,-13.4161267694639));
#8283=CARTESIAN_POINT('Ctrl Pts',(25.6816221432469,-41.8699476291968,-13.3763748736095));
#8284=CARTESIAN_POINT('Ctrl Pts',(26.6170793587826,-40.5080919725382,-13.3366229777551));
#8285=CARTESIAN_POINT('Ctrl Pts',(27.2051334992088,-38.9076055095635,-13.2968710819008));
#8286=CARTESIAN_POINT('Ctrl Pts',(27.3739269447244,-37.2640606198458,-13.2571191860464));
#8287=CARTESIAN_POINT('Ctrl Pts',(27.5427203902401,-35.620515730128,-13.217367290192));
#8288=CARTESIAN_POINT('Ctrl Pts',(27.2922531408453,-33.9339124136671,-13.1776153943376));
#8289=CARTESIAN_POINT('Ctrl Pts',(26.6531311886535,-32.4103461492791,-13.1378634984832));
#8290=CARTESIAN_POINT('Ctrl Pts',(26.0140092364617,-30.886779884891,-13.0981116026288));
#8291=CARTESIAN_POINT('Ctrl Pts',(24.986232581473,-29.5262506725759,-13.0583597067744));
#8292=CARTESIAN_POINT('Ctrl Pts',(23.6953909932087,-28.495009175278,-13.01860781092));
#8293=CARTESIAN_POINT('Ctrl Pts',(22.4045494049443,-27.46376767798,-12.9788559150656));
#8294=CARTESIAN_POINT('Ctrl Pts',(20.8506428834042,-26.7618138956993,-12.9391040192112));
#8295=CARTESIAN_POINT('Ctrl Pts',(19.2235519449573,-26.4749234814646,-12.8993521233568));
#8296=CARTESIAN_POINT('Ctrl Pts',(17.5964610065105,-26.1880330672298,-12.8596002275024));
#8297=CARTESIAN_POINT('Ctrl Pts',(15.8961856511568,-26.3162060210412,-12.819848331648));
#8298=CARTESIAN_POINT('Ctrl Pts',(14.330492020509,-26.8437801738347,-12.7800964357936));
#8299=CARTESIAN_POINT('Ctrl Pts',(12.7647983898611,-27.3713543266282,-12.7403445399392));
#8300=CARTESIAN_POINT('Ctrl Pts',(11.333686483919,-28.2983296784039,-12.7005926440848));
#8301=CARTESIAN_POINT('Ctrl Pts',(10.2120318591587,-29.5114339338184,-12.6608407482304));
#8302=CARTESIAN_POINT('Ctrl Pts',(9.09037723439836,-30.724538189233,-12.621088852376));
#8303=CARTESIAN_POINT('Ctrl Pts',(8.27817989081979,-32.2237713482866,-12.5813369565216));
#8304=CARTESIAN_POINT('Ctrl Pts',(7.87468675791297,-33.8259337381356,-12.5415850606672));
#8305=CARTESIAN_POINT('Ctrl Pts',(7.67540876983224,-34.617212874233,-12.5219523155665));
#8306=CARTESIAN_POINT('Ctrl Pts',(7.5758216724367,-35.4335984477676,-12.5023195704657));
#8307=CARTESIAN_POINT('Ctrl Pts',(7.57584875561475,-36.2499905130906,-12.482686825365));
#8308=CARTESIAN_POINT('Ctrl Pts',(7.57580969286552,-36.2499182632557,-12.2673131746346));
#8309=CARTESIAN_POINT('Ctrl Pts',(7.57559777742158,-35.5119876564809,-12.2850592633727));
#8310=CARTESIAN_POINT('Ctrl Pts',(7.65680461119728,-34.7741029704049,-12.3028053521108));
#8311=CARTESIAN_POINT('Ctrl Pts',(7.81992627060815,-34.0547945756461,-12.320551440849));
#8312=CARTESIAN_POINT('Ctrl Pts',(8.18532482756254,-32.4435171376938,-12.3603033367034));
#8313=CARTESIAN_POINT('Ctrl Pts',(8.96175280177498,-30.9254511805172,-12.4000552325578));
#8314=CARTESIAN_POINT('Ctrl Pts',(10.0543341227667,-29.6860976617429,-12.4398071284122));
#8315=CARTESIAN_POINT('Ctrl Pts',(11.1469154437583,-28.4467441429686,-12.4795590242666));
#8316=CARTESIAN_POINT('Ctrl Pts',(12.5556501115292,-27.4861030625965,-12.519310920121));
#8317=CARTESIAN_POINT('Ctrl Pts',(14.1083969693148,-26.9215605193677,-12.5590628159754));
#8318=CARTESIAN_POINT('Ctrl Pts',(15.6611438271003,-26.357017976139,-12.5988147118297));
#8319=CARTESIAN_POINT('Ctrl Pts',(17.3579028749006,-26.1885739700534,-12.6385666076841));
#8320=CARTESIAN_POINT('Ctrl Pts',(18.9913376483539,-26.4368116149658,-12.6783185035385));
#8321=CARTESIAN_POINT('Ctrl Pts',(20.6247724218072,-26.6850492598781,-12.7180703993929));
#8322=CARTESIAN_POINT('Ctrl Pts',(22.1948829209136,-27.3499685557882,-12.7578222952473));
#8323=CARTESIAN_POINT('Ctrl Pts',(23.5098085748021,-28.3503193003894,-12.7975741911017));
#8324=CARTESIAN_POINT('Ctrl Pts',(24.8247342286907,-29.3506700449905,-12.8373260869561));
#8325=CARTESIAN_POINT('Ctrl Pts',(25.8844750373614,-30.6864522382827,-12.8770779828105));
#8326=CARTESIAN_POINT('Ctrl Pts',(26.5595353528053,-32.1944391937936,-12.9168298786649));
#8327=CARTESIAN_POINT('Ctrl Pts',(27.2345956682491,-33.7024261493045,-12.9565817745193));
#8328=CARTESIAN_POINT('Ctrl Pts',(27.5249754904661,-35.3826178670342,-12.9963336703737));
#8329=CARTESIAN_POINT('Ctrl Pts',(27.3951916872242,-37.0297023372099,-13.0360855662281));
#8330=CARTESIAN_POINT('Ctrl Pts',(27.2654078839822,-38.6767868073855,-13.0758374620825));
#8331=CARTESIAN_POINT('Ctrl Pts',(26.7154604552814,-40.2907640300072,-13.1155893579369));
#8332=CARTESIAN_POINT('Ctrl Pts',(25.8125505488606,-41.6744131142647,-13.1553412537913));
#8333=CARTESIAN_POINT('Ctrl Pts',(24.9096406424399,-43.0580621985222,-13.1950931496457));
#8334=CARTESIAN_POINT('Ctrl Pts',(23.6537682582993,-44.2113831444155,-13.2348450455001));
#8335=CARTESIAN_POINT('Ctrl Pts',(22.198395457042,-44.9934452243273,-13.2745969413545));
#8336=CARTESIAN_POINT('Ctrl Pts',(20.7430226557848,-45.7755073042391,-13.3143488372089));
#8337=CARTESIAN_POINT('Ctrl Pts',(19.0881494374109,-46.1863105181694,-13.3541007330633));
#8338=CARTESIAN_POINT('Ctrl Pts',(17.4359940028474,-46.1756565270961,-13.3938526289177));
#8339=CARTESIAN_POINT('Ctrl Pts',(15.7838385682838,-46.1650025360229,-13.4336045247721));
#8340=CARTESIAN_POINT('Ctrl Pts',(14.1344009175306,-45.7328913399461,-13.4733564206265));
#8341=CARTESIAN_POINT('Ctrl Pts',(12.6892350491704,-44.9321250192274,-13.5131083164809));
#8342=CARTESIAN_POINT('Ctrl Pts',(11.2440691808103,-44.1313586985087,-13.5528602123353));
#8343=CARTESIAN_POINT('Ctrl Pts',(10.0031750948433,-42.9619372531481,-13.5926121081897));
#8344=CARTESIAN_POINT('Ctrl Pts',(9.11818456993376,-41.5667588207234,-13.6323640040441));
#8345=CARTESIAN_POINT('Ctrl Pts',(8.23319404502416,-40.1715803882987,-13.6721158998985));
#8346=CARTESIAN_POINT('Ctrl Pts',(7.70410708117195,-38.5506449688099,-13.7118677957529));
#8347=CARTESIAN_POINT('Ctrl Pts',(7.59557576947266,-36.9020237139806,-13.7516196916073));
#8348=CARTESIAN_POINT('Ctrl Pts',(7.58129356345895,-36.6850729738542,-13.7568508526164));
#8349=CARTESIAN_POINT('Ctrl Pts',(7.57429425090724,-36.4676427894779,-13.7620820136255));
#8350=CARTESIAN_POINT('Ctrl Pts',(7.57449094283451,-36.2501999597483,-13.7673131746346));
#8351=CARTESIAN_POINT('Origin',(17.4999999999997,-36.25,-5.99999999999978));
#8352=CARTESIAN_POINT('',(7.57548956582035,-36.2497886256632,-15.482686825365));
#8353=CARTESIAN_POINT('',(7.57529636144688,-36.2497523414393,-15.2673131746346));
#8354=CARTESIAN_POINT('',(7.57499999999972,-36.25,-5.99999999999978));
#8355=CARTESIAN_POINT('Ctrl Pts',(7.57548956582035,-36.2497886256632,-15.482686825365));
#8356=CARTESIAN_POINT('Ctrl Pts',(7.57635348885997,-37.3442215844599,-15.4563650709713));
#8357=CARTESIAN_POINT('Ctrl Pts',(7.75689279198355,-38.4389292214814,-15.4300433165775));
#8358=CARTESIAN_POINT('Ctrl Pts',(8.1121957420873,-39.4736247005755,-15.4037215621838));
#8359=CARTESIAN_POINT('Ctrl Pts',(8.64878481810472,-41.0362525676518,-15.3639696663294));
#8360=CARTESIAN_POINT('Ctrl Pts',(9.58397373960705,-42.4620050759769,-15.324217770475));
#8361=CARTESIAN_POINT('Ctrl Pts',(10.8035142087314,-43.5766555237835,-15.2844658746206));
#8362=CARTESIAN_POINT('Ctrl Pts',(12.0230546778557,-44.6913059715901,-15.2447139787662));
#8363=CARTESIAN_POINT('Ctrl Pts',(13.5269466946021,-45.494854358878,-15.2049620829118));
#8364=CARTESIAN_POINT('Ctrl Pts',(15.1314078496333,-45.8891135559102,-15.1652101870574));
#8365=CARTESIAN_POINT('Ctrl Pts',(16.7358690046645,-46.2833727529425,-15.125458291203));
#8366=CARTESIAN_POINT('Ctrl Pts',(18.4408992979805,-46.268342759719,-15.0857063953486));
#8367=CARTESIAN_POINT('Ctrl Pts',(20.038158090974,-45.8458587481069,-15.0459544994942));
#8368=CARTESIAN_POINT('Ctrl Pts',(21.6354168839674,-45.4233747364948,-15.0062026036398));
#8369=CARTESIAN_POINT('Ctrl Pts',(23.1249041766383,-44.593436706494,-14.9664507077854));
#8370=CARTESIAN_POINT('Ctrl Pts',(24.3246080211162,-43.4574601147868,-14.926698811931));
#8371=CARTESIAN_POINT('Ctrl Pts',(25.5243118655942,-42.3214835230795,-14.8869469160766));
#8372=CARTESIAN_POINT('Ctrl Pts',(26.4342322618791,-40.8794683696658,-14.8471950202223));
#8373=CARTESIAN_POINT('Ctrl Pts',(26.9431824991655,-39.3076222025447,-14.8074431243679));
#8374=CARTESIAN_POINT('Ctrl Pts',(27.4521327364519,-37.7357760354236,-14.7676912285135));
#8375=CARTESIAN_POINT('Ctrl Pts',(27.5601128147397,-36.0340988545951,-14.7279393326591));
#8376=CARTESIAN_POINT('Ctrl Pts',(27.2539272945291,-34.4105282624641,-14.6881874368047));
#8377=CARTESIAN_POINT('Ctrl Pts',(26.9477417743185,-32.7869576703331,-14.6484355409503));
#8378=CARTESIAN_POINT('Ctrl Pts',(26.2273906556095,-31.2414936668995,-14.6086836450959));
#8379=CARTESIAN_POINT('Ctrl Pts',(25.1808980296211,-29.9629850504066,-14.5689317492415));
#8380=CARTESIAN_POINT('Ctrl Pts',(24.1344054036328,-28.6844764339136,-14.5291798533871));
#8381=CARTESIAN_POINT('Ctrl Pts',(22.761771270365,-27.6729232043614,-14.4894279575327));
#8382=CARTESIAN_POINT('Ctrl Pts',(21.2307252832741,-27.0519327390694,-14.4496760616783));
#8383=CARTESIAN_POINT('Ctrl Pts',(19.6996792961831,-26.4309422737774,-14.4099241658239));
#8384=CARTESIAN_POINT('Ctrl Pts',(18.0102214552689,-26.2005145727458,-14.3701722699695));
#8385=CARTESIAN_POINT('Ctrl Pts',(16.36879613587,-26.3888068648642,-14.3304203741151));
#8386=CARTESIAN_POINT('Ctrl Pts',(14.7273708164711,-26.5770991569827,-14.2906684782607));
#8387=CARTESIAN_POINT('Ctrl Pts',(13.1339780185875,-27.1841114422512,-14.2509165824063));
#8388=CARTESIAN_POINT('Ctrl Pts',(11.7833232652953,-28.1356695085523,-14.2111646865519));
#8389=CARTESIAN_POINT('Ctrl Pts',(10.432668512003,-29.0872275748533,-14.1714127906975));
#8390=CARTESIAN_POINT('Ctrl Pts',(9.32475180330216,-30.3833314221868,-14.1316608948431));
#8391=CARTESIAN_POINT('Ctrl Pts',(8.5949556898597,-31.8656028783262,-14.0919089989887));
#8392=CARTESIAN_POINT('Ctrl Pts',(7.92656058484558,-33.2231642127,-14.0555016077808));
#8393=CARTESIAN_POINT('Ctrl Pts',(7.57533669194251,-34.7368847377691,-14.0190942165729));
#8394=CARTESIAN_POINT('Ctrl Pts',(7.57429759664396,-36.2501394825783,-13.982686825365));
#8395=CARTESIAN_POINT('Ctrl Pts',(7.57449094283451,-36.2501999597483,-13.7673131746346));
#8396=CARTESIAN_POINT('Ctrl Pts',(7.57578892426843,-34.8152821172186,-13.8018339094799));
#8397=CARTESIAN_POINT('Ctrl Pts',(7.8904553880849,-33.3798136003291,-13.8363546443252));
#8398=CARTESIAN_POINT('Ctrl Pts',(8.49352079391179,-32.077939768955,-13.8708753791705));
#8399=CARTESIAN_POINT('Ctrl Pts',(9.18797278959653,-30.5787841689289,-13.9106272750249));
#8400=CARTESIAN_POINT('Ctrl Pts',(10.2648524405124,-29.2567800590464,-13.9503791708793));
#8401=CARTESIAN_POINT('Ctrl Pts',(11.5925698080486,-28.2734705047179,-13.9901310667337));
#8402=CARTESIAN_POINT('Ctrl Pts',(12.9202871755848,-27.2901609503893,-14.029882962588));
#8403=CARTESIAN_POINT('Ctrl Pts',(14.4988422597414,-26.6455459516147,-14.0696348584425));
#8404=CARTESIAN_POINT('Ctrl Pts',(16.1353425981199,-26.4183946154421,-14.1093867542969));
#8405=CARTESIAN_POINT('Ctrl Pts',(17.7718429364985,-26.1912432792694,-14.1491386501513));
#8406=CARTESIAN_POINT('Ctrl Pts',(19.4662885290989,-26.3815556056989,-14.1888905460056));
#8407=CARTESIAN_POINT('Ctrl Pts',(21.0116256066365,-26.966076268254,-14.22864244186));
#8408=CARTESIAN_POINT('Ctrl Pts',(22.5569626841741,-27.5505969308091,-14.2683943377144));
#8409=CARTESIAN_POINT('Ctrl Pts',(23.9531912466489,-28.5293259294898,-14.3081462335688));
#8410=CARTESIAN_POINT('Ctrl Pts',(25.0296983259551,-29.782666902673,-14.3478981294232));
#8411=CARTESIAN_POINT('Ctrl Pts',(26.1062054052614,-31.0360078758562,-14.3876500252776));
#8412=CARTESIAN_POINT('Ctrl Pts',(26.8629910013992,-32.563960823542,-14.427401921132));
#8413=CARTESIAN_POINT('Ctrl Pts',(27.207579260283,-34.1798166397115,-14.4671538169864));
#8414=CARTESIAN_POINT('Ctrl Pts',(27.5521675191667,-35.795672455881,-14.5069057128408));
#8415=CARTESIAN_POINT('Ctrl Pts',(27.4845584407964,-37.4994311405341,-14.5466576086952));
#8416=CARTESIAN_POINT('Ctrl Pts',(27.0130135467578,-39.0829009083025,-14.5864095045496));
#8417=CARTESIAN_POINT('Ctrl Pts',(26.5414686527192,-40.6663706760709,-14.626161400404));
#8418=CARTESIAN_POINT('Ctrl Pts',(25.6659879430124,-42.1295515269545,-14.6659132962584));
#8419=CARTESIAN_POINT('Ctrl Pts',(24.4935513142015,-43.2936492133523,-14.7056651921128));
#8420=CARTESIAN_POINT('Ctrl Pts',(23.3211146853906,-44.4577468997501,-14.7454170879672));
#8421=CARTESIAN_POINT('Ctrl Pts',(21.8517221374757,-45.3227614216622,-14.7851689838216));
#8422=CARTESIAN_POINT('Ctrl Pts',(20.2649269129849,-45.782991839328,-14.824920879676));
#8423=CARTESIAN_POINT('Ctrl Pts',(18.6781316884941,-46.2432222569938,-14.8646727755304));
#8424=CARTESIAN_POINT('Ctrl Pts',(16.9739337874275,-46.2986685704134,-14.9044246713848));
#8425=CARTESIAN_POINT('Ctrl Pts',(15.3605787502435,-45.942555452498,-14.9441765672392));
#8426=CARTESIAN_POINT('Ctrl Pts',(13.7472237130596,-45.5864423345827,-14.9839284630936));
#8427=CARTESIAN_POINT('Ctrl Pts',(12.2247115397582,-44.8187697853324,-15.023680358948));
#8428=CARTESIAN_POINT('Ctrl Pts',(10.9790863290576,-43.7333440676221,-15.0634322548024));
#8429=CARTESIAN_POINT('Ctrl Pts',(9.73346111835701,-42.6479183499118,-15.1031841506568));
#8430=CARTESIAN_POINT('Ctrl Pts',(8.76472287025719,-41.2447394637415,-15.1429360465112));
#8431=CARTESIAN_POINT('Ctrl Pts',(8.19124746519572,-39.6952695366474,-15.1826879423656));
#8432=CARTESIAN_POINT('Ctrl Pts',(7.78430260289582,-38.5957475335172,-15.2108963531219));
#8433=CARTESIAN_POINT('Ctrl Pts',(7.57639186206257,-37.4225608555471,-15.2391047638783));
#8434=CARTESIAN_POINT('Ctrl Pts',(7.57529636144688,-36.2497523414393,-15.2673131746346));
#8435=CARTESIAN_POINT('Origin',(17.4999999999997,-36.25,-3.2271873309259));
#8436=CARTESIAN_POINT('',(8.43227551035689,-36.2499913317845,-12.9771873309259));
#8437=CARTESIAN_POINT('',(8.43103487305738,-36.250182703776,-13.2728126690737));
#8438=CARTESIAN_POINT('',(8.43149999999972,-36.25,-3.2271873309259));
#8439=CARTESIAN_POINT('',(11.1995079180698,-29.7268662881132,-13.1688360425985));
#8440=CARTESIAN_POINT('Ctrl Pts',(8.43227551035689,-36.2499913317845,-12.9771873309259));
#8441=CARTESIAN_POINT('Ctrl Pts',(8.43225076438208,-35.5040516396554,-12.9968200760266));
#8442=CARTESIAN_POINT('Ctrl Pts',(8.70748415695985,-33.2477696821343,-13.0562047169818));
#8443=CARTESIAN_POINT('Ctrl Pts',(9.90008005184763,-31.0463597352746,-13.1200876208727));
#8444=CARTESIAN_POINT('Ctrl Pts',(11.0765268074507,-29.8454477321871,-13.1643377796628));
#8445=CARTESIAN_POINT('Ctrl Pts',(11.1995079180698,-29.7268662881132,-13.1688360425985));
#8446=CARTESIAN_POINT('',(11.2002666318284,-29.7270780749634,-13.4644613807463));
#8447=CARTESIAN_POINT('',(11.1999999673728,-29.7271408233122,-3.2271873309259));
#8448=CARTESIAN_POINT('Ctrl Pts',(8.43103487305738,-36.250182703776,-13.2728126690737));
#8449=CARTESIAN_POINT('Ctrl Pts',(8.43222084228999,-34.9390942952137,-13.307333403919));
#8450=CARTESIAN_POINT('Ctrl Pts',(8.96428011800931,-32.5119073298447,-13.3712163078098));
#8451=CARTESIAN_POINT('Ctrl Pts',(10.3987575811935,-30.5027464262824,-13.4350992117007));
#8452=CARTESIAN_POINT('Ctrl Pts',(11.2002666318284,-29.7270780749634,-13.4644613807463));
#8453=CARTESIAN_POINT('Origin',(17.4999999999997,-36.25,-3.2271873309259));
#8454=CARTESIAN_POINT('',(8.43082147082834,-36.2498892566393,-11.4771873309259));
#8455=CARTESIAN_POINT('',(8.43223981861468,-36.2499253169102,-11.7728126690737));
#8456=CARTESIAN_POINT('',(8.43149999999972,-36.25,-3.2271873309259));
#8457=CARTESIAN_POINT('Ctrl Pts',(8.43082147082834,-36.2498892566393,-11.4771873309259));
#8458=CARTESIAN_POINT('Ctrl Pts',(8.43075507810101,-36.1413468149961,-11.4800454299195));
#8459=CARTESIAN_POINT('Ctrl Pts',(8.45920065015514,-34.5231756850249,-11.5226554247674));
#8460=CARTESIAN_POINT('Ctrl Pts',(9.36887526979427,-31.4260837758563,-11.6050173154698));
#8461=CARTESIAN_POINT('Ctrl Pts',(12.6732113782999,-28.1205800503883,-11.724273003033));
#8462=CARTESIAN_POINT('Ctrl Pts',(17.1571720049021,-26.8018347769796,-11.8435286905962));
#8463=CARTESIAN_POINT('Ctrl Pts',(21.7249167662992,-27.7921376557929,-11.9627843781594));
#8464=CARTESIAN_POINT('Ctrl Pts',(25.2601291764683,-30.849467407724,-12.0820400657226));
#8465=CARTESIAN_POINT('Ctrl Pts',(26.8988345386584,-35.2266396379414,-12.2012957532858));
#8466=CARTESIAN_POINT('Ctrl Pts',(26.2405477322892,-39.8539121042672,-12.320551440849));
#8467=CARTESIAN_POINT('Ctrl Pts',(23.4461482400965,-43.6004202752299,-12.4398071284122));
#8468=CARTESIAN_POINT('Ctrl Pts',(19.1985626231331,-45.5505506359037,-12.5590628159753));
#8469=CARTESIAN_POINT('Ctrl Pts',(14.5358632995609,-45.2277085459948,-12.6783185035386));
#8470=CARTESIAN_POINT('Ctrl Pts',(10.5975728119401,-42.7107937615472,-12.7975741911017));
#8471=CARTESIAN_POINT('Ctrl Pts',(8.71681625339937,-39.2892111054118,-12.8971971335642));
#8472=CARTESIAN_POINT('Ctrl Pts',(8.43230086941877,-37.0144118466984,-12.9570681801722));
#8473=CARTESIAN_POINT('Ctrl Pts',(8.43227551035689,-36.2499913317845,-12.9771873309259));
#8474=CARTESIAN_POINT('',(11.2005091180083,-42.7722828206732,-13.0811639442054));
#8475=CARTESIAN_POINT('Ctrl Pts',(11.2005091180083,-42.7722828206732,-13.0811639442054));
#8476=CARTESIAN_POINT('Ctrl Pts',(10.6839281633472,-42.273483975596,-13.1000637956313));
#8477=CARTESIAN_POINT('Ctrl Pts',(9.26273739245474,-40.537318618778,-13.1587155429116));
#8478=CARTESIAN_POINT('Ctrl Pts',(8.48584863559906,-38.1572061060424,-13.2225984512011));
#8479=CARTESIAN_POINT('Ctrl Pts',(8.43085515509844,-36.4488608197863,-13.2675815080646));
#8480=CARTESIAN_POINT('Ctrl Pts',(8.43103487305738,-36.250182703776,-13.2728126690737));
#8481=CARTESIAN_POINT('',(11.200000327915,-42.7728595249118,-12.9999999999998));
#8482=CARTESIAN_POINT('',(11.200000327915,-42.7728595249118,-3.2271873309259));
#8483=CARTESIAN_POINT('',(11.4696441025422,-43.02292403619,-12.9999999999998));
#8484=CARTESIAN_POINT('Origin',(17.4999999999997,-36.25,-12.9999999999998));
#8485=CARTESIAN_POINT('',(11.470192114498,-43.0224270186313,-13.071482094932));
#8486=CARTESIAN_POINT('',(11.4696441025422,-43.02292403619,-3.2271873309259));
#8487=CARTESIAN_POINT('Ctrl Pts',(8.43223981861468,-36.2499253169102,-11.7728126690737));
#8488=CARTESIAN_POINT('Ctrl Pts',(8.43204619088638,-35.575676076856,-11.7905587578118));
#8489=CARTESIAN_POINT('Ctrl Pts',(8.67245340348317,-33.3912195188362,-11.8480567424043));
#8490=CARTESIAN_POINT('Ctrl Pts',(10.4080042687196,-29.9978839191803,-11.9453066228512));
#8491=CARTESIAN_POINT('Ctrl Pts',(14.2694985764315,-27.3646626685948,-12.0645623104144));
#8492=CARTESIAN_POINT('Ctrl Pts',(18.9204989063992,-26.9029394033494,-12.1838179979776));
#8493=CARTESIAN_POINT('Ctrl Pts',(23.2243418467961,-28.7255552124058,-12.3030736855408));
#8494=CARTESIAN_POINT('Ctrl Pts',(26.129206186372,-32.3870788859179,-12.422329373104));
#8495=CARTESIAN_POINT('Ctrl Pts',(26.9251687307876,-36.9926663697159,-12.5415850606672));
#8496=CARTESIAN_POINT('Ctrl Pts',(25.4177032626242,-41.4167527505758,-12.6608407482304));
#8497=CARTESIAN_POINT('Ctrl Pts',(21.9752210312149,-44.5781303821628,-12.7800964357936));
#8498=CARTESIAN_POINT('Ctrl Pts',(17.4390342964571,-45.7041864866041,-12.8993521233568));
#8499=CARTESIAN_POINT('Ctrl Pts',(13.7566431420063,-44.73949258293,-12.9964806764029));
#8500=CARTESIAN_POINT('Ctrl Pts',(11.9701852131802,-43.4678737726168,-13.0538573335947));
#8501=CARTESIAN_POINT('Ctrl Pts',(11.470192114498,-43.0224270186313,-13.071482094932));
#8502=CARTESIAN_POINT('Origin',(17.4999999999997,-36.25,-3.2271873309259));
#8503=CARTESIAN_POINT('',(8.43200502478225,-36.2501858207154,-9.9771873309259));
#8504=CARTESIAN_POINT('',(8.43072553586519,-36.2499607709531,-10.2728126690737));
#8505=CARTESIAN_POINT('',(8.43149999999972,-36.25,-3.2271873309259));
#8506=CARTESIAN_POINT('Ctrl Pts',(8.43200502478225,-36.2501858207154,-9.9771873309259));
#8507=CARTESIAN_POINT('Ctrl Pts',(8.43273014901644,-35.2686640544346,-10.0030226796667));
#8508=CARTESIAN_POINT('Ctrl Pts',(8.83586419755423,-32.776329755368,-10.0686099242619));
#8509=CARTESIAN_POINT('Ctrl Pts',(11.0790646325181,-29.3104794025567,-10.1739490647115));
#8510=CARTESIAN_POINT('Ctrl Pts',(15.1878382988941,-27.0827067580634,-10.2932047522747));
#8511=CARTESIAN_POINT('Ctrl Pts',(19.8616838683913,-27.0953396337442,-10.4124604398379));
#8512=CARTESIAN_POINT('Ctrl Pts',(23.9583547543684,-29.3452906663322,-10.5317161274011));
#8513=CARTESIAN_POINT('Ctrl Pts',(26.4766607663238,-33.2826916907653,-10.6509718149643));
#8514=CARTESIAN_POINT('Ctrl Pts',(26.8011501518402,-37.9452766643335,-10.7702275025275));
#8515=CARTESIAN_POINT('Ctrl Pts',(24.8525205703725,-42.1935509906083,-10.8894831900907));
#8516=CARTESIAN_POINT('Ctrl Pts',(21.106999885029,-44.9892739369535,-11.0087388776539));
#8517=CARTESIAN_POINT('Ctrl Pts',(16.4799602779695,-45.6491955018074,-11.127994565217));
#8518=CARTESIAN_POINT('Ctrl Pts',(12.1022093719171,-44.012036681896,-11.2472502527803));
#8519=CARTESIAN_POINT('Ctrl Pts',(9.11693316635289,-40.5626041544107,-11.3636478413498));
#8520=CARTESIAN_POINT('Ctrl Pts',(8.43167850195316,-37.6510103520825,-11.4402935340651));
#8521=CARTESIAN_POINT('Ctrl Pts',(8.43082147082834,-36.2498892566393,-11.4771873309259));
#8522=CARTESIAN_POINT('Ctrl Pts',(8.43072553586519,-36.2499607709531,-10.2728126690737));
#8523=CARTESIAN_POINT('Ctrl Pts',(8.4307166080977,-36.213069285971,-10.2737841117046));
#8524=CARTESIAN_POINT('Ctrl Pts',(8.43995500696081,-34.6665651256421,-10.31450745019));
#8525=CARTESIAN_POINT('Ctrl Pts',(9.25680355491709,-31.6201974871149,-10.3949826845297));
#8526=CARTESIAN_POINT('Ctrl Pts',(12.4818501344737,-28.2372894182018,-10.5142383720929));
#8527=CARTESIAN_POINT('Ctrl Pts',(16.9332882303784,-26.8126170624101,-10.6334940596561));
#8528=CARTESIAN_POINT('Ctrl Pts',(21.5232256786544,-27.69435776349,-10.7527497472193));
#8529=CARTESIAN_POINT('Ctrl Pts',(25.1299222965695,-30.6670218799599,-10.8720054347825));
#8530=CARTESIAN_POINT('Ctrl Pts',(26.8719332782125,-35.0041165506886,-10.9912611223457));
#8531=CARTESIAN_POINT('Ctrl Pts',(26.3235265218084,-39.6456941351482,-11.1105168099089));
#8532=CARTESIAN_POINT('Ctrl Pts',(23.6187277961335,-43.4573940573109,-11.2297724974721));
#8533=CARTESIAN_POINT('Ctrl Pts',(19.418566026088,-45.5076705139079,-11.3490281850353));
#8534=CARTESIAN_POINT('Ctrl Pts',(14.7495236604046,-45.2954540431019,-11.4682838725985));
#8535=CARTESIAN_POINT('Ctrl Pts',(10.7526734251253,-42.8726084764641,-11.5875395601617));
#8536=CARTESIAN_POINT('Ctrl Pts',(8.75418885473935,-39.432637691713,-11.6890491589867));
#8537=CARTESIAN_POINT('Ctrl Pts',(8.43247992416718,-37.0860193398734,-11.7508068619574));
#8538=CARTESIAN_POINT('Ctrl Pts',(8.43223981861468,-36.2499253169102,-11.7728126690737));
#8539=CARTESIAN_POINT('Origin',(17.4999999999997,-36.25,-3.2271873309259));
#8540=CARTESIAN_POINT('',(8.43148216456664,-36.2497633614654,-8.4771873309259));
#8541=CARTESIAN_POINT('',(8.43214607268102,-36.2501365642556,-8.77281266907366));
#8542=CARTESIAN_POINT('',(8.43149999999972,-36.25,-3.2271873309259));
#8543=CARTESIAN_POINT('Ctrl Pts',(8.43148216456664,-36.2497633614654,-8.4771873309259));
#8544=CARTESIAN_POINT('Ctrl Pts',(8.43112655024061,-35.9055913185136,-8.48624803355953));
#8545=CARTESIAN_POINT('Ctrl Pts',(8.53464918095495,-34.0516507052446,-8.53506063204757));
#8546=CARTESIAN_POINT('Ctrl Pts',(9.76917805113988,-30.8075971199059,-8.62362512639001));
#8547=CARTESIAN_POINT('Ctrl Pts',(13.3208659199483,-27.7694224573046,-8.7428808139532));
#8548=CARTESIAN_POINT('Ctrl Pts',(17.8938972557651,-26.8038260619915,-8.8621365015164));
#8549=CARTESIAN_POINT('Ctrl Pts',(22.3706635804104,-28.1467911663113,-8.98139218907958));
#8550=CARTESIAN_POINT('Ctrl Pts',(25.6570827344786,-31.4701089574619,-9.10064787664278));
#8551=CARTESIAN_POINT('Ctrl Pts',(26.9499828961274,-35.9615899124451,-9.21990356420596));
#8552=CARTESIAN_POINT('Ctrl Pts',(25.9333906822989,-40.5235557461489,-9.33915925176917));
#8553=CARTESIAN_POINT('Ctrl Pts',(22.8557522534346,-44.0411022914303,-9.45841493933234));
#8554=CARTESIAN_POINT('Ctrl Pts',(18.4692152656822,-45.6545722329349,-9.57767062689555));
#8555=CARTESIAN_POINT('Ctrl Pts',(13.8458106252686,-44.9696477640622,-9.69692631445873));
#8556=CARTESIAN_POINT('Ctrl Pts',(10.1154576011662,-42.1537183770525,-9.81618200202193));
#8557=CARTESIAN_POINT('Ctrl Pts',(8.60698804632144,-38.8175798245387,-9.90960234084431));
#8558=CARTESIAN_POINT('Ctrl Pts',(8.43161442716851,-36.7788953047832,-9.9632707838123));
#8559=CARTESIAN_POINT('Ctrl Pts',(8.43200502478225,-36.2501858207154,-9.9771873309259));
#8560=CARTESIAN_POINT('Ctrl Pts',(8.43214607268102,-36.2501365642556,-8.77281266907366));
#8561=CARTESIAN_POINT('Ctrl Pts',(8.432630052366,-35.3402509999353,-8.79676136145186));
#8562=CARTESIAN_POINT('Ctrl Pts',(8.79464504360369,-32.9196902568152,-8.86046194968445));
#8563=CARTESIAN_POINT('Ctrl Pts',(10.9163593726759,-29.4646455486262,-8.96391443377144));
#8564=CARTESIAN_POINT('Ctrl Pts',(14.9711663570899,-27.1400955357899,-9.08317012133463));
#8565=CARTESIAN_POINT('Ctrl Pts',(19.6439979539669,-27.0419257326017,-9.20242580889781));
#8566=CARTESIAN_POINT('Ctrl Pts',(23.7928553826195,-29.194127972109,-9.32168149646102));
#8567=CARTESIAN_POINT('Ctrl Pts',(26.4037945223292,-33.0707230311474,-9.4409371840242));
#8568=CARTESIAN_POINT('Ctrl Pts',(26.8387249022156,-37.724305308026,-9.5601928715874));
#8569=CARTESIAN_POINT('Ctrl Pts',(24.9913533779152,-42.0175803858928,-9.67944855915059));
#8570=CARTESIAN_POINT('Ctrl Pts',(21.3131612374837,-44.9013097457836,-9.79870424671378));
#8571=CARTESIAN_POINT('Ctrl Pts',(16.7030661612225,-45.670735395772,-9.91795993427697));
#8572=CARTESIAN_POINT('Ctrl Pts',(12.2877346781496,-44.1378165011098,-10.0372156218402));
#8573=CARTESIAN_POINT('Ctrl Pts',(9.17182509871422,-40.705374796748,-10.1554998667724));
#8574=CARTESIAN_POINT('Ctrl Pts',(8.43108193660223,-37.7226864493323,-10.2340322158502));
#8575=CARTESIAN_POINT('Ctrl Pts',(8.43072553586519,-36.2499607709531,-10.2728126690737));
#8576=CARTESIAN_POINT('Origin',(17.4999999999997,-36.25,-3.2271873309259));
#8577=CARTESIAN_POINT('',(8.43131938635136,-36.2502282064675,-6.9771873309259));
#8578=CARTESIAN_POINT('',(8.43125458257808,-36.2497794008044,-7.27281266907366));
#8579=CARTESIAN_POINT('',(8.43149999999972,-36.25,-3.2271873309259));
#8580=CARTESIAN_POINT('Ctrl Pts',(8.43131938635136,-36.2502282064675,-6.9771873309259));
#8581=CARTESIAN_POINT('Ctrl Pts',(8.43257423666858,-35.03332512977,-7.00922528330677));
#8582=CARTESIAN_POINT('Ctrl Pts',(8.98507361303636,-32.3054118983288,-7.08101513154203));
#8583=CARTESIAN_POINT('Ctrl Pts',(11.6389073849048,-28.8315810509182,-7.19255687563171));
#8584=CARTESIAN_POINT('Ctrl Pts',(15.9086724381706,-26.93050217208,-7.31181256319489));
#8585=CARTESIAN_POINT('Ctrl Pts',(20.567344088982,-27.3070276344901,-7.43106825075809));
#8586=CARTESIAN_POINT('Ctrl Pts',(24.476383835586,-29.8691359124949,-7.55032393832128));
#8587=CARTESIAN_POINT('Ctrl Pts',(26.6804570205793,-33.9906713521512,-7.66957962588447));
#8588=CARTESIAN_POINT('Ctrl Pts',(26.6409075519648,-38.6643666065349,-7.78883531344766));
#8589=CARTESIAN_POINT('Ctrl Pts',(24.3674010035943,-42.7480120575618,-7.90809100101086));
#8590=CARTESIAN_POINT('Ctrl Pts',(20.4155622845732,-45.2436007028177,-8.02734668857405));
#8591=CARTESIAN_POINT('Ctrl Pts',(15.7511858904681,-45.5412327687359,-8.14660237613723));
#8592=CARTESIAN_POINT('Ctrl Pts',(11.5142042212836,-43.5681695797799,-8.26585806370044));
#8593=CARTESIAN_POINT('Ctrl Pts',(8.95086674851857,-40.0924027722978,-8.37605304862999));
#8594=CARTESIAN_POINT('Ctrl Pts',(8.43268673207464,-37.4155725816244,-8.44649613770514));
#8595=CARTESIAN_POINT('Ctrl Pts',(8.43148216456664,-36.2497633614654,-8.4771873309259));
#8596=CARTESIAN_POINT('Ctrl Pts',(8.43125458257808,-36.2497794008044,-7.27281266907366));
#8597=CARTESIAN_POINT('Ctrl Pts',(8.43097723338298,-35.9772919514573,-7.27998671534469));
#8598=CARTESIAN_POINT('Ctrl Pts',(8.5097071814119,-34.1950920343441,-7.32691265747012));
#8599=CARTESIAN_POINT('Ctrl Pts',(9.64233187019699,-30.9923949720666,-7.41359049544994));
#8600=CARTESIAN_POINT('Ctrl Pts',(13.1209980597394,-27.870877082296,-7.53284618301313));
#8601=CARTESIAN_POINT('Ctrl Pts',(17.6698536509381,-26.7971428280091,-7.65210187057632));
#8602=CARTESIAN_POINT('Ctrl Pts',(22.1771985123445,-28.0336034051365,-7.77135755813951));
#8603=CARTESIAN_POINT('Ctrl Pts',(25.5414773561866,-31.2780787543806,-7.8906132457027));
#8604=CARTESIAN_POINT('Ctrl Pts',(26.9404901418907,-35.7376477554283,-8.0098689332659));
#8605=CARTESIAN_POINT('Ctrl Pts',(26.0323304971227,-40.3224311199748,-8.12912462082909));
#8606=CARTESIAN_POINT('Ctrl Pts',(23.0389446203747,-43.9119482792529,-8.24838030839228));
#8607=CARTESIAN_POINT('Ctrl Pts',(18.6918895877933,-45.6289529346593,-8.36763599595548));
#8608=CARTESIAN_POINT('Ctrl Pts',(14.0535472644996,-45.0538243100765,-8.48689168351867));
#8609=CARTESIAN_POINT('Ctrl Pts',(10.2574875572081,-42.3271187627447,-8.60614737108187));
#8610=CARTESIAN_POINT('Ctrl Pts',(8.6383020374268,-38.9610444587869,-8.70145436626686));
#8611=CARTESIAN_POINT('Ctrl Pts',(8.43182670537196,-36.8505495841374,-8.75700946559746));
#8612=CARTESIAN_POINT('Ctrl Pts',(8.43214607268102,-36.2501365642556,-8.77281266907366));
#8613=CARTESIAN_POINT('Origin',(26.250000000001,-6.,-2.49999999999967));
#8614=CARTESIAN_POINT('',(34.9999999999979,-4.,-0.499999999999776));
#8615=CARTESIAN_POINT('',(34.9999999999995,-8.,-4.49999999999978));
#8616=CARTESIAN_POINT('',(35.000000000009,-0.199999999998537,3.30000000000169));
#8617=CARTESIAN_POINT('',(7.06216546504035E-17,-4.,-0.499999999999341));
#8618=CARTESIAN_POINT('',(26.250000000001,-4.,-0.499999999999668));
#8619=CARTESIAN_POINT('',(2.31125415219423E-16,-8.,-4.49999999999934));
#8620=CARTESIAN_POINT('',(0.,-3.21908098546031,0.280919014540355));
#8621=CARTESIAN_POINT('',(26.250000000001,-8.,-4.49999999999967));
#8622=CARTESIAN_POINT('Origin',(5.31713198869605E-16,-1.,3.62367605815977));
#8623=CARTESIAN_POINT('',(-1.11022302462516E-15,-4.,3.62367605815977));
#8624=CARTESIAN_POINT('',(0.,-4.,0.875000000000933));
#8625=CARTESIAN_POINT('',(-1.11022302462516E-15,-1.,3.62367605815977));
#8626=CARTESIAN_POINT('',(-1.11022302462516E-15,-1.,3.62367605815977));
#8627=CARTESIAN_POINT('',(-2.95715479535372E-15,-1.,13.0000000000008));
#8628=CARTESIAN_POINT('',(0.,-1.,6.06183802908049));
#8629=CARTESIAN_POINT('',(-3.05311331771918E-15,-4.,13.0000000000008));
#8630=CARTESIAN_POINT('',(-2.95715479535372E-15,-1.,13.0000000000008));
#8631=CARTESIAN_POINT('',(-3.82947288613063E-15,-4.,17.0000000000008));
#8632=CARTESIAN_POINT('',(0.,-4.,2.00000000000093));
#8633=CARTESIAN_POINT('',(-4.44089209850063E-15,-59.,17.0000000000008));
#8634=CARTESIAN_POINT('',(-3.82947288613063E-15,-4.,17.0000000000008));
#8635=CARTESIAN_POINT('',(0.,-59.,-4.49999999999934));
#8636=CARTESIAN_POINT('',(0.,-59.,0.875000000000933));
#8637=CARTESIAN_POINT('',(2.31125415219423E-16,-4.,-4.49999999999934));
#8638=CARTESIAN_POINT('Origin',(17.5000000000026,-4.,8.50000000000121));
#8639=CARTESIAN_POINT('',(35.0000000000088,-4.,3.62367605815708));
#8640=CARTESIAN_POINT('',(35.0000000000372,-4.,11.6249999999739));
#8641=CARTESIAN_POINT('',(30.9485298355658,-4.,1.00000000000023));
#8642=CARTESIAN_POINT('Origin',(33.4999999999997,-4.,1.50000000000396));
#8643=CARTESIAN_POINT('',(4.05147016443468,-4.,1.00000000000022));
#8644=CARTESIAN_POINT('',(24.2242649177842,-4.,1.00000000000022));
#8645=CARTESIAN_POINT('Origin',(1.50000000000008,-4.,1.5000000000003));
#8646=CARTESIAN_POINT('',(32.1249999999997,-4.,1.50000000000396));
#8647=CARTESIAN_POINT('Origin',(33.4999999999997,-4.,1.50000000000396));
#8648=CARTESIAN_POINT('',(0.125000000000077,-4.,1.5000000000003));
#8649=CARTESIAN_POINT('Origin',(1.50000000000008,-4.,1.5000000000003));
#8650=CARTESIAN_POINT('Origin',(17.5000002016421,-36.25,-12.9999999999998));
#8651=CARTESIAN_POINT('',(15.7000002016421,-36.25,-12.9999999999998));
#8652=CARTESIAN_POINT('Origin',(17.5000002016421,-36.25,-12.9999999999998));
#8653=CARTESIAN_POINT('',(15.7000002016421,-36.25,-5.99999999999978));
#8654=CARTESIAN_POINT('',(15.7000002016421,-36.25,-12.9999999999998));
#8655=CARTESIAN_POINT('Origin',(17.5000002016421,-36.25,-5.99999999999978));
#8656=CARTESIAN_POINT('Origin',(17.5000002016421,-36.25,-5.99999999999978));
#8657=CARTESIAN_POINT('Origin',(23.7999999999997,-43.02292403619,-15.9999999999998));
#8658=CARTESIAN_POINT('',(23.7999999999997,-43.02292403619,-13.8185308387304));
#8659=CARTESIAN_POINT('',(23.7999999999997,-42.7728592082,-13.9188360437927));
#8660=CARTESIAN_POINT('Ctrl Pts',(23.7995549697629,-43.0223204070366,-13.8185308387304));
#8661=CARTESIAN_POINT('Ctrl Pts',(23.7995792288461,-42.939049121719,-13.8522729203984));
#8662=CARTESIAN_POINT('Ctrl Pts',(23.7996067820739,-42.8556924986663,-13.8857211042484));
#8663=CARTESIAN_POINT('Ctrl Pts',(23.7996376244631,-42.7722952697277,-13.9188360437927));
#8664=CARTESIAN_POINT('',(23.7999999999997,-43.02292403619,-12.9999999999998));
#8665=CARTESIAN_POINT('',(23.7999999999997,-43.02292403619,-15.9999999999998));
#8666=CARTESIAN_POINT('',(23.7999999999997,-29.47707596381,-12.9999999999998));
#8667=CARTESIAN_POINT('',(23.7999999999997,-32.863537981905,-12.9999999999998));
#8668=CARTESIAN_POINT('',(23.7999999999997,-29.47707596381,-13.4262656754056));
#8669=CARTESIAN_POINT('',(23.7999999999997,-29.47707596381,-15.9999999999998));
#8670=CARTESIAN_POINT('',(23.7999999999997,-29.7271407918,-13.5355386180591));
#8671=CARTESIAN_POINT('Ctrl Pts',(23.7999838063011,-29.7268342849505,-13.5355386180591));
#8672=CARTESIAN_POINT('Ctrl Pts',(23.8000285289623,-29.6433938202478,-13.4993793220926));
#8673=CARTESIAN_POINT('Ctrl Pts',(23.8000734598102,-29.5599823458848,-13.4629415835824));
#8674=CARTESIAN_POINT('Ctrl Pts',(23.8001170426571,-29.4766508786115,-13.4262656754056));
#8675=CARTESIAN_POINT('',(23.7999999999997,-29.7271407918,-13.8311639562069));
#8676=CARTESIAN_POINT('',(23.7999999999997,-29.7271407918,-3.2271873309259));
#8677=CARTESIAN_POINT('',(23.7999999999997,-29.47707596381,-13.9314691612691));
#8678=CARTESIAN_POINT('Ctrl Pts',(23.80020179796,-29.4772126294184,-13.9314691612691));
#8679=CARTESIAN_POINT('Ctrl Pts',(23.8002392676087,-29.5604479971275,-13.8977270796012));
#8680=CARTESIAN_POINT('Ctrl Pts',(23.8002762586589,-29.6437716790793,-13.8642788957512));
#8681=CARTESIAN_POINT('Ctrl Pts',(23.8003118106346,-29.7271400488681,-13.8311639562069));
#8682=CARTESIAN_POINT('',(23.7999999999997,-29.47707596381,-14.9262656754056));
#8683=CARTESIAN_POINT('',(23.7999999999997,-29.47707596381,-15.9999999999998));
#8684=CARTESIAN_POINT('',(23.7999999999997,-29.7271407918,-15.0355386180591));
#8685=CARTESIAN_POINT('Ctrl Pts',(23.8001630805463,-29.7273132972413,-15.0355386180591));
#8686=CARTESIAN_POINT('Ctrl Pts',(23.8001233475496,-29.6439588471669,-14.9993793220926));
#8687=CARTESIAN_POINT('Ctrl Pts',(23.8000835898662,-29.5606304652007,-14.9629415835824));
#8688=CARTESIAN_POINT('Ctrl Pts',(23.8000443059247,-29.4773772828007,-14.9262656754056));
#8689=CARTESIAN_POINT('',(23.7999999999997,-29.7271407918,-15.3311639562069));
#8690=CARTESIAN_POINT('',(23.7999999999997,-29.7271407918,-3.2271873309259));
#8691=CARTESIAN_POINT('',(23.7999999999997,-29.47707596381,-15.4314691612691));
#8692=CARTESIAN_POINT('Ctrl Pts',(23.7995014411673,-29.4773373126247,-15.4314691612691));
#8693=CARTESIAN_POINT('Ctrl Pts',(23.7994826816634,-29.5606517623025,-15.3977270796012));
#8694=CARTESIAN_POINT('Ctrl Pts',(23.7994671265228,-29.6440531775946,-15.3642788957512));
#8695=CARTESIAN_POINT('Ctrl Pts',(23.7994555415557,-29.7274961349834,-15.3311639562069));
#8696=CARTESIAN_POINT('',(23.7999999999997,-29.47707596381,-15.9999999999998));
#8697=CARTESIAN_POINT('',(23.7999999999997,-29.47707596381,-15.9999999999998));
#8698=CARTESIAN_POINT('',(23.7999999999997,-43.02292403619,-15.9999999999998));
#8699=CARTESIAN_POINT('',(23.7999999999997,-39.636462018095,-15.9999999999998));
#8700=CARTESIAN_POINT('',(23.7999999999997,-43.02292403619,-15.823734324594));
#8701=CARTESIAN_POINT('',(23.7999999999997,-43.02292403619,-15.9999999999998));
#8702=CARTESIAN_POINT('',(23.7999999999997,-42.7728592082,-15.7144613819404));
#8703=CARTESIAN_POINT('Ctrl Pts',(23.7995091695201,-42.7724752807903,-15.7144613819404));
#8704=CARTESIAN_POINT('Ctrl Pts',(23.7995214967603,-42.8559015014953,-15.750620677907));
#8705=CARTESIAN_POINT('Ctrl Pts',(23.7995378062339,-42.9393034993694,-15.7870584164172));
#8706=CARTESIAN_POINT('Ctrl Pts',(23.7995570933349,-43.0226306309645,-15.823734324594));
#8707=CARTESIAN_POINT('',(23.7999999999997,-42.7728592082,-15.4188360437927));
#8708=CARTESIAN_POINT('',(23.7999999999997,-42.7728592082001,-3.2271873309259));
#8709=CARTESIAN_POINT('',(23.7999999999997,-43.02292403619,-15.3185308387304));
#8710=CARTESIAN_POINT('Ctrl Pts',(23.80056414813,-43.0234872705554,-15.3185308387304));
#8711=CARTESIAN_POINT('Ctrl Pts',(23.800560414955,-42.9836790445594,-15.3346623545629));
#8712=CARTESIAN_POINT('Ctrl Pts',(23.800555144691,-42.9438487327146,-15.3507266961223));
#8713=CARTESIAN_POINT('Ctrl Pts',(23.8005480566324,-42.9040010325821,-15.3667195639293));
#8714=CARTESIAN_POINT('Ctrl Pts',(23.8005403186912,-42.8604998170815,-15.3841787695203));
#8715=CARTESIAN_POINT('Ctrl Pts',(23.8005304078356,-42.8169778788872,-15.4015527940891));
#8716=CARTESIAN_POINT('Ctrl Pts',(23.8005186451955,-42.773441652071,-15.4188360437927));
#8717=CARTESIAN_POINT('',(23.7999999999997,-43.02292403619,-14.323734324594));
#8718=CARTESIAN_POINT('',(23.7999999999997,-43.02292403619,-15.9999999999998));
#8719=CARTESIAN_POINT('',(23.7999999999997,-42.7728592082,-14.2144613819404));
#8720=CARTESIAN_POINT('Ctrl Pts',(23.8005672603981,-42.7733827638136,-14.2144613819404));
#8721=CARTESIAN_POINT('Ctrl Pts',(23.800571096497,-42.8567633962165,-14.250620677907));
#8722=CARTESIAN_POINT('Ctrl Pts',(23.8005680895166,-42.9401097495579,-14.2870584164171));
#8723=CARTESIAN_POINT('Ctrl Pts',(23.8005597007875,-43.0233740377319,-14.323734324594));
#8724=CARTESIAN_POINT('',(23.7999999999997,-42.7728592082001,-3.2271873309259));
#8725=CARTESIAN_POINT('Origin',(17.4999999802307,-36.25,-12.9999999999998));
#8726=CARTESIAN_POINT('',(11.1999999999997,-29.47707596381,-12.9999999999998));
#8727=CARTESIAN_POINT('',(11.200000241235,-39.636462105151,-12.9999999999998));
#8728=CARTESIAN_POINT('',(14.3499999901152,-29.47707596381,-12.9999999999998));
#8729=CARTESIAN_POINT('',(20.6499999901152,-43.02292403619,-12.9999999999998));
#8730=CARTESIAN_POINT('Origin',(23.7999999999997,-29.47707596381,-15.9999999999998));
#8731=CARTESIAN_POINT('',(23.5303558974572,-29.47707596381,-15.0258567567842));
#8732=CARTESIAN_POINT('Ctrl Pts',(23.8000443059246,-29.4773772828006,-14.9262656754055));
#8733=CARTESIAN_POINT('Ctrl Pts',(23.7102225609882,-29.4774203352001,-14.9598709066735));
#8734=CARTESIAN_POINT('Ctrl Pts',(23.6202809759827,-29.4774608160839,-14.9930832298199));
#8735=CARTESIAN_POINT('Ctrl Pts',(23.5302660110881,-29.4774969022931,-15.0258567567842));
#8736=CARTESIAN_POINT('',(23.5303558974572,-29.47707596381,-13.821482094932));
#8737=CARTESIAN_POINT('Ctrl Pts',(23.5304183663412,-29.4773577583097,-13.821482094932));
#8738=CARTESIAN_POINT('Ctrl Pts',(23.6204203352261,-29.4773118071006,-13.8577870799782));
#8739=CARTESIAN_POINT('Ctrl Pts',(23.7103660379304,-29.4772626352616,-13.8944652268857));
#8740=CARTESIAN_POINT('Ctrl Pts',(23.80020179796,-29.4772126294184,-13.9314691612691));
#8741=CARTESIAN_POINT('',(23.5303558974572,-29.47707596381,-13.5258567567842));
#8742=CARTESIAN_POINT('',(23.5303558974572,-29.47707596381,-3.2271873309259));
#8743=CARTESIAN_POINT('Ctrl Pts',(23.8001170426571,-29.4766508786115,-13.4262656754056));
#8744=CARTESIAN_POINT('Ctrl Pts',(23.7103902809516,-29.476613571778,-13.4598709066735));
#8745=CARTESIAN_POINT('Ctrl Pts',(23.6205415472003,-29.4765798581767,-13.4930832298199));
#8746=CARTESIAN_POINT('Ctrl Pts',(23.5306137955821,-29.4765517281095,-13.5258567567842));
#8747=CARTESIAN_POINT('',(11.1999999999997,-29.47707596381,-13.0685308387304));
#8748=CARTESIAN_POINT('',(11.1999999999997,-29.47707596381,-15.9999999999998));
#8749=CARTESIAN_POINT('',(11.4696441025422,-29.47707596381,-13.1785179050676));
#8750=CARTESIAN_POINT('Ctrl Pts',(11.469354967867,-29.4770932729103,-13.1785179050676));
#8751=CARTESIAN_POINT('Ctrl Pts',(11.4343497572071,-29.4770718843975,-13.1643972003618));
#8752=CARTESIAN_POINT('Ctrl Pts',(11.3993638264258,-29.4770504683467,-13.1502242503509));
#8753=CARTESIAN_POINT('Ctrl Pts',(11.3644004356969,-29.4770291390376,-13.1360019639865));
#8754=CARTESIAN_POINT('Ctrl Pts',(11.309432451261,-29.4769956059875,-13.113642278635));
#8755=CARTESIAN_POINT('Ctrl Pts',(11.2544899269984,-29.476962371471,-13.0911483836466));
#8756=CARTESIAN_POINT('Ctrl Pts',(11.1995851528674,-29.4769295653872,-13.0685308387304));
#8757=CARTESIAN_POINT('',(11.4696441025422,-29.47707596381,-13.4741432432153));
#8758=CARTESIAN_POINT('',(11.4696441025422,-29.47707596381,-3.2271873309259));
#8759=CARTESIAN_POINT('',(11.1999999999997,-29.47707596381,-13.573734324594));
#8760=CARTESIAN_POINT('Ctrl Pts',(11.2001499561781,-29.4768836278035,-13.573734324594));
#8761=CARTESIAN_POINT('Ctrl Pts',(11.2898769075454,-29.4768362834283,-13.540129093326));
#8762=CARTESIAN_POINT('Ctrl Pts',(11.3797230035711,-29.4767896179534,-13.5069167701797));
#8763=CARTESIAN_POINT('Ctrl Pts',(11.4696446245127,-29.4767450557642,-13.4741432432153));
#8764=CARTESIAN_POINT('',(11.1999999999997,-29.47707596381,-14.5685308387304));
#8765=CARTESIAN_POINT('',(11.1999999999997,-29.47707596381,-15.9999999999998));
#8766=CARTESIAN_POINT('',(11.4696441025422,-29.47707596381,-14.6785179050676));
#8767=CARTESIAN_POINT('Ctrl Pts',(11.4698080267958,-29.4769042588882,-14.6785179050676));
#8768=CARTESIAN_POINT('Ctrl Pts',(11.3799006911155,-29.4769538940684,-14.6422129200214));
#8769=CARTESIAN_POINT('Ctrl Pts',(11.290048628364,-29.477003558294,-14.6055347731139));
#8770=CARTESIAN_POINT('Ctrl Pts',(11.2003029345082,-29.477052526979,-14.5685308387304));
#8771=CARTESIAN_POINT('',(11.4696441025422,-29.47707596381,-14.9741432432153));
#8772=CARTESIAN_POINT('',(11.4696441025422,-29.47707596381,-3.2271873309259));
#8773=CARTESIAN_POINT('',(11.1999999999997,-29.47707596381,-15.073734324594));
#8774=CARTESIAN_POINT('Ctrl Pts',(11.2002249475377,-29.4775900155129,-15.073734324594));
#8775=CARTESIAN_POINT('Ctrl Pts',(11.2900386069988,-29.4776146876085,-15.040129093326));
#8776=CARTESIAN_POINT('Ctrl Pts',(11.3799699611824,-29.4776349742061,-15.0069167701797));
#8777=CARTESIAN_POINT('Ctrl Pts',(11.469972822065,-29.4776494749746,-14.9741432432153));
#8778=CARTESIAN_POINT('',(11.1999999999997,-29.47707596381,-15.9999999999998));
#8779=CARTESIAN_POINT('',(11.1999999999997,-29.47707596381,-15.9999999999998));
#8780=CARTESIAN_POINT('',(20.6499999999997,-29.47707596381,-15.9999999999998));
#8781=CARTESIAN_POINT('',(23.5303558974572,-29.47707596381,-15.321482094932));
#8782=CARTESIAN_POINT('Ctrl Pts',(23.529957049334,-29.4771983146834,-15.321482094932));
#8783=CARTESIAN_POINT('Ctrl Pts',(23.6198754691147,-29.4772475047172,-15.3577870799782));
#8784=CARTESIAN_POINT('Ctrl Pts',(23.7097408377946,-29.4772938778812,-15.3944652268857));
#8785=CARTESIAN_POINT('Ctrl Pts',(23.7995014411673,-29.4773373126247,-15.4314691612691));
#8786=CARTESIAN_POINT('',(23.5303558974572,-29.47707596381,-3.2271873309259));
#8787=CARTESIAN_POINT('Origin',(11.1999999999997,-43.02292403619,-15.9999999999998));
#8788=CARTESIAN_POINT('',(23.5303558974572,-43.02292403619,-13.9285179050676));
#8789=CARTESIAN_POINT('Ctrl Pts',(23.5298598054738,-43.0223314348402,-13.9285179050676));
#8790=CARTESIAN_POINT('Ctrl Pts',(23.6198277143603,-43.0223219481215,-13.8922129200214));
#8791=CARTESIAN_POINT('Ctrl Pts',(23.709743740828,-43.0223186884386,-13.8555347731139));
#8792=CARTESIAN_POINT('Ctrl Pts',(23.7995549697629,-43.0223204070367,-13.8185308387304));
#8793=CARTESIAN_POINT('',(23.5303558974572,-43.02292403619,-14.2241432432153));
#8794=CARTESIAN_POINT('',(23.5303558974572,-43.02292403619,-3.2271873309259));
#8795=CARTESIAN_POINT('Ctrl Pts',(23.8005597007876,-43.0233740377319,-14.323734324594));
#8796=CARTESIAN_POINT('Ctrl Pts',(23.7107664104497,-43.0233331474709,-14.290129093326));
#8797=CARTESIAN_POINT('Ctrl Pts',(23.62084547165,-43.023285592384,-14.2569167701797));
#8798=CARTESIAN_POINT('Ctrl Pts',(23.5308437395689,-43.023233983597,-14.2241432432153));
#8799=CARTESIAN_POINT('',(23.5303558974572,-43.02292403619,-15.4285179050676));
#8800=CARTESIAN_POINT('Ctrl Pts',(23.5308974799272,-43.0233880519082,-15.4285179050676));
#8801=CARTESIAN_POINT('Ctrl Pts',(23.6208688194669,-43.0234290967367,-15.3922129200214));
#8802=CARTESIAN_POINT('Ctrl Pts',(23.7107757056387,-43.0234631987627,-15.3555347731139));
#8803=CARTESIAN_POINT('Ctrl Pts',(23.80056414813,-43.0234872705554,-15.3185308387304));
#8804=CARTESIAN_POINT('',(23.5303558974572,-43.02292403619,-15.7241432432153));
#8805=CARTESIAN_POINT('',(23.5303558974572,-43.02292403619,-3.2271873309259));
#8806=CARTESIAN_POINT('Ctrl Pts',(23.799557093335,-43.0226306309644,-15.823734324594));
#8807=CARTESIAN_POINT('Ctrl Pts',(23.7098242420036,-43.0226733104847,-15.7901344391244));
#8808=CARTESIAN_POINT('Ctrl Pts',(23.6199608942431,-43.0227189489372,-15.7569218442377));
#8809=CARTESIAN_POINT('Ctrl Pts',(23.5300121550956,-43.0227676139841,-15.7241432432153));
#8810=CARTESIAN_POINT('',(11.4696441025422,-43.02292403619,-15.9999999999998));
#8811=CARTESIAN_POINT('',(14.3499999999997,-43.02292403619,-15.9999999999998));
#8812=CARTESIAN_POINT('',(11.4696441025423,-43.02292403619,-15.7758567567842));
#8813=CARTESIAN_POINT('',(11.4696441025422,-43.02292403619,-3.2271873309259));
#8814=CARTESIAN_POINT('',(11.1999999999997,-43.02292403619,-15.6762656754056));
#8815=CARTESIAN_POINT('Ctrl Pts',(11.1994757477394,-43.0235275569882,-15.6762656754056));
#8816=CARTESIAN_POINT('Ctrl Pts',(11.2359900314618,-43.0235246050116,-15.6899365137401));
#8817=CARTESIAN_POINT('Ctrl Pts',(11.2725257922005,-43.0235200269331,-15.7035423289966));
#8818=CARTESIAN_POINT('Ctrl Pts',(11.309080129324,-43.0235135534718,-15.7170800318438));
#8819=CARTESIAN_POINT('Ctrl Pts',(11.362382531255,-43.0235041140712,-15.7368202907342));
#8820=CARTESIAN_POINT('Ctrl Pts',(11.4157244104291,-43.0234906163117,-15.7564157251451));
#8821=CARTESIAN_POINT('Ctrl Pts',(11.4690961571431,-43.0234738252357,-15.7758567567842));
#8822=CARTESIAN_POINT('',(11.1999999999997,-43.02292403619,-14.6814691612691));
#8823=CARTESIAN_POINT('',(11.1999999999997,-43.02292403619,-15.9999999999998));
#8824=CARTESIAN_POINT('',(11.4696441025423,-43.02292403619,-14.571482094932));
#8825=CARTESIAN_POINT('Ctrl Pts',(11.4691526739732,-43.0235276952387,-14.571482094932));
#8826=CARTESIAN_POINT('Ctrl Pts',(11.37921652142,-43.0235328386031,-14.6077870799782));
#8827=CARTESIAN_POINT('Ctrl Pts',(11.2893461908332,-43.0235278502157,-14.6444652268857));
#8828=CARTESIAN_POINT('Ctrl Pts',(11.1995908641802,-43.023515040506,-14.6814691612691));
#8829=CARTESIAN_POINT('',(11.4696441025423,-43.02292403619,-14.2758567567842));
#8830=CARTESIAN_POINT('',(11.4696441025422,-43.02292403619,-3.2271873309259));
#8831=CARTESIAN_POINT('',(11.1999999999997,-43.02292403619,-14.1762656754055));
#8832=CARTESIAN_POINT('Ctrl Pts',(11.2005698803289,-43.022437105657,-14.1762656754056));
#8833=CARTESIAN_POINT('Ctrl Pts',(11.2902992866427,-43.0224656063501,-14.2098565250682));
#8834=CARTESIAN_POINT('Ctrl Pts',(11.3801830133377,-43.0224986445243,-14.2430694301289));
#8835=CARTESIAN_POINT('Ctrl Pts',(11.4701744866642,-43.0225365711622,-14.2758567567842));
#8836=CARTESIAN_POINT('',(11.1999999999997,-43.02292403619,-13.1814691612691));
#8837=CARTESIAN_POINT('',(11.1999999999997,-43.02292403619,-15.9999999999998));
#8838=CARTESIAN_POINT('Ctrl Pts',(11.470192114498,-43.0224270186313,-13.071482094932));
#8839=CARTESIAN_POINT('Ctrl Pts',(11.3802427044937,-43.0223989412956,-13.1077870799782));
#8840=CARTESIAN_POINT('Ctrl Pts',(11.2903449247934,-43.0223765269669,-13.1444652268857));
#8841=CARTESIAN_POINT('Ctrl Pts',(11.2005513198454,-43.0223589872775,-13.1814691612691));
#8842=CARTESIAN_POINT('Origin',(11.1999999604618,-29.47707596381,-15.9999999999998));
#8843=CARTESIAN_POINT('Ctrl Pts',(11.2005513198454,-43.0223589872775,-13.1814691612691));
#8844=CARTESIAN_POINT('Ctrl Pts',(11.2005410697284,-42.9390707172804,-13.1477270762586));
#8845=CARTESIAN_POINT('Ctrl Pts',(11.2005272086337,-42.8556969944674,-13.1142788442605));
#8846=CARTESIAN_POINT('Ctrl Pts',(11.2005091180083,-42.7722828206732,-13.0811639442054));
#8847=CARTESIAN_POINT('',(11.200000327915,-42.7728595249118,-14.2855386060576));
#8848=CARTESIAN_POINT('Ctrl Pts',(11.2005580889589,-42.7723286184025,-14.2855386060576));
#8849=CARTESIAN_POINT('Ctrl Pts',(11.2005661737075,-42.8557334987221,-14.2493814409571));
#8850=CARTESIAN_POINT('Ctrl Pts',(11.2005698354544,-42.9391197394306,-14.2129437507274));
#8851=CARTESIAN_POINT('Ctrl Pts',(11.2005698803289,-43.022437105657,-14.1762656754056));
#8852=CARTESIAN_POINT('',(11.200000327915,-42.7728595249118,-14.5811639442054));
#8853=CARTESIAN_POINT('',(11.200000327915,-42.7728595249118,-3.2271873309259));
#8854=CARTESIAN_POINT('Ctrl Pts',(11.1995908641802,-43.0235150405059,-14.6814691612691));
#8855=CARTESIAN_POINT('Ctrl Pts',(11.1996254480439,-42.9402166363815,-14.6477270762586));
#8856=CARTESIAN_POINT('Ctrl Pts',(11.1996646125662,-42.8568232811081,-14.6142788442605));
#8857=CARTESIAN_POINT('Ctrl Pts',(11.1997065750761,-42.7733808025022,-14.5811639442054));
#8858=CARTESIAN_POINT('',(11.200000327915,-42.7728595249118,-15.7855386060576));
#8859=CARTESIAN_POINT('Ctrl Pts',(11.1995590584592,-42.7734391100535,-15.7855386060576));
#8860=CARTESIAN_POINT('Ctrl Pts',(11.1995257174996,-42.8568478004073,-15.7493814409571));
#8861=CARTESIAN_POINT('Ctrl Pts',(11.1994973258809,-42.9402275921698,-15.7129437507274));
#8862=CARTESIAN_POINT('Ctrl Pts',(11.1994757477395,-43.0235275569883,-15.6762656754056));
#8863=CARTESIAN_POINT('',(11.200000327915,-42.7728595249118,-15.9999999999998));
#8864=CARTESIAN_POINT('',(11.200000327915,-42.7728595249118,-3.2271873309259));
#8865=CARTESIAN_POINT('',(11.2000000540528,-32.863538068961,-15.9999999999998));
#8866=CARTESIAN_POINT('',(11.1999999673728,-29.7271408233122,-14.9644613807463));
#8867=CARTESIAN_POINT('Ctrl Pts',(11.2001120344333,-29.7275614324494,-14.9644613807463));
#8868=CARTESIAN_POINT('Ctrl Pts',(11.2001516254281,-29.6441967835535,-15.0006206817731));
#8869=CARTESIAN_POINT('Ctrl Pts',(11.2001893191278,-29.5608564546395,-15.0370584159806));
#8870=CARTESIAN_POINT('Ctrl Pts',(11.2002249475377,-29.4775900155129,-15.073734324594));
#8871=CARTESIAN_POINT('',(11.1999999673727,-29.7271408233122,-14.6688360425985));
#8872=CARTESIAN_POINT('',(11.1999999673728,-29.7271408233122,-3.2271873309259));
#8873=CARTESIAN_POINT('Ctrl Pts',(11.2003029345082,-29.477052526979,-14.5685308387304));
#8874=CARTESIAN_POINT('Ctrl Pts',(11.200336951417,-29.5603752631658,-14.602272920049));
#8875=CARTESIAN_POINT('Ctrl Pts',(11.200368983948,-29.6437866573387,-14.6357210982871));
#8876=CARTESIAN_POINT('Ctrl Pts',(11.2003980555652,-29.7272411021998,-14.6688360425985));
#8877=CARTESIAN_POINT('Ctrl Pts',(11.2002666318285,-29.7270780749634,-13.4644613807463));
#8878=CARTESIAN_POINT('Ctrl Pts',(11.2002294221794,-29.6436360290135,-13.5006206817731));
#8879=CARTESIAN_POINT('Ctrl Pts',(11.2001900807097,-29.5602209057002,-13.5370584159806));
#8880=CARTESIAN_POINT('Ctrl Pts',(11.2001499561781,-29.4768836278035,-13.573734324594));
#8881=CARTESIAN_POINT('Ctrl Pts',(11.1995851528674,-29.4769295653872,-13.0685308387304));
#8882=CARTESIAN_POINT('Ctrl Pts',(11.1995564831465,-29.5601656228717,-13.102272920049));
#8883=CARTESIAN_POINT('Ctrl Pts',(11.1995302901823,-29.6434922503311,-13.1357210982871));
#8884=CARTESIAN_POINT('Ctrl Pts',(11.1995079180699,-29.7268662881131,-13.1688360425985));
#8885=CARTESIAN_POINT('Ctrl Pts',(23.2599564039214,-28.1673935376686,-5.50549949443886));
#8886=CARTESIAN_POINT('Ctrl Pts',(24.6058102160654,-29.1264974257682,-5.54525139029326));
#8887=CARTESIAN_POINT('Ctrl Pts',(26.8076616867637,-31.7292150709125,-5.62475518200206));
#8888=CARTESIAN_POINT('Ctrl Pts',(27.8357215467125,-36.7408633864707,-5.74401086956524));
#8889=CARTESIAN_POINT('Ctrl Pts',(26.3376767653019,-41.63156145353,-5.86326655712844));
#8890=CARTESIAN_POINT('Ctrl Pts',(22.6798485012608,-45.2075349116211,-5.98252224469163));
#8891=CARTESIAN_POINT('Ctrl Pts',(17.7560780359479,-46.5941331180158,-6.10177793225482));
#8892=CARTESIAN_POINT('Ctrl Pts',(12.7697403681334,-45.4528297106784,-6.22103361981802));
#8893=CARTESIAN_POINT('Ctrl Pts',(8.93942860198925,-42.0623809715206,-6.34028930738121));
#8894=CARTESIAN_POINT('Ctrl Pts',(7.20124867835203,-37.2514643884297,-6.45954499494441));
#8895=CARTESIAN_POINT('Ctrl Pts',(7.97999079947829,-32.1957857527953,-6.57880068250759));
#8896=CARTESIAN_POINT('Ctrl Pts',(11.0853400005712,-28.1309275988712,-6.69805637007079));
#8897=CARTESIAN_POINT('Ctrl Pts',(15.7583750288188,-26.050295975949,-6.81731205763397));
#8898=CARTESIAN_POINT('Ctrl Pts',(20.8570480325463,-26.4623834451468,-6.93656774519717));
#8899=CARTESIAN_POINT('Ctrl Pts',(25.1352880375135,-29.2664772488848,-7.05582343276036));
#8900=CARTESIAN_POINT('Ctrl Pts',(27.5475311164195,-33.7772827005679,-7.17507912032355));
#8901=CARTESIAN_POINT('Ctrl Pts',(27.504246286955,-38.8923982543815,-7.29433480788675));
#8902=CARTESIAN_POINT('Ctrl Pts',(25.0160120152917,-43.361735090842,-7.41359049544994));
#8903=CARTESIAN_POINT('Ctrl Pts',(20.6909307685273,-46.0930266279392,-7.53284618301313));
#8904=CARTESIAN_POINT('Ctrl Pts',(15.5860142209733,-46.4187693918182,-7.65210187057632));
#8905=CARTESIAN_POINT('Ctrl Pts',(10.9488588957645,-44.2593546980554,-7.77135755813952));
#8906=CARTESIAN_POINT('Ctrl Pts',(7.91274460983029,-40.1425244441797,-7.89061324570271));
#8907=CARTESIAN_POINT('Ctrl Pts',(7.21967088446854,-35.0743955852806,-8.0098689332659));
#8908=CARTESIAN_POINT('Ctrl Pts',(9.03901881872013,-30.2935740657292,-8.1291246208291));
#8909=CARTESIAN_POINT('Ctrl Pts',(12.9261558422547,-26.9684504481168,-8.24838030839229));
#8910=CARTESIAN_POINT('Ctrl Pts',(17.9310999904581,-25.9116555841942,-8.36763599595547));
#8911=CARTESIAN_POINT('Ctrl Pts',(22.8306871076334,-27.3814608067089,-8.48689168351867));
#8912=CARTESIAN_POINT('Ctrl Pts',(26.4275013662348,-31.0186586979996,-8.60614737108186));
#8913=CARTESIAN_POINT('Ctrl Pts',(27.8425131216921,-35.9343502101801,-8.72540305864505));
#8914=CARTESIAN_POINT('Ctrl Pts',(26.7299059956792,-40.9271837437864,-8.84465874620825));
#8915=CARTESIAN_POINT('Ctrl Pts',(23.3615913453536,-44.7769548704246,-8.96391443377144));
#8916=CARTESIAN_POINT('Ctrl Pts',(18.5607555286868,-46.542813520635,-9.08317012133462));
#8917=CARTESIAN_POINT('Ctrl Pts',(13.5006804273906,-45.7931994330173,-9.20242580889783));
#8918=CARTESIAN_POINT('Ctrl Pts',(9.41800371523133,-42.7113116714171,-9.32168149646102));
#8919=CARTESIAN_POINT('Ctrl Pts',(7.31049553019943,-38.050336391378,-9.4409371840242));
#8920=CARTESIAN_POINT('Ctrl Pts',(7.69321226319975,-32.9493747944443,-9.5601928715874));
#8921=CARTESIAN_POINT('Ctrl Pts',(10.4726213241156,-28.6550568528837,-9.67944855915059));
#8922=CARTESIAN_POINT('Ctrl Pts',(14.9694596809311,-26.2168759523383,-9.79870424671378));
#8923=CARTESIAN_POINT('Ctrl Pts',(20.0847397467921,-26.2307019755099,-9.91795993427698));
#8924=CARTESIAN_POINT('Ctrl Pts',(24.5683322420584,-28.6931559644205,-10.0372156218402));
#8925=CARTESIAN_POINT('Ctrl Pts',(27.3244867514765,-33.002435907906,-10.1564713094034));
#8926=CARTESIAN_POINT('Ctrl Pts',(27.679623450076,-38.1053918391696,-10.2757269969665));
#8927=CARTESIAN_POINT('Ctrl Pts',(25.5469500646135,-42.7549063882436,-10.3949826845298));
#8928=CARTESIAN_POINT('Ctrl Pts',(21.4476731387675,-45.8146792550326,-10.5142383720929));
#8929=CARTESIAN_POINT('Ctrl Pts',(16.3836197561722,-46.5369289690068,-10.6334940596561));
#8930=CARTESIAN_POINT('Ctrl Pts',(11.5923998474143,-44.7451440776113,-10.7527497472193));
#8931=CARTESIAN_POINT('Ctrl Pts',(8.244945251223,-40.8772209866555,-10.8720054347825));
#8932=CARTESIAN_POINT('Ctrl Pts',(7.15934431253415,-35.878445945405,-10.9912611223457));
#8933=CARTESIAN_POINT('Ctrl Pts',(8.60090831479391,-30.9704754342364,-11.1105168099089));
#8934=CARTESIAN_POINT('Ctrl Pts',(12.2173317450104,-27.3527741081881,-11.2297724974721));
#8935=CARTESIAN_POINT('Ctrl Pts',(17.1247926502347,-25.9094762266662,-11.3490281850353));
#8936=CARTESIAN_POINT('Ctrl Pts',(22.1239509186216,-26.9933110474438,-11.4682838725985));
#8937=CARTESIAN_POINT('Ctrl Pts',(25.9930564124661,-30.3393989106975,-11.5875395601617));
#8938=CARTESIAN_POINT('Ctrl Pts',(27.7865339136775,-35.1299854889528,-11.7067952477249));
#8939=CARTESIAN_POINT('Ctrl Pts',(27.0660733575532,-40.194293723863,-11.826050935288));
#8940=CARTESIAN_POINT('Ctrl Pts',(24.007748942268,-44.2946514011861,-11.9453066228512));
#8941=CARTESIAN_POINT('Ctrl Pts',(19.3589881495943,-46.4289673111699,-12.0645623104144));
#8942=CARTESIAN_POINT('Ctrl Pts',(14.2559070682187,-46.0756334916467,-12.1838179979776));
#8943=CARTESIAN_POINT('Ctrl Pts',(9.94565365369196,-43.3210016081333,-12.3030736855408));
#8944=CARTESIAN_POINT('Ctrl Pts',(7.48161578053599,-38.8382793692737,-12.422329373104));
#8945=CARTESIAN_POINT('Ctrl Pts',(7.46598254724125,-33.7230045073401,-12.5415850606672));
#8946=CARTESIAN_POINT('Ctrl Pts',(9.9025745779769,-29.2253050301795,-12.6608407482304));
#8947=CARTESIAN_POINT('Ctrl Pts',(14.1959102958032,-26.4443789748525,-12.7800964357936));
#8948=CARTESIAN_POINT('Ctrl Pts',(19.2967363618641,-26.0598601134185,-12.8993521233568));
#8949=CARTESIAN_POINT('Ctrl Pts',(23.9584559264843,-28.1657214602608,-13.01860781092));
#8950=CARTESIAN_POINT('Ctrl Pts',(27.0417858914504,-32.2473090972061,-13.1378634984832));
#8951=CARTESIAN_POINT('Ctrl Pts',(27.793187639635,-37.3071190465889,-13.2571191860464));
#8952=CARTESIAN_POINT('Ctrl Pts',(26.0290252183564,-42.1085784355128,-13.3763748736096));
#8953=CARTESIAN_POINT('Ctrl Pts',(22.1804443464211,-45.4782529865407,-13.4956305611727));
#8954=CARTESIAN_POINT('Ctrl Pts',(17.1880042039468,-46.5926239943312,-13.6148862487359));
#8955=CARTESIAN_POINT('Ctrl Pts',(12.271813081305,-45.179349023868,-13.7341419362991));
#8956=CARTESIAN_POINT('Ctrl Pts',(8.63334467156369,-41.5838200000573,-13.8533976238623));
#8957=CARTESIAN_POINT('Ctrl Pts',(7.1618085400493,-36.6847524643564,-13.9726533114255));
#8958=CARTESIAN_POINT('Ctrl Pts',(8.21683509460121,-31.6794352695203,-14.0919089989887));
#8959=CARTESIAN_POINT('Ctrl Pts',(11.540585220704,-27.7911237275198,-14.2111646865519));
#8960=CARTESIAN_POINT('Ctrl Pts',(16.3207636143547,-25.9700868717141,-14.3304203741151));
#8961=CARTESIAN_POINT('Ctrl Pts',(21.3891371370973,-26.6613699748091,-14.4496760616783));
#8962=CARTESIAN_POINT('Ctrl Pts',(25.5070395369005,-29.6960296634659,-14.5689317492415));
#8963=CARTESIAN_POINT('Ctrl Pts',(27.6680928930276,-34.3324216737667,-14.6881874368047));
#8964=CARTESIAN_POINT('Ctrl Pts',(27.3441526581641,-39.4374532162521,-14.8074431243679));
#8965=CARTESIAN_POINT('Ctrl Pts',(24.6143914693092,-43.7634986764932,-14.926698811931));
#8966=CARTESIAN_POINT('Ctrl Pts',(20.1459295912966,-46.2533127664955,-15.0459544994943));
#8967=CARTESIAN_POINT('Ctrl Pts',(15.0308387113485,-46.298402746166,-15.1652101870574));
#8968=CARTESIAN_POINT('Ctrl Pts',(10.5191626611094,-43.8877575843021,-15.2844658746206));
#8969=CARTESIAN_POINT('Ctrl Pts',(7.7135958966024,-39.6105000593266,-15.4037215621838));
#8970=CARTESIAN_POINT('Ctrl Pts',(7.29962820500486,-34.5119903818445,-15.522977249747));
#8971=CARTESIAN_POINT('Ctrl Pts',(9.37877104085354,-29.8381847750261,-15.6422329373102));
#8972=CARTESIAN_POINT('Ctrl Pts',(13.4421959319585,-26.7314752770847,-15.7614886248734));
#8973=CARTESIAN_POINT('Ctrl Pts',(18.4982887870253,-25.9508018783976,-15.8807443124366));
#8974=CARTESIAN_POINT('Ctrl Pts',(21.7046629487396,-27.10901333338,-15.9602481041454));
#8975=CARTESIAN_POINT('Ctrl Pts',(23.0722518582262,-28.0368620960992,-15.9999999999998));
#8976=CARTESIAN_POINT('Ctrl Pts',(23.0942669778943,-28.3998957185246,-5.6703329962925));
#8977=CARTESIAN_POINT('Ctrl Pts',(24.4014063050642,-29.3314102705988,-5.7100848921469));
#8978=CARTESIAN_POINT('Ctrl Pts',(26.5399198820714,-31.8592588086712,-5.7895886838557));
#8979=CARTESIAN_POINT('Ctrl Pts',(27.5384068362252,-36.7267433364115,-5.90884437141888));
#8980=CARTESIAN_POINT('Ctrl Pts',(26.0834544261085,-41.476756839426,-6.02810005898208));
#8981=CARTESIAN_POINT('Ctrl Pts',(22.5308463101162,-44.9498647637855,-6.14735574654527));
#8982=CARTESIAN_POINT('Ctrl Pts',(17.7487117609591,-46.2965764424295,-6.26661143410846));
#8983=CARTESIAN_POINT('Ctrl Pts',(12.9058098013725,-45.1881034756761,-6.38586712167165));
#8984=CARTESIAN_POINT('Ctrl Pts',(9.1856797993829,-41.8951835138512,-6.50512280923485));
#8985=CARTESIAN_POINT('Ctrl Pts',(7.49749991284376,-37.2226565211353,-6.62437849679804));
#8986=CARTESIAN_POINT('Ctrl Pts',(8.25384093819353,-32.3124082381935,-6.74363418436123));
#8987=CARTESIAN_POINT('Ctrl Pts',(11.2698624620158,-28.3644787495536,-6.86288987192443));
#8988=CARTESIAN_POINT('Ctrl Pts',(15.8084741652694,-26.343698041326,-6.98214555948761));
#8989=CARTESIAN_POINT('Ctrl Pts',(20.7604800513582,-26.7439315082612,-7.10140124705081));
#8990=CARTESIAN_POINT('Ctrl Pts',(24.9156533035377,-29.4673634700882,-7.220656934614));
#8991=CARTESIAN_POINT('Ctrl Pts',(27.2585064178061,-33.8484122510956,-7.33991262217719));
#8992=CARTESIAN_POINT('Ctrl Pts',(27.2164667086249,-38.8163877050994,-7.45916830974039));
#8993=CARTESIAN_POINT('Ctrl Pts',(24.7998083447259,-43.1571607464153,-7.57842399730357));
#8994=CARTESIAN_POINT('Ctrl Pts',(20.599141273876,-45.8098846528987,-7.69767968486677));
#8995=CARTESIAN_POINT('Ctrl Pts',(15.6410714441382,-46.1262571841241,-7.81693537242996));
#8996=CARTESIAN_POINT('Ctrl Pts',(11.1373073376042,-44.0289596586302,-7.93619105999316));
#8997=CARTESIAN_POINT('Ctrl Pts',(8.18852913515961,-40.0305530861129,-8.05544674755634));
#8998=CARTESIAN_POINT('Ctrl Pts',(7.51539219051228,-35.10821271983,-8.17470243511954));
#8999=CARTESIAN_POINT('Ctrl Pts',(9.28240522952672,-30.4649150837881,-8.29395812268274));
#9000=CARTESIAN_POINT('Ctrl Pts',(13.0577258681526,-27.2354411178461,-8.41321381024592));
#9001=CARTESIAN_POINT('Ctrl Pts',(17.9186990788938,-26.20904574346,-8.53246949780912));
#9002=CARTESIAN_POINT('Ctrl Pts',(22.6773459318924,-27.6365709265764,-8.6517251853723));
#9003=CARTESIAN_POINT('Ctrl Pts',(26.1706951556494,-31.1691421178203,-8.77098087293551));
#9004=CARTESIAN_POINT('Ctrl Pts',(27.5450030465038,-35.9434301109351,-8.89023656049868));
#9005=CARTESIAN_POINT('Ctrl Pts',(26.4644008912191,-40.7926410779073,-9.0094922480619));
#9006=CARTESIAN_POINT('Ctrl Pts',(23.1929783147139,-44.5316706774265,-9.12874793562506));
#9007=CARTESIAN_POINT('Ctrl Pts',(18.5302421076853,-46.2467330914017,-9.24800362318828));
#9008=CARTESIAN_POINT('Ctrl Pts',(13.6157238266833,-45.5186822100323,-9.36725931075146));
#9009=CARTESIAN_POINT('Ctrl Pts',(9.6504883438763,-42.5254472399623,-9.48651499831466));
#9010=CARTESIAN_POINT('Ctrl Pts',(7.60360419781938,-37.9985483772985,-9.60577068587785));
#9011=CARTESIAN_POINT('Ctrl Pts',(7.97531179960846,-33.0443197310878,-9.72502637344104));
#9012=CARTESIAN_POINT('Ctrl Pts',(10.6747690935831,-28.873531036108,-9.84428206100423));
#9013=CARTESIAN_POINT('Ctrl Pts',(15.0422525535854,-26.5054862209133,-9.96353774856742));
#9014=CARTESIAN_POINT('Ctrl Pts',(20.0103877873251,-26.5189145282547,-10.0827934361306));
#9015=CARTESIAN_POINT('Ctrl Pts',(24.3650064128284,-28.9105341983911,-10.2020491236938));
#9016=CARTESIAN_POINT('Ctrl Pts',(27.0418780897589,-33.0958545021924,-10.321304811257));
#9017=CARTESIAN_POINT('Ctrl Pts',(27.3867990173307,-38.0520201142242,-10.4405604988202));
#9018=CARTESIAN_POINT('Ctrl Pts',(25.3154735665331,-42.5677879223652,-10.5598161863834));
#9019=CARTESIAN_POINT('Ctrl Pts',(21.3341153875214,-45.5395441490062,-10.6790718739466));
#9020=CARTESIAN_POINT('Ctrl Pts',(16.415733263438,-46.2410178132737,-10.7983275615098));
#9021=CARTESIAN_POINT('Ctrl Pts',(11.7623363555819,-44.5007749457062,-10.917583249073));
#9022=CARTESIAN_POINT('Ctrl Pts',(8.51117377825329,-40.7441155366112,-11.0368389366362));
#9023=CARTESIAN_POINT('Ctrl Pts',(7.45680095724664,-35.8891339738772,-11.1560946241993));
#9024=CARTESIAN_POINT('Ctrl Pts',(8.85689729979403,-31.1223448814431,-11.2753503117625));
#9025=CARTESIAN_POINT('Ctrl Pts',(12.3692916227736,-27.6087094222548,-11.3946059993257));
#9026=CARTESIAN_POINT('Ctrl Pts',(17.1355857684572,-26.2069290767706,-11.5138616868889));
#9027=CARTESIAN_POINT('Ctrl Pts',(21.9909395345141,-27.2595865835602,-11.6331173744521));
#9028=CARTESIAN_POINT('Ctrl Pts',(25.7487473338002,-30.5094217430396,-11.7523730620153));
#9029=CARTESIAN_POINT('Ctrl Pts',(27.4906341220045,-35.1622035386157,-11.8716287495785));
#9030=CARTESIAN_POINT('Ctrl Pts',(26.7908981491319,-40.0808331839978,-11.9908844371417));
#9031=CARTESIAN_POINT('Ctrl Pts',(23.8205487082109,-44.0632410258673,-12.1101401247049));
#9032=CARTESIAN_POINT('Ctrl Pts',(19.3055129741073,-46.1361617527479,-12.2293958122681));
#9033=CARTESIAN_POINT('Ctrl Pts',(14.3492258119994,-45.7929918430961,-12.3486514998313));
#9034=CARTESIAN_POINT('Ctrl Pts',(10.1629600397747,-43.1175989926046,-12.4679071873945));
#9035=CARTESIAN_POINT('Ctrl Pts',(7.76980204700016,-38.7638255899359,-12.5871628749577));
#9036=CARTESIAN_POINT('Ctrl Pts',(7.75461851527778,-33.7956954104287,-12.7064185625208));
#9037=CARTESIAN_POINT('Ctrl Pts',(10.1211201656834,-29.4273756008479,-12.8256742500841));
#9038=CARTESIAN_POINT('Ctrl Pts',(14.2909548913244,-26.7264449499336,-12.9449299376472));
#9039=CARTESIAN_POINT('Ctrl Pts',(19.2450519053087,-26.3529870592743,-13.0641856252104));
#9040=CARTESIAN_POINT('Ctrl Pts',(23.7726736426545,-28.3982717396659,-13.1834413127736));
#9041=CARTESIAN_POINT('Ctrl Pts',(26.7673093300389,-32.3624494753167,-13.3026970003368));
#9042=CARTESIAN_POINT('Ctrl Pts',(27.4970964485905,-37.2767102316971,-13.4219526879));
#9043=CARTESIAN_POINT('Ctrl Pts',(25.7836814702616,-41.9400520734636,-13.5412083754632));
#9044=CARTESIAN_POINT('Ctrl Pts',(22.0458078868843,-45.2127954321168,-13.6604640630264));
#9045=CARTESIAN_POINT('Ctrl Pts',(17.196978994856,-46.2951107298091,-13.7797197505896));
#9046=CARTESIAN_POINT('Ctrl Pts',(12.4222057629461,-44.9224896640378,-13.8989754381528));
#9047=CARTESIAN_POINT('Ctrl Pts',(8.88840060065875,-41.4303887043378,-14.018231125716));
#9048=CARTESIAN_POINT('Ctrl Pts',(7.45919429942621,-36.6722464866664,-14.1374868132791));
#9049=CARTESIAN_POINT('Ctrl Pts',(8.48387223117465,-31.810910960256,-14.2567425008423));
#9050=CARTESIAN_POINT('Ctrl Pts',(11.7120122151109,-28.0344495890607,-14.3759981884055));
#9051=CARTESIAN_POINT('Ctrl Pts',(16.3546852252465,-26.2657962115757,-14.4952538759687));
#9052=CARTESIAN_POINT('Ctrl Pts',(21.2772632174357,-26.9371940425363,-14.6145095635319));
#9053=CARTESIAN_POINT('Ctrl Pts',(25.2767110948063,-29.884559490275,-14.7337652510951));
#9054=CARTESIAN_POINT('Ctrl Pts',(27.3756001453238,-34.3875822392216,-14.8530209386583));
#9055=CARTESIAN_POINT('Ctrl Pts',(27.0609782920275,-39.345763755976,-14.9722766262215));
#9056=CARTESIAN_POINT('Ctrl Pts',(24.409740712182,-43.5473673039856,-15.0915323137847));
#9057=CARTESIAN_POINT('Ctrl Pts',(20.069817460484,-45.9655600415752,-15.2107880013479));
#9058=CARTESIAN_POINT('Ctrl Pts',(15.1018659705838,-46.0093529744753,-15.3300436889111));
#9059=CARTESIAN_POINT('Ctrl Pts',(10.7199716344346,-43.6680518119778,-15.4492993764742));
#9060=CARTESIAN_POINT('Ctrl Pts',(7.99510908264975,-39.5138327780231,-15.5685550640375));
#9061=CARTESIAN_POINT('Ctrl Pts',(7.59304947930924,-34.5619855199789,-15.6878107516006));
#9062=CARTESIAN_POINT('Ctrl Pts',(9.61238422652975,-30.0226254044195,-15.8070664391638));
#9063=CARTESIAN_POINT('Ctrl Pts',(13.5589216812206,-27.0052827136986,-15.926322126727));
#9064=CARTESIAN_POINT('Ctrl Pts',(18.469572268265,-26.247065965422,-16.0455778142902));
#9065=CARTESIAN_POINT('Ctrl Pts',(21.5837126946474,-27.3719606072662,-16.125081605999));
#9066=CARTESIAN_POINT('Ctrl Pts',(22.9119618929342,-28.2731191108664,-16.1648335018534));
#9067=CARTESIAN_POINT('Ctrl Pts',(22.9285775518671,-28.6323978993806,-5.83516649814614));
#9068=CARTESIAN_POINT('Ctrl Pts',(24.197002394063,-29.5363231154293,-5.87491839400054));
#9069=CARTESIAN_POINT('Ctrl Pts',(26.2721780773791,-31.9893025464298,-5.95442218570933));
#9070=CARTESIAN_POINT('Ctrl Pts',(27.2410921257379,-36.7126232863523,-6.07367787327252));
#9071=CARTESIAN_POINT('Ctrl Pts',(25.8292320869152,-41.3219522253219,-6.19293356083571));
#9072=CARTESIAN_POINT('Ctrl Pts',(22.3818441189717,-44.69219461595,-6.31218924839891));
#9073=CARTESIAN_POINT('Ctrl Pts',(17.7413454859704,-45.9990197668433,-6.4314449359621));
#9074=CARTESIAN_POINT('Ctrl Pts',(13.0418792346115,-44.9233772406737,-6.55070062352529));
#9075=CARTESIAN_POINT('Ctrl Pts',(9.43193099677655,-41.7279860561817,-6.66995631108849));
#9076=CARTESIAN_POINT('Ctrl Pts',(7.79375114733549,-37.1938486538409,-6.78921199865168));
#9077=CARTESIAN_POINT('Ctrl Pts',(8.52769107690878,-32.4290307235916,-6.90846768621486));
#9078=CARTESIAN_POINT('Ctrl Pts',(11.4543849234603,-28.5980299002359,-7.02772337377807));
#9079=CARTESIAN_POINT('Ctrl Pts',(15.85857330172,-26.6371001067029,-7.14697906134125));
#9080=CARTESIAN_POINT('Ctrl Pts',(20.6639120701701,-27.0254795713756,-7.26623474890445));
#9081=CARTESIAN_POINT('Ctrl Pts',(24.6960185695618,-29.6682496912916,-7.38549043646764));
#9082=CARTESIAN_POINT('Ctrl Pts',(26.9694817191927,-33.9195418016234,-7.50474612403083));
#9083=CARTESIAN_POINT('Ctrl Pts',(26.9286871302949,-38.7403771558171,-7.62400181159403));
#9084=CARTESIAN_POINT('Ctrl Pts',(24.5836046741601,-42.9525864019886,-7.74325749915721));
#9085=CARTESIAN_POINT('Ctrl Pts',(20.5073517792246,-45.5267426778582,-7.86251318672041));
#9086=CARTESIAN_POINT('Ctrl Pts',(15.6961286673032,-45.83374497643,-7.9817688742836));
#9087=CARTESIAN_POINT('Ctrl Pts',(11.3257557794439,-43.7985646192051,-8.1010245618468));
#9088=CARTESIAN_POINT('Ctrl Pts',(8.4643136604889,-39.9185817280461,-8.22028024940999));
#9089=CARTESIAN_POINT('Ctrl Pts',(7.81111349655603,-35.1420298543793,-8.33953593697317));
#9090=CARTESIAN_POINT('Ctrl Pts',(9.52579164033329,-30.636256101847,-8.45879162453637));
#9091=CARTESIAN_POINT('Ctrl Pts',(13.1892958940504,-27.5024317875753,-8.57804731209956));
#9092=CARTESIAN_POINT('Ctrl Pts',(17.9062981673294,-26.5064359027257,-8.69730299966276));
#9093=CARTESIAN_POINT('Ctrl Pts',(22.5240047561514,-27.8916810464438,-8.81655868722594));
#9094=CARTESIAN_POINT('Ctrl Pts',(25.913888945064,-31.3196255376411,-8.93581437478914));
#9095=CARTESIAN_POINT('Ctrl Pts',(27.2474929713156,-35.95251001169,-9.05507006235232));
#9096=CARTESIAN_POINT('Ctrl Pts',(26.198895786759,-40.6580984120281,-9.17432574991553));
#9097=CARTESIAN_POINT('Ctrl Pts',(23.0243652840743,-44.2863864844284,-9.29358143747871));
#9098=CARTESIAN_POINT('Ctrl Pts',(18.4997286866838,-45.9506526621683,-9.41283712504191));
#9099=CARTESIAN_POINT('Ctrl Pts',(13.730767225976,-45.2441649870473,-9.5320928126051));
#9100=CARTESIAN_POINT('Ctrl Pts',(9.88297297252128,-42.3395828085073,-9.65134850016829));
#9101=CARTESIAN_POINT('Ctrl Pts',(7.89671286543933,-37.9467603632191,-9.77060418773148));
#9102=CARTESIAN_POINT('Ctrl Pts',(8.25741133601716,-33.1392646677312,-9.88985987529468));
#9103=CARTESIAN_POINT('Ctrl Pts',(10.8769168630506,-29.0920052193324,-10.0091155628579));
#9104=CARTESIAN_POINT('Ctrl Pts',(15.1150454262397,-26.7940964894884,-10.1283712504211));
#9105=CARTESIAN_POINT('Ctrl Pts',(19.9360358278582,-26.8071270809995,-10.2476269379843));
#9106=CARTESIAN_POINT('Ctrl Pts',(24.1616805835984,-29.1279124323616,-10.3668826255474));
#9107=CARTESIAN_POINT('Ctrl Pts',(26.7592694280414,-33.1892730964789,-10.4861383131106));
#9108=CARTESIAN_POINT('Ctrl Pts',(27.0939745845854,-37.9986483892788,-10.6053940006738));
#9109=CARTESIAN_POINT('Ctrl Pts',(25.0839970684528,-42.3806694564868,-10.724649688237));
#9110=CARTESIAN_POINT('Ctrl Pts',(21.2205576362752,-45.2644090429798,-10.8439053758002));
#9111=CARTESIAN_POINT('Ctrl Pts',(16.4478467707037,-45.9451066575405,-10.9631610633634));
#9112=CARTESIAN_POINT('Ctrl Pts',(11.9322728637495,-44.2564058138011,-11.0824167509266));
#9113=CARTESIAN_POINT('Ctrl Pts',(8.77740230528359,-40.6110100865668,-11.2016724384898));
#9114=CARTESIAN_POINT('Ctrl Pts',(7.75425760195912,-35.8998220023495,-11.320928126053));
#9115=CARTESIAN_POINT('Ctrl Pts',(9.11288628479415,-31.2742143286496,-11.4401838136162));
#9116=CARTESIAN_POINT('Ctrl Pts',(12.5212515005368,-27.8646447363216,-11.5594395011794));
#9117=CARTESIAN_POINT('Ctrl Pts',(17.1463788866797,-26.5043819268751,-11.6786951887426));
#9118=CARTESIAN_POINT('Ctrl Pts',(21.8579281504067,-27.5258621196765,-11.7979508763057));
#9119=CARTESIAN_POINT('Ctrl Pts',(25.5044382551343,-30.6794445753818,-11.9172065638689));
#9120=CARTESIAN_POINT('Ctrl Pts',(27.1947343303314,-35.1944215882785,-12.0364622514321));
#9121=CARTESIAN_POINT('Ctrl Pts',(26.5157229407106,-39.9673726441325,-12.1557179389953));
#9122=CARTESIAN_POINT('Ctrl Pts',(23.6333484741536,-43.8318306505486,-12.2749736265585));
#9123=CARTESIAN_POINT('Ctrl Pts',(19.2520377986202,-45.8433561943258,-12.3942293141217));
#9124=CARTESIAN_POINT('Ctrl Pts',(14.4425445557801,-45.5103501945454,-12.5134850016849));
#9125=CARTESIAN_POINT('Ctrl Pts',(10.3802664258574,-42.9141963770759,-12.6327406892481));
#9126=CARTESIAN_POINT('Ctrl Pts',(8.05798831346433,-38.6893718105981,-12.7519963768113));
#9127=CARTESIAN_POINT('Ctrl Pts',(8.04325448331431,-33.8683863135173,-12.8712520643745));
#9128=CARTESIAN_POINT('Ctrl Pts',(10.33966575339,-29.6294461715163,-12.9905077519377));
#9129=CARTESIAN_POINT('Ctrl Pts',(14.3859994868456,-27.0085109250146,-13.1097634395009));
#9130=CARTESIAN_POINT('Ctrl Pts',(19.1933674487534,-26.6461140051302,-13.2290191270641));
#9131=CARTESIAN_POINT('Ctrl Pts',(23.5868913588246,-28.630822019071,-13.3482748146273));
#9132=CARTESIAN_POINT('Ctrl Pts',(26.4928327686274,-32.4775898534273,-13.4675305021904));
#9133=CARTESIAN_POINT('Ctrl Pts',(27.2010052575461,-37.2463014168053,-13.5867861897536));
#9134=CARTESIAN_POINT('Ctrl Pts',(25.5383377221668,-41.7715257114143,-13.7060418773168));
#9135=CARTESIAN_POINT('Ctrl Pts',(21.9111714273474,-44.9473378776928,-13.82529756488));
#9136=CARTESIAN_POINT('Ctrl Pts',(17.2059537857651,-45.9975974652871,-13.9445532524432));
#9137=CARTESIAN_POINT('Ctrl Pts',(12.5725984445871,-44.6656303042077,-14.0638089400064));
#9138=CARTESIAN_POINT('Ctrl Pts',(9.14345652975382,-41.2769574086183,-14.1830646275696));
#9139=CARTESIAN_POINT('Ctrl Pts',(7.75658005880312,-36.6597405089763,-14.3023203151328));
#9140=CARTESIAN_POINT('Ctrl Pts',(8.75090936774807,-31.9423866509917,-14.421576002696));
#9141=CARTESIAN_POINT('Ctrl Pts',(11.8834392095179,-28.2777754506015,-14.5408316902592));
#9142=CARTESIAN_POINT('Ctrl Pts',(16.3886068361384,-26.5615055514372,-14.6600873778224));
#9143=CARTESIAN_POINT('Ctrl Pts',(21.1653892977741,-27.2130181102634,-14.7793430653855));
#9144=CARTESIAN_POINT('Ctrl Pts',(25.0463826527121,-30.0730893170841,-14.8985987529488));
#9145=CARTESIAN_POINT('Ctrl Pts',(27.0831073976201,-34.4427428046765,-15.0178544405119));
#9146=CARTESIAN_POINT('Ctrl Pts',(26.7778039258908,-39.2540742956999,-15.1371101280752));
#9147=CARTESIAN_POINT('Ctrl Pts',(24.2050899550548,-43.3312359314779,-15.2563658156383));
#9148=CARTESIAN_POINT('Ctrl Pts',(19.9937053296714,-45.6778073166548,-15.3756215032015));
#9149=CARTESIAN_POINT('Ctrl Pts',(15.172893229819,-45.7203032027845,-15.4948771907647));
#9150=CARTESIAN_POINT('Ctrl Pts',(10.9207806077599,-43.4483460396536,-15.6141328783279));
#9151=CARTESIAN_POINT('Ctrl Pts',(8.2766222686971,-39.4171654967195,-15.7333885658911));
#9152=CARTESIAN_POINT('Ctrl Pts',(7.88647075361362,-34.6119806581132,-15.8526442534543));
#9153=CARTESIAN_POINT('Ctrl Pts',(9.84599741220594,-30.207066033813,-15.9718999410175));
#9154=CARTESIAN_POINT('Ctrl Pts',(13.6756474304826,-27.2790901503124,-16.0911556285807));
#9155=CARTESIAN_POINT('Ctrl Pts',(18.4408557495047,-26.5433300524465,-16.2104113161439));
#9156=CARTESIAN_POINT('Ctrl Pts',(21.4627624405552,-27.6349078811523,-16.2899151078527));
#9157=CARTESIAN_POINT('Ctrl Pts',(22.7516719276421,-28.5093761256335,-16.3296670037071));
#9158=CARTESIAN_POINT('Ctrl Pts',(22.7628881258399,-28.8649000802365,-5.99999999999978));
#9159=CARTESIAN_POINT('Ctrl Pts',(23.9925984830619,-29.7412359602599,-6.03975189585418));
#9160=CARTESIAN_POINT('Ctrl Pts',(26.0044362726868,-32.1193462841884,-6.11925568756297));
#9161=CARTESIAN_POINT('Ctrl Pts',(26.9437774152506,-36.6985032362931,-6.23851137512616));
#9162=CARTESIAN_POINT('Ctrl Pts',(25.5750097477219,-41.1671476112179,-6.35776706268936));
#9163=CARTESIAN_POINT('Ctrl Pts',(22.2328419278271,-44.4345244681145,-6.47702275025255));
#9164=CARTESIAN_POINT('Ctrl Pts',(17.7339792109817,-45.701463091257,-6.59627843781574));
#9165=CARTESIAN_POINT('Ctrl Pts',(13.1779486678506,-44.6586510056713,-6.71553412537893));
#9166=CARTESIAN_POINT('Ctrl Pts',(9.6781821941702,-41.5607885985123,-6.83478981294212));
#9167=CARTESIAN_POINT('Ctrl Pts',(8.09000238182722,-37.1650407865465,-6.95404550050532));
#9168=CARTESIAN_POINT('Ctrl Pts',(8.80154121562403,-32.5456532089898,-7.0733011880685));
#9169=CARTESIAN_POINT('Ctrl Pts',(11.6389073849048,-28.8315810509182,-7.19255687563171));
#9170=CARTESIAN_POINT('Ctrl Pts',(15.9086724381706,-26.93050217208,-7.31181256319489));
#9171=CARTESIAN_POINT('Ctrl Pts',(20.567344088982,-27.3070276344901,-7.43106825075809));
#9172=CARTESIAN_POINT('Ctrl Pts',(24.476383835586,-29.8691359124949,-7.55032393832128));
#9173=CARTESIAN_POINT('Ctrl Pts',(26.6804570205793,-33.9906713521512,-7.66957962588447));
#9174=CARTESIAN_POINT('Ctrl Pts',(26.6409075519648,-38.6643666065349,-7.78883531344766));
#9175=CARTESIAN_POINT('Ctrl Pts',(24.3674010035943,-42.7480120575618,-7.90809100101086));
#9176=CARTESIAN_POINT('Ctrl Pts',(20.4155622845732,-45.2436007028177,-8.02734668857405));
#9177=CARTESIAN_POINT('Ctrl Pts',(15.7511858904681,-45.5412327687359,-8.14660237613723));
#9178=CARTESIAN_POINT('Ctrl Pts',(11.5142042212836,-43.5681695797799,-8.26585806370044));
#9179=CARTESIAN_POINT('Ctrl Pts',(8.74009818581822,-39.8066103699793,-8.38511375126362));
#9180=CARTESIAN_POINT('Ctrl Pts',(8.10683480259977,-35.1758469889287,-8.50436943882681));
#9181=CARTESIAN_POINT('Ctrl Pts',(9.76917805113988,-30.8075971199059,-8.62362512639001));
#9182=CARTESIAN_POINT('Ctrl Pts',(13.3208659199483,-27.7694224573046,-8.7428808139532));
#9183=CARTESIAN_POINT('Ctrl Pts',(17.8938972557651,-26.8038260619915,-8.8621365015164));
#9184=CARTESIAN_POINT('Ctrl Pts',(22.3706635804104,-28.1467911663113,-8.98139218907958));
#9185=CARTESIAN_POINT('Ctrl Pts',(25.6570827344786,-31.4701089574619,-9.10064787664278));
#9186=CARTESIAN_POINT('Ctrl Pts',(26.9499828961274,-35.9615899124451,-9.21990356420596));
#9187=CARTESIAN_POINT('Ctrl Pts',(25.9333906822989,-40.5235557461489,-9.33915925176917));
#9188=CARTESIAN_POINT('Ctrl Pts',(22.8557522534346,-44.0411022914303,-9.45841493933234));
#9189=CARTESIAN_POINT('Ctrl Pts',(18.4692152656822,-45.6545722329349,-9.57767062689555));
#9190=CARTESIAN_POINT('Ctrl Pts',(13.8458106252686,-44.9696477640622,-9.69692631445873));
#9191=CARTESIAN_POINT('Ctrl Pts',(10.1154576011662,-42.1537183770525,-9.81618200202193));
#9192=CARTESIAN_POINT('Ctrl Pts',(8.18982153305928,-37.8949723491396,-9.93543768958512));
#9193=CARTESIAN_POINT('Ctrl Pts',(8.53951087242586,-33.2342096043746,-10.0546933771483));
#9194=CARTESIAN_POINT('Ctrl Pts',(11.0790646325181,-29.3104794025567,-10.1739490647115));
#9195=CARTESIAN_POINT('Ctrl Pts',(15.1878382988941,-27.0827067580634,-10.2932047522747));
#9196=CARTESIAN_POINT('Ctrl Pts',(19.8616838683913,-27.0953396337442,-10.4124604398379));
#9197=CARTESIAN_POINT('Ctrl Pts',(23.9583547543684,-29.3452906663322,-10.5317161274011));
#9198=CARTESIAN_POINT('Ctrl Pts',(26.4766607663238,-33.2826916907653,-10.6509718149643));
#9199=CARTESIAN_POINT('Ctrl Pts',(26.8011501518402,-37.9452766643335,-10.7702275025275));
#9200=CARTESIAN_POINT('Ctrl Pts',(24.8525205703725,-42.1935509906083,-10.8894831900907));
#9201=CARTESIAN_POINT('Ctrl Pts',(21.106999885029,-44.9892739369535,-11.0087388776539));
#9202=CARTESIAN_POINT('Ctrl Pts',(16.4799602779695,-45.6491955018074,-11.127994565217));
#9203=CARTESIAN_POINT('Ctrl Pts',(12.1022093719171,-44.012036681896,-11.2472502527803));
#9204=CARTESIAN_POINT('Ctrl Pts',(9.04363083231388,-40.4779046365224,-11.3665059403434));
#9205=CARTESIAN_POINT('Ctrl Pts',(8.05171424667162,-35.9105100308217,-11.4857616279066));
#9206=CARTESIAN_POINT('Ctrl Pts',(9.36887526979427,-31.4260837758563,-11.6050173154698));
#9207=CARTESIAN_POINT('Ctrl Pts',(12.6732113782999,-28.1205800503883,-11.724273003033));
#9208=CARTESIAN_POINT('Ctrl Pts',(17.1571720049021,-26.8018347769796,-11.8435286905962));
#9209=CARTESIAN_POINT('Ctrl Pts',(21.7249167662992,-27.7921376557929,-11.9627843781594));
#9210=CARTESIAN_POINT('Ctrl Pts',(25.2601291764683,-30.849467407724,-12.0820400657226));
#9211=CARTESIAN_POINT('Ctrl Pts',(26.8988345386584,-35.2266396379414,-12.2012957532858));
#9212=CARTESIAN_POINT('Ctrl Pts',(26.2405477322892,-39.8539121042672,-12.320551440849));
#9213=CARTESIAN_POINT('Ctrl Pts',(23.4461482400965,-43.6004202752299,-12.4398071284122));
#9214=CARTESIAN_POINT('Ctrl Pts',(19.1985626231331,-45.5505506359037,-12.5590628159753));
#9215=CARTESIAN_POINT('Ctrl Pts',(14.5358632995609,-45.2277085459948,-12.6783185035386));
#9216=CARTESIAN_POINT('Ctrl Pts',(10.5975728119401,-42.7107937615472,-12.7975741911017));
#9217=CARTESIAN_POINT('Ctrl Pts',(8.3461745799285,-38.6149180312603,-12.9168298786649));
#9218=CARTESIAN_POINT('Ctrl Pts',(8.33189045135084,-33.9410772166059,-13.0360855662281));
#9219=CARTESIAN_POINT('Ctrl Pts',(10.5582113410966,-29.8315167421847,-13.1553412537913));
#9220=CARTESIAN_POINT('Ctrl Pts',(14.4810440823668,-27.2905769000957,-13.2745969413545));
#9221=CARTESIAN_POINT('Ctrl Pts',(19.141682992198,-26.939240950986,-13.3938526289177));
#9222=CARTESIAN_POINT('Ctrl Pts',(23.4011090749948,-28.8633722984761,-13.5131083164809));
#9223=CARTESIAN_POINT('Ctrl Pts',(26.2183562072159,-32.5927302315379,-13.6323640040441));
#9224=CARTESIAN_POINT('Ctrl Pts',(26.9049140665017,-37.2158926019135,-13.7516196916073));
#9225=CARTESIAN_POINT('Ctrl Pts',(25.292993974072,-41.602999349365,-13.8708753791705));
#9226=CARTESIAN_POINT('Ctrl Pts',(21.7765349678105,-44.681880323269,-13.9901310667337));
#9227=CARTESIAN_POINT('Ctrl Pts',(17.2149285766742,-45.700084200765,-14.1093867542968));
#9228=CARTESIAN_POINT('Ctrl Pts',(12.7229911262281,-44.4087709443775,-14.22864244186));
#9229=CARTESIAN_POINT('Ctrl Pts',(9.39851245884888,-41.1235261128987,-14.3478981294233));
#9230=CARTESIAN_POINT('Ctrl Pts',(8.05396581818003,-36.6472345312863,-14.4671538169864));
#9231=CARTESIAN_POINT('Ctrl Pts',(9.0179465043215,-32.0738623417274,-14.5864095045496));
#9232=CARTESIAN_POINT('Ctrl Pts',(12.0548662039248,-28.5211013121424,-14.7056651921128));
#9233=CARTESIAN_POINT('Ctrl Pts',(16.4225284470303,-26.8572148912987,-14.824920879676));
#9234=CARTESIAN_POINT('Ctrl Pts',(21.0535153781125,-27.4888421779906,-14.9441765672392));
#9235=CARTESIAN_POINT('Ctrl Pts',(24.8160542106178,-30.2616191438932,-15.0634322548024));
#9236=CARTESIAN_POINT('Ctrl Pts',(26.7906146499164,-34.4979033701314,-15.1826879423656));
#9237=CARTESIAN_POINT('Ctrl Pts',(26.4946295597542,-39.1623848354238,-15.3019436299288));
#9238=CARTESIAN_POINT('Ctrl Pts',(24.0004391979275,-43.1151045589702,-15.421199317492));
#9239=CARTESIAN_POINT('Ctrl Pts',(19.9175931988587,-45.3900545917345,-15.5404550050552));
#9240=CARTESIAN_POINT('Ctrl Pts',(15.2439204890543,-45.4312534310938,-15.6597106926184));
#9241=CARTESIAN_POINT('Ctrl Pts',(11.1215895810851,-43.2286402673294,-15.7789663801816));
#9242=CARTESIAN_POINT('Ctrl Pts',(8.55813545474444,-39.3204982154159,-15.8982220677447));
#9243=CARTESIAN_POINT('Ctrl Pts',(8.17989202791802,-34.6619757962476,-16.0174777553079));
#9244=CARTESIAN_POINT('Ctrl Pts',(10.0796105978821,-30.3915066632064,-16.1367334428711));
#9245=CARTESIAN_POINT('Ctrl Pts',(13.7923731797447,-27.5528975869262,-16.2559891304343));
#9246=CARTESIAN_POINT('Ctrl Pts',(18.4121392307444,-26.8395941394709,-16.3752448179975));
#9247=CARTESIAN_POINT('Ctrl Pts',(21.341812186463,-27.8978551550385,-16.4547486097063));
#9248=CARTESIAN_POINT('Ctrl Pts',(22.59138196235,-28.7456331404006,-16.4945005055607));
#9249=CARTESIAN_POINT('Ctrl Pts',(23.799983806301,-29.7268342849505,-13.5355386180591));
#9250=CARTESIAN_POINT('Ctrl Pts',(24.6808849362707,-30.5793877044263,-13.5678137467208));
#9251=CARTESIAN_POINT('Ctrl Pts',(26.2614001356282,-32.8825806314968,-13.6398407712368));
#9252=CARTESIAN_POINT('Ctrl Pts',(26.9049140665017,-37.2158926019135,-13.7516196916073));
#9253=CARTESIAN_POINT('Ctrl Pts',(25.6142138178019,-40.7287464937422,-13.8471103715235));
#9254=CARTESIAN_POINT('Ctrl Pts',(24.2367436805047,-42.3505539202219,-13.9028491555853));
#9255=CARTESIAN_POINT('Ctrl Pts',(23.7996376244632,-42.7722952697276,-13.9188360437927));
#9256=CARTESIAN_POINT('Ctrl Pts',(11.469354967867,-29.4770932729103,-13.1785179050676));
#9257=CARTESIAN_POINT('Ctrl Pts',(12.3787198995749,-28.6691089485657,-13.2105442504965));
#9258=CARTESIAN_POINT('Ctrl Pts',(14.7829667968996,-27.2678168653622,-13.2823224917799));
#9259=CARTESIAN_POINT('Ctrl Pts',(19.141682992198,-26.939240950986,-13.3938526289177));
#9260=CARTESIAN_POINT('Ctrl Pts',(22.1330780170907,-28.2905584356042,-13.4776059007276));
#9261=CARTESIAN_POINT('Ctrl Pts',(23.4101647369985,-29.369134421005,-13.5216072766831));
#9262=CARTESIAN_POINT('Ctrl Pts',(23.530613795582,-29.4765517281094,-13.5258567567842));
#9263=CARTESIAN_POINT('',(22.7628881258399,-28.8649000802365,-5.99999999999978));
#9264=CARTESIAN_POINT('Ctrl Pts',(22.7628881258399,-28.8649000802365,-5.99999999999978));
#9265=CARTESIAN_POINT('Ctrl Pts',(23.9925984830619,-29.7412359602599,-6.03975189585418));
#9266=CARTESIAN_POINT('Ctrl Pts',(26.0044362726868,-32.1193462841884,-6.11925568756297));
#9267=CARTESIAN_POINT('Ctrl Pts',(26.9437774152506,-36.6985032362931,-6.23851137512616));
#9268=CARTESIAN_POINT('Ctrl Pts',(25.5750097477219,-41.1671476112179,-6.35776706268936));
#9269=CARTESIAN_POINT('Ctrl Pts',(22.2328419278271,-44.4345244681145,-6.47702275025255));
#9270=CARTESIAN_POINT('Ctrl Pts',(17.7339792109817,-45.701463091257,-6.59627843781574));
#9271=CARTESIAN_POINT('Ctrl Pts',(13.1779486678506,-44.6586510056713,-6.71553412537893));
#9272=CARTESIAN_POINT('Ctrl Pts',(9.6781821941702,-41.5607885985123,-6.83478981294212));
#9273=CARTESIAN_POINT('Ctrl Pts',(8.51666571537383,-38.3459551895049,-6.92200754812445));
#9274=CARTESIAN_POINT('Ctrl Pts',(8.43101724955124,-36.5432282532498,-6.96947338745237));
#9275=CARTESIAN_POINT('Ctrl Pts',(8.43131938635136,-36.2502282064675,-6.9771873309259));
#9276=CARTESIAN_POINT('Ctrl Pts',(21.8270472619804,-45.1825984823332,-5.99999999999978));
#9277=CARTESIAN_POINT('Ctrl Pts',(22.0405815628047,-45.0682140636028,-5.99999999999978));
#9278=CARTESIAN_POINT('Ctrl Pts',(22.2496217466219,-44.9461129984299,-5.99999999999978));
#9279=CARTESIAN_POINT('Ctrl Pts',(22.4537025612631,-44.8164305261175,-5.99999999999978));
#9280=CARTESIAN_POINT('Ctrl Pts',(22.6617113425992,-44.6842520404829,-5.99999999999978));
#9281=CARTESIAN_POINT('Ctrl Pts',(22.8645686148835,-44.5441972705512,-5.99999999999978));
#9282=CARTESIAN_POINT('Ctrl Pts',(23.0619237316256,-44.3966639897226,-5.99999999999978));
#9283=CARTESIAN_POINT('Ctrl Pts',(23.2593078245861,-44.249109047654,-5.99999999999978));
#9284=CARTESIAN_POINT('Ctrl Pts',(23.4511885906821,-44.0940728914501,-5.99999999999978));
#9285=CARTESIAN_POINT('Ctrl Pts',(23.6371781212421,-43.9319170120361,-5.99999999999978));
#9286=CARTESIAN_POINT('Ctrl Pts',(23.692151063388,-43.8839885842864,-5.99999999999978));
#9287=CARTESIAN_POINT('Ctrl Pts',(23.7466090663661,-43.8354379510931,-5.99999999999978));
#9288=CARTESIAN_POINT('Ctrl Pts',(23.8005414048644,-43.7862739366958,-5.99999999999978));
#9289=CARTESIAN_POINT('Ctrl Pts',(23.8270517812725,-43.7621074242897,-5.99999999999978));
#9290=CARTESIAN_POINT('Ctrl Pts',(23.8534351413103,-43.7377927033165,-5.99999999999978));
#9291=CARTESIAN_POINT('Ctrl Pts',(23.8796901803935,-43.7133308035442,-5.99999999999978));
#9292=CARTESIAN_POINT('Ctrl Pts',(23.9011100488723,-43.693373846931,-5.99999999999978));
#9293=CARTESIAN_POINT('Ctrl Pts',(23.9224431852238,-43.6733201233166,-5.99999999999978));
#9294=CARTESIAN_POINT('Ctrl Pts',(23.9436821900123,-43.6531767018467,-5.99999999999978));
#9295=CARTESIAN_POINT('Ctrl Pts',(24.1254789966783,-43.4807576203012,-5.99999999999978));
#9296=CARTESIAN_POINT('Ctrl Pts',(24.3005231301833,-43.3016394068931,-5.99999999999978));
#9297=CARTESIAN_POINT('Ctrl Pts',(24.4684482639348,-43.1162407128071,-5.99999999999978));
#9298=CARTESIAN_POINT('Ctrl Pts',(24.6321412549535,-42.9355145398519,-5.99999999999978));
#9299=CARTESIAN_POINT('Ctrl Pts',(24.7890698237848,-42.7488198024022,-5.99999999999978));
#9300=CARTESIAN_POINT('Ctrl Pts',(24.9388541705428,-42.5565116053852,-5.99999999999978));
#9301=CARTESIAN_POINT('Ctrl Pts',(25.0944473371899,-42.3567454616346,-5.99999999999978));
#9302=CARTESIAN_POINT('Ctrl Pts',(25.2423322338369,-42.1509216352289,-5.99999999999978));
#9303=CARTESIAN_POINT('Ctrl Pts',(25.3820300399516,-41.9394099791841,-5.99999999999978));
#9304=CARTESIAN_POINT('Ctrl Pts',(25.4140172882993,-41.8909791837513,-5.99999999999978));
#9305=CARTESIAN_POINT('Ctrl Pts',(25.4455750505483,-41.8422500807924,-5.99999999999978));
#9306=CARTESIAN_POINT('Ctrl Pts',(25.476697135593,-41.7932269481295,-5.99999999999978));
#9307=CARTESIAN_POINT('Ctrl Pts',(25.4954362275258,-41.7637093567314,-5.99999999999978));
#9308=CARTESIAN_POINT('Ctrl Pts',(25.5140183526776,-41.7340834564268,-5.99999999999978));
#9309=CARTESIAN_POINT('Ctrl Pts',(25.5324304451,-41.7043693716899,-5.99999999999978));
#9310=CARTESIAN_POINT('Ctrl Pts',(25.6169869228613,-41.5679091428578,-5.99999999999978));
#9311=CARTESIAN_POINT('Ctrl Pts',(25.6980144839116,-41.4295015917767,-5.99999999999978));
#9312=CARTESIAN_POINT('Ctrl Pts',(25.7754185898532,-41.2892550874147,-5.99999999999978));
#9313=CARTESIAN_POINT('Ctrl Pts',(25.8917211025873,-41.0785295624436,-5.99999999999978));
#9314=CARTESIAN_POINT('Ctrl Pts',(25.9998455888266,-40.8636534431065,-5.99999999999978));
#9315=CARTESIAN_POINT('Ctrl Pts',(26.0997188525404,-40.6451429035711,-5.99999999999978));
#9316=CARTESIAN_POINT('Ctrl Pts',(26.2002212565964,-40.4252558815767,-5.99999999999978));
#9317=CARTESIAN_POINT('Ctrl Pts',(26.2923683394323,-40.2016878640348,-5.99999999999978));
#9318=CARTESIAN_POINT('Ctrl Pts',(26.376036841549,-39.9749441100141,-5.99999999999978));
#9319=CARTESIAN_POINT('Ctrl Pts',(26.4595886112032,-39.7485167039153,-5.99999999999978));
#9320=CARTESIAN_POINT('Ctrl Pts',(26.5346855729811,-39.5189217578644,-5.99999999999978));
#9321=CARTESIAN_POINT('Ctrl Pts',(26.6011543266146,-39.286651615349,-5.99999999999978));
#9322=CARTESIAN_POINT('Ctrl Pts',(26.6612109250345,-39.076788274885,-5.99999999999978));
#9323=CARTESIAN_POINT('Ctrl Pts',(26.714223171669,-38.8647405132867,-5.99999999999978));
#9324=CARTESIAN_POINT('Ctrl Pts',(26.7600261190921,-38.6508705866029,-5.99999999999978));
#9325=CARTESIAN_POINT('Ctrl Pts',(26.7772022243758,-38.5706693640965,-5.99999999999978));
#9326=CARTESIAN_POINT('Ctrl Pts',(26.7933641602244,-38.4902119230699,-5.99999999999978));
#9327=CARTESIAN_POINT('Ctrl Pts',(26.8085019101052,-38.4095175158395,-5.99999999999978));
#9328=CARTESIAN_POINT('Ctrl Pts',(26.8153527636043,-38.3729978503356,-5.99999999999978));
#9329=CARTESIAN_POINT('Ctrl Pts',(26.8219938361654,-38.3364296517115,-5.99999999999978));
#9330=CARTESIAN_POINT('Ctrl Pts',(26.8284241499364,-38.2998147139367,-5.99999999999978));
#9331=CARTESIAN_POINT('Ctrl Pts',(26.8328909120499,-38.2743804625666,-5.99999999999978));
#9332=CARTESIAN_POINT('Ctrl Pts',(26.8372556199012,-38.248925510829,-5.99999999999978));
#9333=CARTESIAN_POINT('Ctrl Pts',(26.8415161667969,-38.2234618830999,-5.99999999999978));
#9334=CARTESIAN_POINT('Ctrl Pts',(26.8810235421398,-37.9873417034795,-5.99999999999978));
#9335=CARTESIAN_POINT('Ctrl Pts',(26.9116269523741,-37.7502046745264,-5.99999999999978));
#9336=CARTESIAN_POINT('Ctrl Pts',(26.9332279830323,-37.5125395029658,-5.99999999999978));
#9337=CARTESIAN_POINT('Ctrl Pts',(26.9547665087435,-37.2755620415991,-5.99999999999978));
#9338=CARTESIAN_POINT('Ctrl Pts',(26.9673547708844,-37.0380588432557,-5.99999999999978));
#9339=CARTESIAN_POINT('Ctrl Pts',(26.9708440394439,-36.8005076184759,-5.99999999999978));
#9340=CARTESIAN_POINT('Ctrl Pts',(26.9713377156011,-36.7668978880212,-5.99999999999978));
#9341=CARTESIAN_POINT('Ctrl Pts',(26.9716491650271,-36.7332871943904,-5.99999999999978));
#9342=CARTESIAN_POINT('Ctrl Pts',(26.9717778817427,-36.6996768911063,-5.99999999999978));
#9343=CARTESIAN_POINT('Ctrl Pts',(26.9726915355447,-36.4611050690025,-5.99999999999978));
#9344=CARTESIAN_POINT('Ctrl Pts',(26.9644025986451,-36.2225522359463,-5.99999999999978));
#9345=CARTESIAN_POINT('Ctrl Pts',(26.9470388765925,-35.9845253854036,-5.99999999999978));
#9346=CARTESIAN_POINT('Ctrl Pts',(26.9297132855227,-35.7470212452396,-5.99999999999978));
#9347=CARTESIAN_POINT('Ctrl Pts',(26.9033525179287,-35.5100401316324,-5.99999999999978));
#9348=CARTESIAN_POINT('Ctrl Pts',(26.8680337900557,-35.2740997299822,-5.99999999999978));
#9349=CARTESIAN_POINT('Ctrl Pts',(26.8479187735768,-35.1397249845417,-5.99999999999978));
#9350=CARTESIAN_POINT('Ctrl Pts',(26.8248972384388,-35.0056881161458,-5.99999999999978));
#9351=CARTESIAN_POINT('Ctrl Pts',(26.7989765881681,-34.8720880255702,-5.99999999999978));
#9352=CARTESIAN_POINT('Ctrl Pts',(26.786553080273,-34.8080548411123,-5.99999999999978));
#9353=CARTESIAN_POINT('Ctrl Pts',(26.7734635189854,-34.744122033361,-5.99999999999978));
#9354=CARTESIAN_POINT('Ctrl Pts',(26.7597083276207,-34.6803007359078,-5.99999999999978));
#9355=CARTESIAN_POINT('Ctrl Pts',(26.7515416626509,-34.6424090671975,-5.99999999999978));
#9356=CARTESIAN_POINT('Ctrl Pts',(26.7431388806918,-34.604550527558,-5.99999999999978));
#9357=CARTESIAN_POINT('Ctrl Pts',(26.7345080440136,-34.5667616845873,-5.99999999999978));
#9358=CARTESIAN_POINT('Ctrl Pts',(26.6818609198682,-34.3362540314609,-5.99999999999978));
#9359=CARTESIAN_POINT('Ctrl Pts',(26.6206935732491,-34.1081448915547,-5.99999999999978));
#9360=CARTESIAN_POINT('Ctrl Pts',(26.5511737885961,-33.8829137746837,-5.99999999999978));
#9361=CARTESIAN_POINT('Ctrl Pts',(26.4816471975921,-33.6576606065066,-5.99999999999978));
#9362=CARTESIAN_POINT('Ctrl Pts',(26.403766322237,-33.4352853829372,-5.99999999999978));
#9363=CARTESIAN_POINT('Ctrl Pts',(26.3176486648265,-33.2162811033261,-5.99999999999978));
#9364=CARTESIAN_POINT('Ctrl Pts',(26.2324188025374,-32.9995345596644,-5.99999999999978));
#9365=CARTESIAN_POINT('Ctrl Pts',(26.139120840155,-32.7860892404124,-5.99999999999978));
#9366=CARTESIAN_POINT('Ctrl Pts',(26.0378230936206,-32.5764451366218,-5.99999999999978));
#9367=CARTESIAN_POINT('Ctrl Pts',(25.9761316404199,-32.4487695479709,-5.99999999999978));
#9368=CARTESIAN_POINT('Ctrl Pts',(25.9114722420434,-32.3225042758424,-5.99999999999978));
#9369=CARTESIAN_POINT('Ctrl Pts',(25.8438525309942,-32.1977677069854,-5.99999999999978));
#9370=CARTESIAN_POINT('Ctrl Pts',(25.7528763135065,-32.0299459130007,-5.99999999999978));
#9371=CARTESIAN_POINT('Ctrl Pts',(25.6565419690055,-31.8648906102005,-5.99999999999978));
#9372=CARTESIAN_POINT('Ctrl Pts',(25.5550159117609,-31.7028210922628,-5.99999999999978));
#9373=CARTESIAN_POINT('Ctrl Pts',(25.5105982617164,-31.6319156781651,-5.99999999999978));
#9374=CARTESIAN_POINT('Ctrl Pts',(25.4651866893908,-31.561581976007,-5.99999999999978));
#9375=CARTESIAN_POINT('Ctrl Pts',(25.4187942706211,-31.491839405791,-5.99999999999978));
#9376=CARTESIAN_POINT('Ctrl Pts',(25.3850769070683,-31.4411514775164,-5.99999999999978));
#9377=CARTESIAN_POINT('Ctrl Pts',(25.3508414320916,-31.3907758092971,-5.99999999999978));
#9378=CARTESIAN_POINT('Ctrl Pts',(25.3160927092614,-31.3407200876649,-5.99999999999978));
#9379=CARTESIAN_POINT('Ctrl Pts',(25.3015923993634,-31.3198323134758,-5.99999999999978));
#9380=CARTESIAN_POINT('Ctrl Pts',(25.2870036160092,-31.2990016092898,-5.99999999999978));
#9381=CARTESIAN_POINT('Ctrl Pts',(25.2723336978338,-31.2782381991085,-5.99999999999978));
#9382=CARTESIAN_POINT('Ctrl Pts',(25.1385192527428,-31.0888408092669,-5.99999999999978));
#9383=CARTESIAN_POINT('Ctrl Pts',(24.9978027514982,-30.9048163579484,-5.99999999999978));
#9384=CARTESIAN_POINT('Ctrl Pts',(24.8505705610375,-30.7264859214855,-5.99999999999978));
#9385=CARTESIAN_POINT('Ctrl Pts',(24.7015054105933,-30.5459353689402,-5.99999999999978));
#9386=CARTESIAN_POINT('Ctrl Pts',(24.5457609085081,-30.3712209517702,-5.99999999999978));
#9387=CARTESIAN_POINT('Ctrl Pts',(24.3836953223743,-30.2027083211595,-5.99999999999978));
#9388=CARTESIAN_POINT('Ctrl Pts',(24.2231645299675,-30.0357915390849,-5.99999999999978));
#9389=CARTESIAN_POINT('Ctrl Pts',(24.0564312725113,-29.8749592329815,-5.99999999999978));
#9390=CARTESIAN_POINT('Ctrl Pts',(23.8838094840196,-29.7206052324132,-5.99999999999978));
#9391=CARTESIAN_POINT('Ctrl Pts',(23.7087121065693,-29.5640376233378,-5.99999999999978));
#9392=CARTESIAN_POINT('Ctrl Pts',(23.5275556678382,-29.4141348667617,-5.99999999999978));
#9393=CARTESIAN_POINT('Ctrl Pts',(23.3406394500076,-29.2713555171864,-5.99999999999978));
#9394=CARTESIAN_POINT('Ctrl Pts',(23.153723232177,-29.128576167611,-5.99999999999978));
#9395=CARTESIAN_POINT('Ctrl Pts',(22.9610467411211,-28.992919719218,-5.99999999999978));
#9396=CARTESIAN_POINT('Ctrl Pts',(22.7628881258399,-28.8649000802365,-5.99999999999978));
#9397=CARTESIAN_POINT('',(23.0722518582261,-28.0368620960992,-15.9999999999998));
#9398=CARTESIAN_POINT('Ctrl Pts',(23.0722518582262,-28.0368620960992,-15.9999999999998));
#9399=CARTESIAN_POINT('Ctrl Pts',(21.7046629487396,-27.10901333338,-15.9602481041454));
#9400=CARTESIAN_POINT('Ctrl Pts',(20.1014758678824,-26.5299076058888,-15.920496208291));
#9401=CARTESIAN_POINT('Ctrl Pts',(18.4572001849427,-26.3704669752577,-15.8807443124366));
#9402=CARTESIAN_POINT('Ctrl Pts',(16.812924502003,-26.2110263446267,-15.8409924165822));
#9403=CARTESIAN_POINT('Ctrl Pts',(15.1275602169808,-26.4712508108557,-15.8012405207278));
#9404=CARTESIAN_POINT('Ctrl Pts',(13.6076405926188,-27.1191479602938,-15.7614886248734));
#9405=CARTESIAN_POINT('Ctrl Pts',(12.0877209682568,-27.7670451097319,-15.721736729019));
#9406=CARTESIAN_POINT('Ctrl Pts',(10.7332460045552,-28.802614942379,-15.6819848331646));
#9407=CARTESIAN_POINT('Ctrl Pts',(9.70948471672958,-30.0993674598389,-15.6422329373102));
#9408=CARTESIAN_POINT('Ctrl Pts',(8.68572342890396,-31.3961199772989,-15.6024810414558));
#9409=CARTESIAN_POINT('Ctrl Pts',(7.9926758169544,-32.9540551795718,-15.5627291456014));
#9410=CARTESIAN_POINT('Ctrl Pts',(7.71514662624588,-34.5827743936219,-15.522977249747));
#9411=CARTESIAN_POINT('Ctrl Pts',(7.62138364436612,-35.133035682405,-15.5095471082863));
#9412=CARTESIAN_POINT('Ctrl Pts',(7.5750487666069,-35.6913763999427,-15.4961169668257));
#9413=CARTESIAN_POINT('Ctrl Pts',(7.57548956582035,-36.2497886256632,-15.482686825365));
#9414=CARTESIAN_POINT('',(8.47287179707803,-35.3847551456288,-15.9999999999998));
#9415=CARTESIAN_POINT('Ctrl Pts',(8.47247640513716,-35.3845246445759,-15.9999999999998));
#9416=CARTESIAN_POINT('Ctrl Pts',(8.48336881809295,-35.1625755034104,-15.9999999999998));
#9417=CARTESIAN_POINT('Ctrl Pts',(8.50244871764242,-34.9414383882614,-15.9999999999998));
#9418=CARTESIAN_POINT('Ctrl Pts',(8.52970746340712,-34.7215661193426,-15.9999999999998));
#9419=CARTESIAN_POINT('Ctrl Pts',(8.55791327063303,-34.4940547406101,-15.9999999999998));
#9420=CARTESIAN_POINT('Ctrl Pts',(8.59487537399219,-34.2678970054416,-15.9999999999998));
#9421=CARTESIAN_POINT('Ctrl Pts',(8.64031184007092,-34.0435309202904,-15.9999999999998));
#9422=CARTESIAN_POINT('Ctrl Pts',(8.68625016151618,-33.8166866643302,-15.9999999999998));
#9423=CARTESIAN_POINT('Ctrl Pts',(8.74085119623276,-33.5916732463397,-15.9999999999998));
#9424=CARTESIAN_POINT('Ctrl Pts',(8.80387718891578,-33.3689436047245,-15.9999999999998));
#9425=CARTESIAN_POINT('Ctrl Pts',(8.86717714240905,-33.1452458039344,-15.9999999999998));
#9426=CARTESIAN_POINT('Ctrl Pts',(8.93897562847096,-32.9238510356861,-15.9999999999998));
#9427=CARTESIAN_POINT('Ctrl Pts',(9.01908331586971,-32.7052278751608,-15.9999999999998));
#9428=CARTESIAN_POINT('Ctrl Pts',(9.0913441566982,-32.5080196680945,-15.9999999999998));
#9429=CARTESIAN_POINT('Ctrl Pts',(9.17036684746423,-32.3130664694227,-15.9999999999998));
#9430=CARTESIAN_POINT('Ctrl Pts',(9.256046373646,-32.1207255299905,-15.9999999999998));
#9431=CARTESIAN_POINT('Ctrl Pts',(9.27939119106696,-32.0683190297013,-15.9999999999998));
#9432=CARTESIAN_POINT('Ctrl Pts',(9.30323037759682,-32.0161065507916,-15.9999999999998));
#9433=CARTESIAN_POINT('Ctrl Pts',(9.32756220458759,-31.964095543755,-15.9999999999998));
#9434=CARTESIAN_POINT('Ctrl Pts',(9.33862653950518,-31.9404447426264,-15.9999999999998));
#9435=CARTESIAN_POINT('Ctrl Pts',(9.349790471538,-31.9168405104309,-15.9999999999998));
#9436=CARTESIAN_POINT('Ctrl Pts',(9.361050277961,-31.893290554877,-15.9999999999998));
#9437=CARTESIAN_POINT('Ctrl Pts',(9.46253367590641,-31.6810373933849,-15.9999999999998));
#9438=CARTESIAN_POINT('Ctrl Pts',(9.57188326863863,-31.4730162846788,-15.9999999999998));
#9439=CARTESIAN_POINT('Ctrl Pts',(9.68882875403108,-31.2696778117464,-15.9999999999998));
#9440=CARTESIAN_POINT('Ctrl Pts',(9.80644652563366,-31.0651704039819,-15.9999999999998));
#9441=CARTESIAN_POINT('Ctrl Pts',(9.93174796245802,-30.8653989745983,-15.9999999999998));
#9442=CARTESIAN_POINT('Ctrl Pts',(10.064509243928,-30.6708333372444,-15.9999999999998));
#9443=CARTESIAN_POINT('Ctrl Pts',(10.1075210068016,-30.6077983095273,-15.9999999999998));
#9444=CARTESIAN_POINT('Ctrl Pts',(10.15131615581,-30.5453098217978,-15.9999999999998));
#9445=CARTESIAN_POINT('Ctrl Pts',(10.1958881717942,-30.4833842815234,-15.9999999999998));
#9446=CARTESIAN_POINT('Ctrl Pts',(10.3328389823153,-30.2931134861535,-15.9999999999998));
#9447=CARTESIAN_POINT('Ctrl Pts',(10.4771206269935,-30.1081551747111,-15.9999999999998));
#9448=CARTESIAN_POINT('Ctrl Pts',(10.6283136345428,-29.9287956278756,-15.9999999999998));
#9449=CARTESIAN_POINT('Ctrl Pts',(10.7800532008441,-29.7487877009881,-15.9999999999998));
#9450=CARTESIAN_POINT('Ctrl Pts',(10.9387546409266,-29.5744186173704,-15.9999999999998));
#9451=CARTESIAN_POINT('Ctrl Pts',(11.104035190713,-29.4060102682218,-15.9999999999998));
#9452=CARTESIAN_POINT('Ctrl Pts',(11.2002398570613,-29.3079850071669,-15.9999999999998));
#9453=CARTESIAN_POINT('Ctrl Pts',(11.298674288445,-29.2119799100049,-15.9999999999998));
#9454=CARTESIAN_POINT('Ctrl Pts',(11.3992684720527,-29.1180644793342,-15.9999999999998));
#9455=CARTESIAN_POINT('Ctrl Pts',(11.4189549113707,-29.0996850824285,-15.9999999999998));
#9456=CARTESIAN_POINT('Ctrl Pts',(11.4387240784438,-29.0813857326366,-15.9999999999998));
#9457=CARTESIAN_POINT('Ctrl Pts',(11.4585754644524,-29.0631669728277,-15.9999999999998));
#9458=CARTESIAN_POINT('Ctrl Pts',(11.4798089330453,-29.0436797962631,-15.9999999999998));
#9459=CARTESIAN_POINT('Ctrl Pts',(11.5011308153731,-29.024290040851,-15.9999999999998));
#9460=CARTESIAN_POINT('Ctrl Pts',(11.5225345695002,-29.0050033416196,-15.9999999999998));
#9461=CARTESIAN_POINT('Ctrl Pts',(11.6993541523347,-28.845673062824,-15.9999999999998));
#9462=CARTESIAN_POINT('Ctrl Pts',(11.881878129473,-28.6932628866323,-15.9999999999998));
#9463=CARTESIAN_POINT('Ctrl Pts',(12.0696379735904,-28.5480303147275,-15.9999999999998));
#9464=CARTESIAN_POINT('Ctrl Pts',(12.2585620228688,-28.4018972280689,-15.9999999999998));
#9465=CARTESIAN_POINT('Ctrl Pts',(12.4527875309171,-28.2630305593347,-15.9999999999998));
#9466=CARTESIAN_POINT('Ctrl Pts',(12.651880616648,-28.1317232847048,-15.9999999999998));
#9467=CARTESIAN_POINT('Ctrl Pts',(12.8506112080634,-28.0006550848798,-15.9999999999998));
#9468=CARTESIAN_POINT('Ctrl Pts',(13.0541921786711,-27.8771183388275,-15.9999999999998));
#9469=CARTESIAN_POINT('Ctrl Pts',(13.2622277625518,-27.7614416422889,-15.9999999999998));
#9470=CARTESIAN_POINT('Ctrl Pts',(13.4285837883114,-27.6689405655491,-15.9999999999998));
#9471=CARTESIAN_POINT('Ctrl Pts',(13.5977890678005,-27.5814661654014,-15.9999999999998));
#9472=CARTESIAN_POINT('Ctrl Pts',(13.7696544428169,-27.4992065159696,-15.9999999999998));
#9473=CARTESIAN_POINT('Ctrl Pts',(13.9501344496598,-27.4128236590914,-15.9999999999998));
#9474=CARTESIAN_POINT('Ctrl Pts',(14.1335480712218,-27.3321911821325,-15.9999999999998));
#9475=CARTESIAN_POINT('Ctrl Pts',(14.3196071738435,-27.2573680986404,-15.9999999999998));
#9476=CARTESIAN_POINT('Ctrl Pts',(14.3706664207831,-27.2368347829199,-15.9999999999998));
#9477=CARTESIAN_POINT('Ctrl Pts',(14.4219249457866,-27.2167391087648,-15.9999999999998));
#9478=CARTESIAN_POINT('Ctrl Pts',(14.4733768946998,-27.1970826210833,-15.9999999999998));
#9479=CARTESIAN_POINT('Ctrl Pts',(14.5042618919178,-27.1852834457327,-15.9999999999998));
#9480=CARTESIAN_POINT('Ctrl Pts',(14.5352165848468,-27.1736425219096,-15.9999999999998));
#9481=CARTESIAN_POINT('Ctrl Pts',(14.5662397129936,-27.1621602085275,-15.9999999999998));
#9482=CARTESIAN_POINT('Ctrl Pts',(14.591401861437,-27.1528471672239,-15.9999999999998));
#9483=CARTESIAN_POINT('Ctrl Pts',(14.6166093076374,-27.1436384098497,-15.9999999999998));
#9484=CARTESIAN_POINT('Ctrl Pts',(14.6418471876249,-27.1345391266788,-15.9999999999998));
#9485=CARTESIAN_POINT('Ctrl Pts',(14.8657817078907,-27.053801615737,-15.9999999999998));
#9486=CARTESIAN_POINT('Ctrl Pts',(15.092381056674,-26.9815780576031,-15.9999999999998));
#9487=CARTESIAN_POINT('Ctrl Pts',(15.3211119974074,-26.9178535397728,-15.9999999999998));
#9488=CARTESIAN_POINT('Ctrl Pts',(15.552775767734,-26.8533119346211,-15.9999999999998));
#9489=CARTESIAN_POINT('Ctrl Pts',(15.7866267083414,-26.7974884874876,-15.9999999999998));
#9490=CARTESIAN_POINT('Ctrl Pts',(16.0221394046963,-26.7504127416075,-15.9999999999998));
#9491=CARTESIAN_POINT('Ctrl Pts',(16.2592956118568,-26.7030084805423,-15.9999999999998));
#9492=CARTESIAN_POINT('Ctrl Pts',(16.4981374745918,-26.6644742281931,-15.9999999999998));
#9493=CARTESIAN_POINT('Ctrl Pts',(16.7381482528979,-26.6348888062209,-15.9999999999998));
#9494=CARTESIAN_POINT('Ctrl Pts',(16.9773010784005,-26.6054091415647,-15.9999999999998));
#9495=CARTESIAN_POINT('Ctrl Pts',(17.2176151330182,-26.584814309876,-15.9999999999998));
#9496=CARTESIAN_POINT('Ctrl Pts',(17.4585890803424,-26.5732328745051,-15.9999999999998));
#9497=CARTESIAN_POINT('Ctrl Pts',(17.6213272868769,-26.5654115226855,-15.9999999999998));
#9498=CARTESIAN_POINT('Ctrl Pts',(17.7843666528934,-26.5617020244129,-15.9999999999998));
#9499=CARTESIAN_POINT('Ctrl Pts',(17.9475530384745,-26.5621575965743,-15.9999999999998));
#9500=CARTESIAN_POINT('Ctrl Pts',(18.034193196853,-26.5623994724151,-15.9999999999998));
#9501=CARTESIAN_POINT('Ctrl Pts',(18.1208747897672,-26.5638156038498,-15.9999999999998));
#9502=CARTESIAN_POINT('Ctrl Pts',(18.2075746147995,-26.5664152566656,-15.9999999999998));
#9503=CARTESIAN_POINT('Ctrl Pts',(18.2485574810392,-26.5676441083222,-15.9999999999998));
#9504=CARTESIAN_POINT('Ctrl Pts',(18.289549959965,-26.5691377282802,-15.9999999999998));
#9505=CARTESIAN_POINT('Ctrl Pts',(18.3305174729304,-26.5708955881559,-15.9999999999998));
#9506=CARTESIAN_POINT('Ctrl Pts',(18.366120206407,-26.5724232526909,-15.9999999999998));
#9507=CARTESIAN_POINT('Ctrl Pts',(18.4017079751717,-26.5741505461702,-15.9999999999998));
#9508=CARTESIAN_POINT('Ctrl Pts',(18.4372791459094,-26.5760776365524,-15.9999999999998));
#9509=CARTESIAN_POINT('Ctrl Pts',(18.6783713351435,-26.5891389564208,-15.9999999999998));
#9510=CARTESIAN_POINT('Ctrl Pts',(18.9187004264081,-26.6113741629507,-15.9999999999998));
#9511=CARTESIAN_POINT('Ctrl Pts',(19.1578021471536,-26.6425315570236,-15.9999999999998));
#9512=CARTESIAN_POINT('Ctrl Pts',(19.3993619068321,-26.6740092586519,-15.9999999999998));
#9513=CARTESIAN_POINT('Ctrl Pts',(19.6396695368571,-26.7145936147534,-15.9999999999998));
#9514=CARTESIAN_POINT('Ctrl Pts',(19.8782487940945,-26.7640785739748,-15.9999999999998));
#9515=CARTESIAN_POINT('Ctrl Pts',(20.1177175021316,-26.8137480187925,-15.9999999999998));
#9516=CARTESIAN_POINT('Ctrl Pts',(20.3554455638421,-26.8723846875267,-15.9999999999998));
#9517=CARTESIAN_POINT('Ctrl Pts',(20.5909444961737,-26.939832154129,-15.9999999999998));
#9518=CARTESIAN_POINT('Ctrl Pts',(20.6433658227327,-26.9548457494661,-15.9999999999998));
#9519=CARTESIAN_POINT('Ctrl Pts',(20.6956766486736,-26.9702961129732,-15.9999999999998));
#9520=CARTESIAN_POINT('Ctrl Pts',(20.7478714901118,-26.986181857613,-15.9999999999998));
#9521=CARTESIAN_POINT('Ctrl Pts',(20.7797706255896,-26.9958905090135,-15.9999999999998));
#9522=CARTESIAN_POINT('Ctrl Pts',(20.8116178971458,-27.0057591934871,-15.9999999999998));
#9523=CARTESIAN_POINT('Ctrl Pts',(20.8434091310071,-27.0157863812291,-15.9999999999998));
#9524=CARTESIAN_POINT('Ctrl Pts',(21.0787008057113,-27.0899990968063,-15.9999999999998));
#9525=CARTESIAN_POINT('Ctrl Pts',(21.310976324036,-27.1729059843445,-15.9999999999998));
#9526=CARTESIAN_POINT('Ctrl Pts',(21.5397527847021,-27.2642850847426,-15.9999999999998));
#9527=CARTESIAN_POINT('Ctrl Pts',(21.7689247106938,-27.3558221439866,-15.9999999999998));
#9528=CARTESIAN_POINT('Ctrl Pts',(21.9945861155182,-27.4558608981512,-15.9999999999998));
#9529=CARTESIAN_POINT('Ctrl Pts',(22.2162419630922,-27.5642296032313,-15.9999999999998));
#9530=CARTESIAN_POINT('Ctrl Pts',(22.4362760062547,-27.6718053996384,-15.9999999999998));
#9531=CARTESIAN_POINT('Ctrl Pts',(22.6523635042124,-27.7875899228551,-15.9999999999998));
#9532=CARTESIAN_POINT('Ctrl Pts',(22.8640013941774,-27.9114626981563,-15.9999999999998));
#9533=CARTESIAN_POINT('Ctrl Pts',(22.9339101728975,-27.9523806757424,-15.9999999999998));
#9534=CARTESIAN_POINT('Ctrl Pts',(23.0033332485742,-27.9941815597641,-15.9999999999998));
#9535=CARTESIAN_POINT('Ctrl Pts',(23.0722518582262,-28.0368620960992,-15.9999999999998));
#9536=CARTESIAN_POINT('Ctrl Pts',(11.1995590584592,-42.7734391100534,-15.7855386060576));
#9537=CARTESIAN_POINT('Ctrl Pts',(10.1740290605466,-41.7819602925925,-15.8230997599533));
#9538=CARTESIAN_POINT('Ctrl Pts',(8.67347619834714,-39.4268525397499,-15.8945868912674));
#9539=CARTESIAN_POINT('Ctrl Pts',(8.35075199008341,-36.6672897391172,-15.9660740225814));
#9540=CARTESIAN_POINT('Ctrl Pts',(8.47247640513715,-35.384524644576,-15.9999999999998));
#9541=CARTESIAN_POINT('Ctrl Pts',(23.5308974799271,-43.0233880519082,-15.4285179050676));
#9542=CARTESIAN_POINT('Ctrl Pts',(22.4720798940825,-43.9650932188803,-15.4658302717301));
#9543=CARTESIAN_POINT('Ctrl Pts',(19.8219871842379,-45.3908973672309,-15.542894534247));
#9544=CARTESIAN_POINT('Ctrl Pts',(15.2845429038191,-45.4308953409056,-15.6586741514859));
#9545=CARTESIAN_POINT('Ctrl Pts',(12.5674229363343,-44.0008795314981,-15.7371414020623));
#9546=CARTESIAN_POINT('Ctrl Pts',(11.4690961571431,-43.0234738252357,-15.7758567567842));
#9547=CARTESIAN_POINT('Ctrl Pts',(23.8001630805462,-29.7273132972412,-15.0355386180591));
#9548=CARTESIAN_POINT('Ctrl Pts',(24.0544567784496,-29.9724134421083,-15.0448364969735));
#9549=CARTESIAN_POINT('Ctrl Pts',(25.3202926104471,-31.3434281060029,-15.0938862717424));
#9550=CARTESIAN_POINT('Ctrl Pts',(26.7906146499164,-34.4979033701314,-15.1826879423656));
#9551=CARTESIAN_POINT('Ctrl Pts',(26.4965847251451,-39.1315730377001,-15.301155872029));
#9552=CARTESIAN_POINT('Ctrl Pts',(24.8646434632424,-41.745264393498,-15.379871905838));
#9553=CARTESIAN_POINT('Ctrl Pts',(23.8005186451957,-42.7734416520709,-15.4188360437927));
#9554=CARTESIAN_POINT('Ctrl Pts',(11.4698080267957,-29.4769042588882,-14.6785179050676));
#9555=CARTESIAN_POINT('Ctrl Pts',(11.7262916648307,-29.2480653003819,-14.6875670007493));
#9556=CARTESIAN_POINT('Ctrl Pts',(13.1793363555108,-28.0927278455765,-14.7363679922855));
#9557=CARTESIAN_POINT('Ctrl Pts',(16.4225284470303,-26.8572148912987,-14.824920879676));
#9558=CARTESIAN_POINT('Ctrl Pts',(20.5671328728511,-27.4225037350918,-14.9316514012331));
#9559=CARTESIAN_POINT('Ctrl Pts',(22.7571624522299,-28.7903506982597,-14.9986300269359));
#9560=CARTESIAN_POINT('Ctrl Pts',(23.530266011088,-29.477496902293,-15.0258567567842));
#9561=CARTESIAN_POINT('Ctrl Pts',(11.2005580889588,-42.7723286184024,-14.2855386060576));
#9562=CARTESIAN_POINT('Ctrl Pts',(10.6325507479269,-42.2235916953422,-14.3063251138462));
#9563=CARTESIAN_POINT('Ctrl Pts',(9.18468744694383,-40.4116556044479,-14.3668635174891));
#9564=CARTESIAN_POINT('Ctrl Pts',(8.05396581818003,-36.6472345312863,-14.4671538169864));
#9565=CARTESIAN_POINT('Ctrl Pts',(8.91871269405435,-32.544653048081,-14.5741331213782));
#9566=CARTESIAN_POINT('Ctrl Pts',(10.450258668162,-30.4530326211718,-14.6413605299156));
#9567=CARTESIAN_POINT('Ctrl Pts',(11.2003980555652,-29.7272411021998,-14.6688360425985));
#9568=CARTESIAN_POINT('Ctrl Pts',(23.5298598054739,-43.0223314348401,-13.9285179050676));
#9569=CARTESIAN_POINT('Ctrl Pts',(22.947018755644,-43.5411768828474,-13.9490556256229));
#9570=CARTESIAN_POINT('Ctrl Pts',(21.0415804626174,-44.8459307613832,-14.0093452420327));
#9571=CARTESIAN_POINT('Ctrl Pts',(17.2149285766742,-45.700084200765,-14.1093867542968));
#9572=CARTESIAN_POINT('Ctrl Pts',(13.6275051899485,-44.6687948235958,-14.2046286509804));
#9573=CARTESIAN_POINT('Ctrl Pts',(11.9165381902853,-43.420393998689,-14.2601186518095));
#9574=CARTESIAN_POINT('Ctrl Pts',(11.4701744866642,-43.0225365711621,-14.2758567567842));
#9575=CARTESIAN_POINT('Origin',(17.4999999999997,-36.25,-15.9999999999998));
#9576=CARTESIAN_POINT('Origin',(17.4999999999997,-36.25,-15.9999999999998));
#9577=CARTESIAN_POINT('',(27.3989119986759,-35.530857286441,-15.9999999999998));
#9578=CARTESIAN_POINT('Origin',(17.4999999999997,-36.25,-15.9999999999998));
#9579=CARTESIAN_POINT('',(13.7357599229184,-44.5003447741349,-15.9999999999998));
#9580=CARTESIAN_POINT('Ctrl Pts',(27.3993808779685,-35.5310336822086,-15.9999999999998));
#9581=CARTESIAN_POINT('Ctrl Pts',(27.4070931219713,-35.7733061288975,-15.9999999999998));
#9582=CARTESIAN_POINT('Ctrl Pts',(27.4058591791161,-36.0153897615168,-15.9999999999998));
#9583=CARTESIAN_POINT('Ctrl Pts',(27.3955977834824,-36.2568170603232,-15.9999999999998));
#9584=CARTESIAN_POINT('Ctrl Pts',(27.3851972638248,-36.5015176309629,-15.9999999999998));
#9585=CARTESIAN_POINT('Ctrl Pts',(27.3655231036572,-36.7455445680322,-15.9999999999998));
#9586=CARTESIAN_POINT('Ctrl Pts',(27.3367758245799,-36.9884118687435,-15.9999999999998));
#9587=CARTESIAN_POINT('Ctrl Pts',(27.3078805878312,-37.2325291688099,-15.9999999999998));
#9588=CARTESIAN_POINT('Ctrl Pts',(27.2698184124869,-37.4754755073145,-15.9999999999998));
#9589=CARTESIAN_POINT('Ctrl Pts',(27.2227409213665,-37.7167485849632,-15.9999999999998));
#9590=CARTESIAN_POINT('Ctrl Pts',(27.1757823337849,-37.9574122796126,-15.9999999999998));
#9591=CARTESIAN_POINT('Ctrl Pts',(27.1198536772413,-38.1964117788084,-15.9999999999998));
#9592=CARTESIAN_POINT('Ctrl Pts',(27.0550570551314,-38.4332304158232,-15.9999999999998));
#9593=CARTESIAN_POINT('Ctrl Pts',(26.9959598631008,-38.6492187808392,-15.9999999999998));
#9594=CARTESIAN_POINT('Ctrl Pts',(26.9294854504821,-38.8633932031992,-15.9999999999998));
#9595=CARTESIAN_POINT('Ctrl Pts',(26.8556784576115,-39.0753418748644,-15.9999999999998));
#9596=CARTESIAN_POINT('Ctrl Pts',(26.8343345437407,-39.1366343624337,-15.9999999999998));
#9597=CARTESIAN_POINT('Ctrl Pts',(26.8123772260771,-39.1977405712097,-15.9999999999998));
#9598=CARTESIAN_POINT('Ctrl Pts',(26.789807120398,-39.258650170639,-15.9999999999998));
#9599=CARTESIAN_POINT('Ctrl Pts',(26.7801917887924,-39.2845989191652,-15.9999999999998));
#9600=CARTESIAN_POINT('Ctrl Pts',(26.7704650097852,-39.3105124684509,-15.9999999999998));
#9601=CARTESIAN_POINT('Ctrl Pts',(26.7606325634173,-39.336375240233,-15.9999999999998));
#9602=CARTESIAN_POINT('Ctrl Pts',(26.674098478699,-39.563990138979,-15.9999999999998));
#9603=CARTESIAN_POINT('Ctrl Pts',(26.5792821740669,-39.7879508767263,-15.9999999999998));
#9604=CARTESIAN_POINT('Ctrl Pts',(26.4763599274396,-40.0077850680897,-15.9999999999998));
#9605=CARTESIAN_POINT('Ctrl Pts',(26.3737371450002,-40.2269796264319,-15.9999999999998));
#9606=CARTESIAN_POINT('Ctrl Pts',(26.2630552655267,-40.4420722169406,-15.9999999999998));
#9607=CARTESIAN_POINT('Ctrl Pts',(26.1444414120662,-40.6525748350019,-15.9999999999998));
#9608=CARTESIAN_POINT('Ctrl Pts',(26.0981136830946,-40.7347921136153,-15.9999999999998));
#9609=CARTESIAN_POINT('Ctrl Pts',(26.0505754407581,-40.8163089322671,-15.9999999999998));
#9610=CARTESIAN_POINT('Ctrl Pts',(26.0018324051246,-40.8970950907563,-15.9999999999998));
#9611=CARTESIAN_POINT('Ctrl Pts',(25.8764908037176,-41.1048348497795,-15.9999999999998));
#9612=CARTESIAN_POINT('Ctrl Pts',(25.74318521656,-41.3077456275265,-15.9999999999998));
#9613=CARTESIAN_POINT('Ctrl Pts',(25.6022828019936,-41.505454879457,-15.9999999999998));
#9614=CARTESIAN_POINT('Ctrl Pts',(25.4618491070173,-41.7025064407453,-15.9999999999998));
#9615=CARTESIAN_POINT('Ctrl Pts',(25.3138685337902,-41.8943914613645,-15.9999999999998));
#9616=CARTESIAN_POINT('Ctrl Pts',(25.1586703480858,-42.0807025880343,-15.9999999999998));
#9617=CARTESIAN_POINT('Ctrl Pts',(25.069552788255,-42.1876857521916,-15.9999999999998));
#9618=CARTESIAN_POINT('Ctrl Pts',(24.9780548032671,-42.2928303137511,-15.9999999999998));
#9619=CARTESIAN_POINT('Ctrl Pts',(24.8842345870294,-42.3960525210864,-15.9999999999998));
#9620=CARTESIAN_POINT('Ctrl Pts',(24.8632506977417,-42.4191392656881,-15.9999999999998));
#9621=CARTESIAN_POINT('Ctrl Pts',(24.8421506304127,-42.4421298257743,-15.9999999999998));
#9622=CARTESIAN_POINT('Ctrl Pts',(24.8209350184823,-42.4650232282589,-15.9999999999998));
#9623=CARTESIAN_POINT('Ctrl Pts',(24.8010545979762,-42.4864758486078,-15.9999999999998));
#9624=CARTESIAN_POINT('Ctrl Pts',(24.7810778466762,-42.507837586566,-15.9999999999998));
#9625=CARTESIAN_POINT('Ctrl Pts',(24.7610109507074,-42.5291020272686,-15.9999999999998));
#9626=CARTESIAN_POINT('Ctrl Pts',(24.595951200341,-42.7040121518591,-15.9999999999998));
#9627=CARTESIAN_POINT('Ctrl Pts',(24.4246812559105,-42.8724657611982,-15.9999999999998));
#9628=CARTESIAN_POINT('Ctrl Pts',(24.2475968387081,-43.0341409814656,-15.9999999999998));
#9629=CARTESIAN_POINT('Ctrl Pts',(24.0704689353731,-43.1958559038715,-15.9999999999998));
#9630=CARTESIAN_POINT('Ctrl Pts',(23.8875231947166,-43.3507895449116,-15.9999999999998));
#9631=CARTESIAN_POINT('Ctrl Pts',(23.6991189272829,-43.498582772465,-15.9999999999998));
#9632=CARTESIAN_POINT('Ctrl Pts',(23.512732818946,-43.6447928604712,-15.9999999999998));
#9633=CARTESIAN_POINT('Ctrl Pts',(23.3210039711996,-43.7840150358628,-15.9999999999998));
#9634=CARTESIAN_POINT('Ctrl Pts',(23.1242521590011,-43.915859641328,-15.9999999999998));
#9635=CARTESIAN_POINT('Ctrl Pts',(22.9613295966774,-44.0250350573556,-15.9999999999998));
#9636=CARTESIAN_POINT('Ctrl Pts',(22.7949622359508,-44.1291511443085,-15.9999999999998));
#9637=CARTESIAN_POINT('Ctrl Pts',(22.6253205780916,-44.2279619165317,-15.9999999999998));
#9638=CARTESIAN_POINT('Ctrl Pts',(22.45658677128,-44.3262438949185,-15.9999999999998));
#9639=CARTESIAN_POINT('Ctrl Pts',(22.2846132823938,-44.4192770942556,-15.9999999999998));
#9640=CARTESIAN_POINT('Ctrl Pts',(22.1096636115919,-44.5069518218335,-15.9999999999998));
#9641=CARTESIAN_POINT('Ctrl Pts',(22.0222308261028,-44.5507681126216,-15.9999999999998));
#9642=CARTESIAN_POINT('Ctrl Pts',(21.934054646008,-44.5932457196517,-15.9999999999998));
#9643=CARTESIAN_POINT('Ctrl Pts',(21.8451677262707,-44.6343687910492,-15.9999999999998));
#9644=CARTESIAN_POINT('Ctrl Pts',(21.8197488528115,-44.6461287007322,-15.9999999999998));
#9645=CARTESIAN_POINT('Ctrl Pts',(21.7942785199999,-44.6577747239165,-15.9999999999998));
#9646=CARTESIAN_POINT('Ctrl Pts',(21.7687640010131,-44.6693038105611,-15.9999999999998));
#9647=CARTESIAN_POINT('Ctrl Pts',(21.553771888435,-44.7664509562739,-15.9999999999998));
#9648=CARTESIAN_POINT('Ctrl Pts',(21.3355022570892,-44.855365118826,-15.9999999999998));
#9649=CARTESIAN_POINT('Ctrl Pts',(21.114462054164,-44.9359699632263,-15.9999999999998));
#9650=CARTESIAN_POINT('Ctrl Pts',(20.8918873696597,-45.0171343739284,-15.9999999999998));
#9651=CARTESIAN_POINT('Ctrl Pts',(20.6665028707421,-45.0898738941737,-15.9999999999998));
#9652=CARTESIAN_POINT('Ctrl Pts',(20.4388060208547,-45.1540619326712,-15.9999999999998));
#9653=CARTESIAN_POINT('Ctrl Pts',(20.2119804872647,-45.2180043459698,-15.9999999999998));
#9654=CARTESIAN_POINT('Ctrl Pts',(19.9828596092906,-45.2734607154012,-15.9999999999998));
#9655=CARTESIAN_POINT('Ctrl Pts',(19.7519250586509,-45.320255571135,-15.9999999999998));
#9656=CARTESIAN_POINT('Ctrl Pts',(19.5231184006717,-45.3666192465633,-15.9999999999998));
#9657=CARTESIAN_POINT('Ctrl Pts',(19.2925307191167,-45.4044803649952,-15.9999999999998));
#9658=CARTESIAN_POINT('Ctrl Pts',(19.0606300511035,-45.4336174289354,-15.9999999999998));
#9659=CARTESIAN_POINT('Ctrl Pts',(18.9118523437478,-45.4523105427123,-15.9999999999998));
#9660=CARTESIAN_POINT('Ctrl Pts',(18.7625342333438,-45.4674118389548,-15.9999999999998));
#9661=CARTESIAN_POINT('Ctrl Pts',(18.6128009923675,-45.478851413787,-15.9999999999998));
#9662=CARTESIAN_POINT('Ctrl Pts',(18.5289207108573,-45.4852598422097,-15.9999999999998));
#9663=CARTESIAN_POINT('Ctrl Pts',(18.4449101844439,-45.4905189797758,-15.9999999999998));
#9664=CARTESIAN_POINT('Ctrl Pts',(18.3607917580899,-45.4946152761453,-15.9999999999998));
#9665=CARTESIAN_POINT('Ctrl Pts',(18.3268401943017,-45.4962686079242,-15.9999999999998));
#9666=CARTESIAN_POINT('Ctrl Pts',(18.2928692843701,-45.4977325009241,-15.9999999999998));
#9667=CARTESIAN_POINT('Ctrl Pts',(18.2589020743905,-45.4990053961803,-15.9999999999998));
#9668=CARTESIAN_POINT('Ctrl Pts',(18.2267989277565,-45.5002084370861,-15.9999999999998));
#9669=CARTESIAN_POINT('Ctrl Pts',(18.1946947914146,-45.5012411011826,-15.9999999999998));
#9670=CARTESIAN_POINT('Ctrl Pts',(18.16259089456,-45.5021030086871,-15.9999999999998));
#9671=CARTESIAN_POINT('Ctrl Pts',(17.9288796644647,-45.5083775573507,-15.9999999999998));
#9672=CARTESIAN_POINT('Ctrl Pts',(17.6951810687109,-45.5056070212415,-15.9999999999998));
#9673=CARTESIAN_POINT('Ctrl Pts',(17.4619862687829,-45.4939494445039,-15.9999999999998));
#9674=CARTESIAN_POINT('Ctrl Pts',(17.2277927669909,-45.4822419419376,-15.9999999999998));
#9675=CARTESIAN_POINT('Ctrl Pts',(16.9941067234083,-45.4615709636729,-15.9999999999998));
#9676=CARTESIAN_POINT('Ctrl Pts',(16.7614322105364,-45.4320444150957,-15.9999999999998));
#9677=CARTESIAN_POINT('Ctrl Pts',(16.5295917649361,-45.4026237102033,-15.9999999999998));
#9678=CARTESIAN_POINT('Ctrl Pts',(16.298754970539,-45.3644106060241,-15.9999999999998));
#9679=CARTESIAN_POINT('Ctrl Pts',(16.0694367511066,-45.3174629212929,-15.9999999999998));
#9680=CARTESIAN_POINT('Ctrl Pts',(16.0317191357007,-45.3097410982242,-15.9999999999998));
#9681=CARTESIAN_POINT('Ctrl Pts',(15.994042650017,-45.3017828769684,-15.9999999999998));
#9682=CARTESIAN_POINT('Ctrl Pts',(15.9564096461408,-45.2935883932305,-15.9999999999998));
#9683=CARTESIAN_POINT('Ctrl Pts',(15.9245673973425,-45.2866548305839,-15.9999999999998));
#9684=CARTESIAN_POINT('Ctrl Pts',(15.892764568201,-45.2795539105443,-15.9999999999998));
#9685=CARTESIAN_POINT('Ctrl Pts',(15.8610065188079,-45.2722869142429,-15.9999999999998));
#9686=CARTESIAN_POINT('Ctrl Pts',(15.6341265888887,-45.2203713954028,-15.9999999999998));
#9687=CARTESIAN_POINT('Ctrl Pts',(15.4094647430356,-45.1599695708204,-15.9999999999998));
#9688=CARTESIAN_POINT('Ctrl Pts',(15.187510723896,-45.0911997711821,-15.9999999999998));
#9689=CARTESIAN_POINT('Ctrl Pts',(14.9665427865748,-45.0227354972078,-15.9999999999998));
#9690=CARTESIAN_POINT('Ctrl Pts',(14.7482580491095,-44.9459772150782,-15.9999999999998));
#9691=CARTESIAN_POINT('Ctrl Pts',(14.5331584258025,-44.8609937463914,-15.9999999999998));
#9692=CARTESIAN_POINT('Ctrl Pts',(14.3211737995006,-44.7772409783742,-15.9999999999998));
#9693=CARTESIAN_POINT('Ctrl Pts',(14.1122821716633,-44.6854992578373,-15.9999999999998));
#9694=CARTESIAN_POINT('Ctrl Pts',(13.9069906032321,-44.5857915443409,-15.9999999999998));
#9695=CARTESIAN_POINT('Ctrl Pts',(13.8496286082847,-44.5579314943569,-15.9999999999998));
#9696=CARTESIAN_POINT('Ctrl Pts',(13.7925478724127,-44.5294492601689,-15.9999999999998));
#9697=CARTESIAN_POINT('Ctrl Pts',(13.7357599229184,-44.5003447741349,-15.9999999999998));
#9698=CARTESIAN_POINT('Origin',(17.4999999999997,-36.25,-15.9999999999998));
#9699=CARTESIAN_POINT('Origin',(17.4999999999997,-36.25,-3.2271873309259));
#9700=CARTESIAN_POINT('Origin',(17.4999999999997,-36.25,-3.2271873309259));
#9701=CARTESIAN_POINT('Ctrl Pts',(11.1997065750761,-42.7733808025022,-14.5811639442054));
#9702=CARTESIAN_POINT('Ctrl Pts',(10.225912093771,-41.8313788263604,-14.6168384417385));
#9703=CARTESIAN_POINT('Ctrl Pts',(8.61671225886706,-39.3726928812807,-14.692264835126));
#9704=CARTESIAN_POINT('Ctrl Pts',(8.14491432643968,-34.8833543659746,-14.8074431243678));
#9705=CARTESIAN_POINT('Ctrl Pts',(9.53320502448014,-31.5518021598283,-14.8995344390151));
#9706=CARTESIAN_POINT('Ctrl Pts',(10.8558639119809,-30.0594770760356,-14.9518738578079));
#9707=CARTESIAN_POINT('Ctrl Pts',(11.2001120344333,-29.7275614324495,-14.9644613807463));
#9708=CARTESIAN_POINT('Origin',(17.4999999999997,-36.25,-3.2271873309259));
#9709=CARTESIAN_POINT('',(12.2367144853671,-28.8646729249713,-5.99999999999978));
#9710=CARTESIAN_POINT('Ctrl Pts',(12.2367144853671,-28.8646729249713,-5.99999999999978));
#9711=CARTESIAN_POINT('Ctrl Pts',(13.2867594405836,-28.1178739412779,-6.03392597741813));
#9712=CARTESIAN_POINT('Ctrl Pts',(15.9161557241177,-26.9838608559906,-6.10760385069088));
#9713=CARTESIAN_POINT('Ctrl Pts',(20.3544745641854,-27.2368143966129,-6.22103361981801));
#9714=CARTESIAN_POINT('Ctrl Pts',(24.323159028214,-29.7055510053274,-6.34028930738121));
#9715=CARTESIAN_POINT('Ctrl Pts',(26.6243161595413,-33.7736698276771,-6.4595449949444));
#9716=CARTESIAN_POINT('Ctrl Pts',(26.6955746409619,-38.4469932122712,-6.57880068250759));
#9717=CARTESIAN_POINT('Ctrl Pts',(24.5195141045276,-42.583385349478,-6.69805637007078));
#9718=CARTESIAN_POINT('Ctrl Pts',(20.627947165508,-45.1719567064097,-6.81731205763397));
#9719=CARTESIAN_POINT('Ctrl Pts',(15.971937140831,-45.5800793268018,-6.93656774519717));
#9720=CARTESIAN_POINT('Ctrl Pts',(11.6893723892816,-43.7080135764679,-7.05582343276036));
#9721=CARTESIAN_POINT('Ctrl Pts',(8.99907252206152,-40.2355386920884,-7.16790507405253));
#9722=CARTESIAN_POINT('Ctrl Pts',(8.43251404481441,-37.4871641071219,-7.24023481949029));
#9723=CARTESIAN_POINT('Ctrl Pts',(8.43125458257808,-36.2497794008044,-7.27281266907366));
#9724=CARTESIAN_POINT('Origin',(17.4999999999997,-36.25,-5.99999999999978));
#9725=CARTESIAN_POINT('Origin',(17.4999999999997,-36.25,-3.2271873309259));
#9726=CARTESIAN_POINT('Ctrl Pts',(23.8003118106346,-29.7271400488681,-13.8311639562069));
#9727=CARTESIAN_POINT('Ctrl Pts',(24.0029905574935,-29.9224931045708,-13.8385751787587));
#9728=CARTESIAN_POINT('Ctrl Pts',(25.2345968381338,-31.2256772734416,-13.8857382971649));
#9729=CARTESIAN_POINT('Ctrl Pts',(26.7464679168529,-34.2781506331868,-13.9726533114255));
#9730=CARTESIAN_POINT('Ctrl Pts',(26.5611441101422,-38.9483377259155,-14.0919089989887));
#9731=CARTESIAN_POINT('Ctrl Pts',(24.9391726275502,-41.6591200283632,-14.1725116891603));
#9732=CARTESIAN_POINT('Ctrl Pts',(23.8305922805634,-42.744399301921,-14.2133624834776));
#9733=CARTESIAN_POINT('Ctrl Pts',(23.8005672603982,-42.7733827638135,-14.2144613819404));
#9734=CARTESIAN_POINT('Origin',(17.4999999999997,-36.25,-3.2271873309259));
#9735=CARTESIAN_POINT('Ctrl Pts',(11.4696446245128,-29.4767450557642,-13.4741432432153));
#9736=CARTESIAN_POINT('Ctrl Pts',(11.672641909911,-29.2956333181568,-13.4813056825345));
#9737=CARTESIAN_POINT('Ctrl Pts',(13.0556267339223,-28.1694929754441,-13.528220017708));
#9738=CARTESIAN_POINT('Ctrl Pts',(16.2001640113994,-26.8853972136856,-13.6148862487359));
#9739=CARTESIAN_POINT('Ctrl Pts',(20.4304841938912,-27.3605272969336,-13.7235034266557));
#9740=CARTESIAN_POINT('Ctrl Pts',(22.7037080494084,-28.7427436423932,-13.792368708721));
#9741=CARTESIAN_POINT('Ctrl Pts',(23.5304183663411,-29.4773577583096,-13.821482094932));
#9742=CARTESIAN_POINT('Origin',(17.4999999999997,-36.25,-3.2271873309259));
#9743=CARTESIAN_POINT('Ctrl Pts',(23.7994555415556,-29.7274961349834,-15.3311639562069));
#9744=CARTESIAN_POINT('Ctrl Pts',(24.4600425623994,-30.3662333995347,-15.3553498248659));
#9745=CARTESIAN_POINT('Ctrl Pts',(25.952593483873,-32.3181329373661,-15.4192875893792));
#9746=CARTESIAN_POINT('Ctrl Pts',(26.9544269949611,-36.2564993363747,-15.522977249747));
#9747=CARTESIAN_POINT('Ctrl Pts',(25.9481669966965,-40.1893875916398,-15.6265571896659));
#9748=CARTESIAN_POINT('Ctrl Pts',(24.4570932519824,-42.1366521758901,-15.6903852337304));
#9749=CARTESIAN_POINT('Ctrl Pts',(23.7995091695202,-42.7724752807902,-15.7144613819404));
#9750=CARTESIAN_POINT('Origin',(17.4999999999997,-36.25,-3.2271873309259));
#9751=CARTESIAN_POINT('Ctrl Pts',(11.4699728220649,-29.4776494749746,-14.9741432432153));
#9752=CARTESIAN_POINT('Ctrl Pts',(12.1495243949404,-28.8732486110969,-14.9980803286416));
#9753=CARTESIAN_POINT('Ctrl Pts',(14.1975897086936,-27.5341126509478,-15.0617693099223));
#9754=CARTESIAN_POINT('Ctrl Pts',(18.1883689749484,-26.8207126503377,-15.1652101870574));
#9755=CARTESIAN_POINT('Ctrl Pts',(21.6021380397773,-27.9620129511578,-15.25705271887));
#9756=CARTESIAN_POINT('Ctrl Pts',(23.1801450218122,-29.1651854924581,-15.3091433548282));
#9757=CARTESIAN_POINT('Ctrl Pts',(23.529957049334,-29.4771983146834,-15.321482094932));
#9758=CARTESIAN_POINT('Origin',(17.4999999999997,-36.25,-3.2271873309259));
#9759=CARTESIAN_POINT('Ctrl Pts',(23.5300121550956,-43.022767613984,-15.7241432432153));
#9760=CARTESIAN_POINT('Ctrl Pts',(23.1770900922532,-43.3375495735096,-15.736591703768));
#9761=CARTESIAN_POINT('Ctrl Pts',(21.5948392840808,-44.5422474159657,-15.7887920601751));
#9762=CARTESIAN_POINT('Ctrl Pts',(18.1749684321757,-45.6803821223087,-15.8807443124366));
#9763=CARTESIAN_POINT('Ctrl Pts',(15.1095442358773,-45.1271372427742,-15.9602481041454));
#9764=CARTESIAN_POINT('Ctrl Pts',(13.7357599229184,-44.5003447741349,-15.9999999999998));
#9765=CARTESIAN_POINT('Ctrl Pts',(13.5467186414438,-44.411449549565,-5.50549949443886));
#9766=CARTESIAN_POINT('Ctrl Pts',(12.1877364814075,-43.7531793725267,-5.54525139029326));
#9767=CARTESIAN_POINT('Ctrl Pts',(9.80642021723035,-41.7451359840641,-5.62475518200205));
#9768=CARTESIAN_POINT('Ctrl Pts',(8.1142745274721,-37.3876530645046,-5.74401086956525));
#9769=CARTESIAN_POINT('Ctrl Pts',(8.7162013116763,-32.7530003855698,-5.86326655712844));
#9770=CARTESIAN_POINT('Ctrl Pts',(11.4646765840641,-28.9725620367133,-5.98252224469163));
#9771=CARTESIAN_POINT('Ctrl Pts',(15.6881971929985,-26.9708687930858,-6.10177793225483));
#9772=CARTESIAN_POINT('Ctrl Pts',(20.3544745641854,-27.2368143966129,-6.22103361981801));
#9773=CARTESIAN_POINT('Ctrl Pts',(24.323159028214,-29.7055510053274,-6.34028930738121));
#9774=CARTESIAN_POINT('Ctrl Pts',(26.6243161595413,-33.7736698276771,-6.4595449949444));
#9775=CARTESIAN_POINT('Ctrl Pts',(26.6955746409619,-38.4469932122712,-6.57880068250759));
#9776=CARTESIAN_POINT('Ctrl Pts',(24.5195141045276,-42.583385349478,-6.69805637007078));
#9777=CARTESIAN_POINT('Ctrl Pts',(20.627947165508,-45.1719567064097,-6.81731205763397));
#9778=CARTESIAN_POINT('Ctrl Pts',(15.971937140831,-45.5800793268018,-6.93656774519717));
#9779=CARTESIAN_POINT('Ctrl Pts',(11.6893723892816,-43.7080135764679,-7.05582343276036));
#9780=CARTESIAN_POINT('Ctrl Pts',(8.82687361858484,-40.0132748564743,-7.17507912032355));
#9781=CARTESIAN_POINT('Ctrl Pts',(8.08401039887054,-35.3988251406113,-7.29433480788675));
#9782=CARTESIAN_POINT('Ctrl Pts',(9.64233187019699,-30.9923949720666,-7.41359049544994));
#9783=CARTESIAN_POINT('Ctrl Pts',(13.1209980597394,-27.870877082296,-7.53284618301313));
#9784=CARTESIAN_POINT('Ctrl Pts',(17.6698536509381,-26.7971428280091,-7.65210187057632));
#9785=CARTESIAN_POINT('Ctrl Pts',(22.1771985123445,-28.0336034051365,-7.77135755813951));
#9786=CARTESIAN_POINT('Ctrl Pts',(25.5414773561866,-31.2780787543806,-7.8906132457027));
#9787=CARTESIAN_POINT('Ctrl Pts',(26.9404901418907,-35.7376477554283,-8.0098689332659));
#9788=CARTESIAN_POINT('Ctrl Pts',(26.0323304971227,-40.3224311199748,-8.12912462082909));
#9789=CARTESIAN_POINT('Ctrl Pts',(23.0389446203747,-43.9119482792529,-8.24838030839228));
#9790=CARTESIAN_POINT('Ctrl Pts',(18.6918895877933,-45.6289529346593,-8.36763599595548));
#9791=CARTESIAN_POINT('Ctrl Pts',(14.0535472644996,-45.0538243100765,-8.48689168351867));
#9792=CARTESIAN_POINT('Ctrl Pts',(10.2574875572081,-42.3271187627447,-8.60614737108187));
#9793=CARTESIAN_POINT('Ctrl Pts',(8.231433938803,-38.1152190514162,-8.72540305864505));
#9794=CARTESIAN_POINT('Ctrl Pts',(8.47053602334556,-33.4474762739879,-8.84465874620825));
#9795=CARTESIAN_POINT('Ctrl Pts',(10.9163593726759,-29.4646455486262,-8.96391443377144));
#9796=CARTESIAN_POINT('Ctrl Pts',(14.9711663570899,-27.1400955357899,-9.08317012133463));
#9797=CARTESIAN_POINT('Ctrl Pts',(19.6439979539669,-27.0419257326017,-9.20242580889781));
#9798=CARTESIAN_POINT('Ctrl Pts',(23.7928553826195,-29.194127972109,-9.32168149646102));
#9799=CARTESIAN_POINT('Ctrl Pts',(26.4037945223292,-33.0707230311474,-9.4409371840242));
#9800=CARTESIAN_POINT('Ctrl Pts',(26.8387249022156,-37.724305308026,-9.5601928715874));
#9801=CARTESIAN_POINT('Ctrl Pts',(24.9913533779152,-42.0175803858928,-9.67944855915059));
#9802=CARTESIAN_POINT('Ctrl Pts',(21.3131612374837,-44.9013097457836,-9.79870424671378));
#9803=CARTESIAN_POINT('Ctrl Pts',(16.7030661612225,-45.670735395772,-9.91795993427697));
#9804=CARTESIAN_POINT('Ctrl Pts',(12.2877346781496,-44.1378165011098,-10.0372156218402));
#9805=CARTESIAN_POINT('Ctrl Pts',(9.1462348148905,-40.6771849038183,-10.1564713094033));
#9806=CARTESIAN_POINT('Ctrl Pts',(8.04632139825445,-36.1345884085382,-10.2757269969666));
#9807=CARTESIAN_POINT('Ctrl Pts',(9.25680355491709,-31.6201974871149,-10.3949826845297));
#9808=CARTESIAN_POINT('Ctrl Pts',(12.4818501344737,-28.2372894182018,-10.5142383720929));
#9809=CARTESIAN_POINT('Ctrl Pts',(16.9332882303784,-26.8126170624101,-10.6334940596561));
#9810=CARTESIAN_POINT('Ctrl Pts',(21.5232256786544,-27.69435776349,-10.7527497472193));
#9811=CARTESIAN_POINT('Ctrl Pts',(25.1299222965695,-30.6670218799599,-10.8720054347825));
#9812=CARTESIAN_POINT('Ctrl Pts',(26.8719332782125,-35.0041165506886,-10.9912611223457));
#9813=CARTESIAN_POINT('Ctrl Pts',(26.3235265218084,-39.6456941351482,-11.1105168099089));
#9814=CARTESIAN_POINT('Ctrl Pts',(23.6187277961335,-43.4573940573109,-11.2297724974721));
#9815=CARTESIAN_POINT('Ctrl Pts',(19.418566026088,-45.5076705139079,-11.3490281850353));
#9816=CARTESIAN_POINT('Ctrl Pts',(14.7495236604046,-45.2954540431019,-11.4682838725985));
#9817=CARTESIAN_POINT('Ctrl Pts',(10.7526734251253,-42.8726084764641,-11.5875395601617));
#9818=CARTESIAN_POINT('Ctrl Pts',(8.40481022514816,-38.8312558765019,-11.7067952477249));
#9819=CARTESIAN_POINT('Ctrl Pts',(8.27973109467058,-34.1590671330813,-11.8260509352881));
#9820=CARTESIAN_POINT('Ctrl Pts',(10.4080042687196,-29.9978839191803,-11.9453066228512));
#9821=CARTESIAN_POINT('Ctrl Pts',(14.2694985764315,-27.3646626685948,-12.0645623104144));
#9822=CARTESIAN_POINT('Ctrl Pts',(18.9204989063992,-26.9029394033494,-12.1838179979776));
#9823=CARTESIAN_POINT('Ctrl Pts',(23.2243418467961,-28.7255552124058,-12.3030736855408));
#9824=CARTESIAN_POINT('Ctrl Pts',(26.129206186372,-32.3870788859179,-12.422329373104));
#9825=CARTESIAN_POINT('Ctrl Pts',(26.9251687307876,-36.9926663697159,-12.5415850606672));
#9826=CARTESIAN_POINT('Ctrl Pts',(25.4177032626242,-41.4167527505758,-12.6608407482304));
#9827=CARTESIAN_POINT('Ctrl Pts',(21.9752210312149,-44.5781303821628,-12.7800964357936));
#9828=CARTESIAN_POINT('Ctrl Pts',(17.4390342964571,-45.7041864866041,-12.8993521233568));
#9829=CARTESIAN_POINT('Ctrl Pts',(12.9177470412866,-44.5197228951818,-13.01860781092));
#9830=CARTESIAN_POINT('Ctrl Pts',(9.5163219475058,-41.3142120506721,-13.1378634984832));
#9831=CARTESIAN_POINT('Ctrl Pts',(8.06603727293841,-36.871052498541,-13.2571191860463));
#9832=CARTESIAN_POINT('Ctrl Pts',(8.9213297862091,-32.2761131996374,-13.3763748736096));
#9833=CARTESIAN_POINT('Ctrl Pts',(11.8731735487271,-28.6523567450876,-13.4956305611727));
#9834=CARTESIAN_POINT('Ctrl Pts',(16.2001640113994,-26.8853972136856,-13.6148862487359));
#9835=CARTESIAN_POINT('Ctrl Pts',(20.8448229100887,-27.4070639136026,-13.7341419362991));
#9836=CARTESIAN_POINT('Ctrl Pts',(24.6720366286183,-30.089866107417,-13.8533976238623));
#9837=CARTESIAN_POINT('Ctrl Pts',(26.7464679168529,-34.2781506331868,-13.9726533114255));
#9838=CARTESIAN_POINT('Ctrl Pts',(26.5611441101422,-38.9483377259155,-14.0919089989887));
#9839=CARTESIAN_POINT('Ctrl Pts',(24.161356659469,-42.9590749187329,-14.2111646865519));
#9840=CARTESIAN_POINT('Ctrl Pts',(20.1335925322853,-45.3301734150431,-14.3304203741151));
#9841=CARTESIAN_POINT('Ctrl Pts',(15.4622014997948,-45.4821577656463,-14.4496760616783));
#9842=CARTESIAN_POINT('Ctrl Pts',(11.2888307259157,-43.3778841597391,-14.5689317492415));
#9843=CARTESIAN_POINT('Ctrl Pts',(8.63341426156514,-39.531618851154,-14.6881874368047));
#9844=CARTESIAN_POINT('Ctrl Pts',(8.14491432643968,-34.8833543659746,-14.8074431243678));
#9845=CARTESIAN_POINT('Ctrl Pts',(9.94271211406642,-30.5690870485988,-14.9266988119311));
#9846=CARTESIAN_POINT('Ctrl Pts',(13.5874497011438,-27.6431825475063,-15.0459544994942));
#9847=CARTESIAN_POINT('Ctrl Pts',(18.1883689749484,-26.8207126503377,-15.1652101870574));
#9848=CARTESIAN_POINT('Ctrl Pts',(22.6210797133552,-28.3026682258668,-15.2844658746206));
#9849=CARTESIAN_POINT('Ctrl Pts',(25.802196929158,-31.7269002314717,-15.4037215621838));
#9850=CARTESIAN_POINT('Ctrl Pts',(26.9544269949611,-36.2564993363747,-15.522977249747));
#9851=CARTESIAN_POINT('Ctrl Pts',(25.7958800016497,-40.7845893638278,-15.6422329373102));
#9852=CARTESIAN_POINT('Ctrl Pts',(22.6103035087054,-44.2043004211396,-15.7614886248734));
#9853=CARTESIAN_POINT('Ctrl Pts',(18.1749684321757,-45.6803821223087,-15.8807443124366));
#9854=CARTESIAN_POINT('Ctrl Pts',(15.1095442358773,-45.1271372427742,-15.9602481041454));
#9855=CARTESIAN_POINT('Ctrl Pts',(13.7357599229184,-44.5003447741349,-15.9999999999998));
#9856=CARTESIAN_POINT('Ctrl Pts',(13.4222590474793,-44.6683932388632,-5.6703329962925));
#9857=CARTESIAN_POINT('Ctrl Pts',(12.0204925894124,-43.9893990021078,-5.7100848921469));
#9858=CARTESIAN_POINT('Ctrl Pts',(9.564206286814,-41.9181371775857,-5.78958868385569));
#9859=CARTESIAN_POINT('Ctrl Pts',(7.81878744334499,-37.4234693461295,-5.90884437141889));
#9860=CARTESIAN_POINT('Ctrl Pts',(8.43966445050673,-32.6429057293511,-6.02810005898207));
#9861=CARTESIAN_POINT('Ctrl Pts',(11.274668883204,-28.7434493346657,-6.14735574654527));
#9862=CARTESIAN_POINT('Ctrl Pts',(15.6311569215756,-26.6787375740778,-6.26661143410846));
#9863=CARTESIAN_POINT('Ctrl Pts',(20.4443408582886,-26.9530558378912,-6.38586712167165));
#9864=CARTESIAN_POINT('Ctrl Pts',(24.5379698461613,-29.4995147051699,-6.50512280923485));
#9865=CARTESIAN_POINT('Ctrl Pts',(26.9115733976236,-33.6957085039524,-6.62437849679803));
#9866=CARTESIAN_POINT('Ctrl Pts',(26.9850752816406,-38.5161602809268,-6.74363418436123));
#9867=CARTESIAN_POINT('Ctrl Pts',(24.7405066917077,-42.7827768163442,-6.86288987192442));
#9868=CARTESIAN_POINT('Ctrl Pts',(20.7264230893932,-45.4528431418379,-6.98214555948761));
#9869=CARTESIAN_POINT('Ctrl Pts',(15.9238297420006,-45.8738145253243,-7.10140124705081));
#9870=CARTESIAN_POINT('Ctrl Pts',(11.506438697617,-43.9428112691494,-7.220656934614));
#9871=CARTESIAN_POINT('Ctrl Pts',(8.55382100989609,-40.1317525508585,-7.33991262217719));
#9872=CARTESIAN_POINT('Ctrl Pts',(7.78757052114849,-35.3720279390503,-7.45916830974039));
#9873=CARTESIAN_POINT('Ctrl Pts',(9.39495201122818,-30.826871871722,-7.57842399730358));
#9874=CARTESIAN_POINT('Ctrl Pts',(12.9831356730223,-27.6070804684123,-7.69767968486677));
#9875=CARTESIAN_POINT('Ctrl Pts',(17.675201086274,-26.4995422631303,-7.81693537242996));
#9876=CARTESIAN_POINT('Ctrl Pts',(22.3244489038397,-27.7749298397361,-7.93619105999315));
#9877=CARTESIAN_POINT('Ctrl Pts',(25.7946440083553,-31.121549723601,-8.05544674755634));
#9878=CARTESIAN_POINT('Ctrl Pts',(27.2377013604505,-35.7215175722861,-8.17470243511955));
#9879=CARTESIAN_POINT('Ctrl Pts',(26.3009504846541,-40.4506418587688,-8.29395812268272));
#9880=CARTESIAN_POINT('Ctrl Pts',(23.2133250238722,-44.1531663675504,-8.41321381024592));
#9881=CARTESIAN_POINT('Ctrl Pts',(18.729413376437,-45.9242268016545,-8.53246949780911));
#9882=CARTESIAN_POINT('Ctrl Pts',(13.945043955685,-45.330991629978,-8.65172518537231));
#9883=CARTESIAN_POINT('Ctrl Pts',(10.0294744015134,-42.5184422899834,-8.77098087293551));
#9884=CARTESIAN_POINT('Ctrl Pts',(7.93963533810039,-38.1739410053424,-8.89023656049869));
#9885=CARTESIAN_POINT('Ctrl Pts',(8.18626497903451,-33.3592455275826,-9.00949224806189));
#9886=CARTESIAN_POINT('Ctrl Pts',(10.7090892178431,-29.2510249172244,-9.12874793562507));
#9887=CARTESIAN_POINT('Ctrl Pts',(14.8915520873595,-26.8532920154137,-9.24800362318827));
#9888=CARTESIAN_POINT('Ctrl Pts',(19.7114965938585,-26.7520315711261,-9.36725931075146));
#9889=CARTESIAN_POINT('Ctrl Pts',(23.9909708605638,-28.9719907428029,-9.48651499831465));
#9890=CARTESIAN_POINT('Ctrl Pts',(26.6841091648968,-32.9706311113583,-9.60577068587785));
#9891=CARTESIAN_POINT('Ctrl Pts',(27.1327322859706,-37.7707202791284,-9.72502637344103));
#9892=CARTESIAN_POINT('Ctrl Pts',(25.2272006943837,-42.1991588387982,-9.84428206100423));
#9893=CARTESIAN_POINT('Ctrl Pts',(21.4332094850772,-45.1736755099586,-9.96353774856742));
#9894=CARTESIAN_POINT('Ctrl Pts',(16.6779766082677,-45.9673246834704,-10.0827934361306));
#9895=CARTESIAN_POINT('Ctrl Pts',(12.1236389898452,-44.3861455093323,-10.2020491236938));
#9896=CARTESIAN_POINT('Ctrl Pts',(8.88323652847614,-40.8165642157267,-10.321304811257));
#9897=CARTESIAN_POINT('Ctrl Pts',(7.74869497262747,-36.1309549510356,-10.4405604988202));
#9898=CARTESIAN_POINT('Ctrl Pts',(8.99728626042836,-31.4744392451312,-10.5598161863834));
#9899=CARTESIAN_POINT('Ctrl Pts',(12.3238657063315,-27.9850284190174,-10.6790718739466));
#9900=CARTESIAN_POINT('Ctrl Pts',(16.9154466678016,-26.5155036667348,-10.7983275615098));
#9901=CARTESIAN_POINT('Ctrl Pts',(21.6498873019941,-27.4250038616845,-10.917583249073));
#9902=CARTESIAN_POINT('Ctrl Pts',(25.3701321235167,-30.4912551872023,-11.0368389366362));
#9903=CARTESIAN_POINT('Ctrl Pts',(27.1669861481391,-34.9648928946508,-11.1560946241993));
#9904=CARTESIAN_POINT('Ctrl Pts',(26.601314118652,-39.7525994310168,-11.2753503117625));
#9905=CARTESIAN_POINT('Ctrl Pts',(23.8113612841189,-43.6843015947606,-11.3946059993257));
#9906=CARTESIAN_POINT('Ctrl Pts',(19.4789674817254,-45.7991260944031,-11.5138616868889));
#9907=CARTESIAN_POINT('Ctrl Pts',(14.6629315012873,-45.5802284963527,-11.6331173744521));
#9908=CARTESIAN_POINT('Ctrl Pts',(10.5402500103239,-43.0811054406843,-11.7523730620153));
#9909=CARTESIAN_POINT('Ctrl Pts',(8.1184699615191,-38.9125205346859,-11.8716287495785));
#9910=CARTESIAN_POINT('Ctrl Pts',(7.98945301423043,-34.0932391203443,-11.9908844371417));
#9911=CARTESIAN_POINT('Ctrl Pts',(10.1847297711422,-29.8010510205671,-12.1101401247049));
#9912=CARTESIAN_POINT('Ctrl Pts',(14.1677939773877,-27.0849291064713,-12.2293958122681));
#9913=CARTESIAN_POINT('Ctrl Pts',(18.9652199118331,-26.6086695902222,-12.3486514998313));
#9914=CARTESIAN_POINT('Ctrl Pts',(23.4045590378707,-28.48866609217,-12.4679071873945));
#9915=CARTESIAN_POINT('Ctrl Pts',(26.4008760729254,-32.2654640678035,-12.5871628749576));
#9916=CARTESIAN_POINT('Ctrl Pts',(27.2218975914194,-37.0160474413986,-12.7064185625208));
#9917=CARTESIAN_POINT('Ctrl Pts',(25.666973183943,-41.5794155845935,-12.825674250084));
#9918=CARTESIAN_POINT('Ctrl Pts',(22.1161126455295,-44.8403216182115,-12.9449299376472));
#9919=CARTESIAN_POINT('Ctrl Pts',(17.4371149373171,-46.0018289017692,-13.0641856252104));
#9920=CARTESIAN_POINT('Ctrl Pts',(12.7734857831169,-44.7800753114111,-13.1834413127736));
#9921=CARTESIAN_POINT('Ctrl Pts',(9.26497496796266,-41.4736466363772,-13.3026970003368));
#9922=CARTESIAN_POINT('Ctrl Pts',(7.76903155439885,-36.8906048488011,-13.4219526879));
#9923=CARTESIAN_POINT('Ctrl Pts',(8.65125090369962,-32.1510048926954,-13.5412083754632));
#9924=CARTESIAN_POINT('Ctrl Pts',(11.6960263962941,-28.4131631464464,-13.6604640630264));
#9925=CARTESIAN_POINT('Ctrl Pts',(16.1592417888989,-26.5905751267371,-13.7797197505896));
#9926=CARTESIAN_POINT('Ctrl Pts',(20.9501266472923,-27.1286652531112,-13.8989754381528));
#9927=CARTESIAN_POINT('Ctrl Pts',(24.8978310221201,-29.8959290476682,-14.018231125716));
#9928=CARTESIAN_POINT('Ctrl Pts',(27.0375708104143,-34.2160716792004,-14.1374868132791));
#9929=CARTESIAN_POINT('Ctrl Pts',(26.8464125275701,-39.0332884256728,-14.2567425008423));
#9930=CARTESIAN_POINT('Ctrl Pts',(24.3710735174145,-43.170294071768,-14.3759981884055));
#9931=CARTESIAN_POINT('Ctrl Pts',(20.2165048847105,-45.6160409245535,-14.4952538759687));
#9932=CARTESIAN_POINT('Ctrl Pts',(15.3980462953168,-45.7728101383752,-14.6145095635319));
#9933=CARTESIAN_POINT('Ctrl Pts',(11.0932869394294,-43.6022885185201,-14.7337652510951));
#9934=CARTESIAN_POINT('Ctrl Pts',(8.35427104842922,-39.6349327599597,-14.8530209386583));
#9935=CARTESIAN_POINT('Ctrl Pts',(7.85039186298912,-34.8403288018224,-14.9722766262215));
#9936=CARTESIAN_POINT('Ctrl Pts',(9.70478900755112,-30.390237112267,-15.0915323137847));
#9937=CARTESIAN_POINT('Ctrl Pts',(13.4642724270275,-27.3722175166096,-15.2107880013479));
#9938=CARTESIAN_POINT('Ctrl Pts',(18.2100406232196,-26.5238541248563,-15.3300436889111));
#9939=CARTESIAN_POINT('Ctrl Pts',(22.7823046412003,-28.0524655218347,-15.4492993764743));
#9940=CARTESIAN_POINT('Ctrl Pts',(26.0635717125594,-31.5845012698006,-15.5685550640375));
#9941=CARTESIAN_POINT('Ctrl Pts',(27.2520769819558,-36.256703952412,-15.6878107516006));
#9942=CARTESIAN_POINT('Ctrl Pts',(26.0570559117198,-40.9273500478851,-15.8070664391638));
#9943=CARTESIAN_POINT('Ctrl Pts',(22.7711891735602,-44.4547225163301,-15.926322126727));
#9944=CARTESIAN_POINT('Ctrl Pts',(18.1962181964572,-45.9772751140846,-16.0455778142902));
#9945=CARTESIAN_POINT('Ctrl Pts',(15.0342864621929,-45.4066126447494,-16.125081605999));
#9946=CARTESIAN_POINT('Ctrl Pts',(13.6172518408754,-44.7600871166409,-16.1648335018534));
#9947=CARTESIAN_POINT('Ctrl Pts',(13.2977994535147,-44.9253369281614,-5.83516649814614));
#9948=CARTESIAN_POINT('Ctrl Pts',(11.8532486974172,-44.2256186316889,-5.87491839400054));
#9949=CARTESIAN_POINT('Ctrl Pts',(9.32199235639765,-42.0911383711072,-5.95442218570933));
#9950=CARTESIAN_POINT('Ctrl Pts',(7.52330035921789,-37.4592856277545,-6.07367787327253));
#9951=CARTESIAN_POINT('Ctrl Pts',(8.16312758933715,-32.5328110731323,-6.19293356083571));
#9952=CARTESIAN_POINT('Ctrl Pts',(11.084661182344,-28.5143366326182,-6.31218924839891));
#9953=CARTESIAN_POINT('Ctrl Pts',(15.5741166501527,-26.3866063550698,-6.4314449359621));
#9954=CARTESIAN_POINT('Ctrl Pts',(20.5342071523918,-26.6692972791696,-6.55070062352529));
#9955=CARTESIAN_POINT('Ctrl Pts',(24.7527806641086,-29.2934784050123,-6.66995631108848));
#9956=CARTESIAN_POINT('Ctrl Pts',(27.1988306357058,-33.6177471802276,-6.78921199865167));
#9957=CARTESIAN_POINT('Ctrl Pts',(27.2745759223193,-38.5853273495825,-6.90846768621487));
#9958=CARTESIAN_POINT('Ctrl Pts',(24.9614992788878,-42.9821682832104,-7.02772337377805));
#9959=CARTESIAN_POINT('Ctrl Pts',(20.8248990132783,-45.733729577266,-7.14697906134126));
#9960=CARTESIAN_POINT('Ctrl Pts',(15.8757223431703,-46.1675497238468,-7.26623474890444));
#9961=CARTESIAN_POINT('Ctrl Pts',(11.3235050059525,-44.1776089618309,-7.38549043646765));
#9962=CARTESIAN_POINT('Ctrl Pts',(8.28076840120733,-40.2502302452427,-7.50474612403083));
#9963=CARTESIAN_POINT('Ctrl Pts',(7.49113064342646,-35.3452307374894,-7.62400181159403));
#9964=CARTESIAN_POINT('Ctrl Pts',(9.14757215225935,-30.6613487713774,-7.74325749915721));
#9965=CARTESIAN_POINT('Ctrl Pts',(12.8452732863052,-27.3432838545286,-7.86251318672041));
#9966=CARTESIAN_POINT('Ctrl Pts',(17.6805485216098,-26.2019416982516,-7.9817688742836));
#9967=CARTESIAN_POINT('Ctrl Pts',(22.471699295335,-27.5162562743357,-8.10102456184679));
#9968=CARTESIAN_POINT('Ctrl Pts',(26.0478106605239,-30.9650206928215,-8.22028024940998));
#9969=CARTESIAN_POINT('Ctrl Pts',(27.5349125790104,-35.7053873891439,-8.33953593697317));
#9970=CARTESIAN_POINT('Ctrl Pts',(26.5695704721855,-40.5788525975627,-8.45879162453637));
#9971=CARTESIAN_POINT('Ctrl Pts',(23.3877054273697,-44.394384455848,-8.57804731209956));
#9972=CARTESIAN_POINT('Ctrl Pts',(18.7669371650806,-46.2195006686496,-8.69730299966275));
#9973=CARTESIAN_POINT('Ctrl Pts',(13.8365406468704,-45.6081589498795,-8.81655868722595));
#9974=CARTESIAN_POINT('Ctrl Pts',(9.80146124581875,-42.709765817222,-8.93581437478914));
#9975=CARTESIAN_POINT('Ctrl Pts',(7.64783673739778,-38.2326629592685,-9.05507006235232));
#9976=CARTESIAN_POINT('Ctrl Pts',(7.90199393472346,-33.2710147811773,-9.17432574991553));
#9977=CARTESIAN_POINT('Ctrl Pts',(10.5018190630103,-29.0374042858226,-9.29358143747871));
#9978=CARTESIAN_POINT('Ctrl Pts',(14.811937817629,-26.5664884950375,-9.41283712504191));
#9979=CARTESIAN_POINT('Ctrl Pts',(19.7789952337502,-26.4621374096504,-9.5320928126051));
#9980=CARTESIAN_POINT('Ctrl Pts',(24.1890863385081,-28.7498535134967,-9.65134850016829));
#9981=CARTESIAN_POINT('Ctrl Pts',(26.9644238074645,-32.8705391915692,-9.77060418773149));
#9982=CARTESIAN_POINT('Ctrl Pts',(27.4267396697256,-37.8171352502307,-9.88985987529467));
#9983=CARTESIAN_POINT('Ctrl Pts',(25.4630480108522,-42.3807372917036,-10.0091155628579));
#9984=CARTESIAN_POINT('Ctrl Pts',(21.5532577326707,-45.4460412741337,-10.1283712504211));
#9985=CARTESIAN_POINT('Ctrl Pts',(16.6528870553128,-46.2639139711688,-10.2476269379843));
#9986=CARTESIAN_POINT('Ctrl Pts',(11.9595433015408,-44.634474517555,-10.3668826255474));
#9987=CARTESIAN_POINT('Ctrl Pts',(8.62023824206176,-40.9559435276349,-10.4861383131106));
#9988=CARTESIAN_POINT('Ctrl Pts',(7.45106854700049,-36.127321493533,-10.6053940006738));
#9989=CARTESIAN_POINT('Ctrl Pts',(8.73776896593961,-31.3286810031476,-10.724649688237));
#9990=CARTESIAN_POINT('Ctrl Pts',(12.1658812781893,-27.732767419833,-10.8439053758002));
#9991=CARTESIAN_POINT('Ctrl Pts',(16.8976051052249,-26.2183902710594,-10.9631610633634));
#9992=CARTESIAN_POINT('Ctrl Pts',(21.7765489253338,-27.155649959879,-11.0824167509266));
#9993=CARTESIAN_POINT('Ctrl Pts',(25.6103419504639,-30.3154884944448,-11.2016724384898));
#9994=CARTESIAN_POINT('Ctrl Pts',(27.4620390180658,-34.9256692386131,-11.320928126053));
#9995=CARTESIAN_POINT('Ctrl Pts',(26.8791017154956,-39.8595047268854,-11.4401838136162));
#9996=CARTESIAN_POINT('Ctrl Pts',(24.0039947721044,-43.9112091322103,-11.5594395011794));
#9997=CARTESIAN_POINT('Ctrl Pts',(19.5393689373628,-46.0905816748983,-11.6786951887426));
#9998=CARTESIAN_POINT('Ctrl Pts',(14.5763393421701,-45.8650029496036,-11.7979508763058));
#9999=CARTESIAN_POINT('Ctrl Pts',(10.3278265955225,-43.2896024049044,-11.9172065638689));
#10000=CARTESIAN_POINT('Ctrl Pts',(7.83212969789005,-38.9937851928699,-12.0364622514321));
#10001=CARTESIAN_POINT('Ctrl Pts',(7.69917493379028,-34.0274111076073,-12.1557179389953));
#10002=CARTESIAN_POINT('Ctrl Pts',(9.96145527356481,-29.6042181219539,-12.2749736265585));
#10003=CARTESIAN_POINT('Ctrl Pts',(14.0660893783439,-26.8051955443479,-12.3942293141217));
#10004=CARTESIAN_POINT('Ctrl Pts',(19.009940917267,-26.3143997770951,-12.5134850016849));
#10005=CARTESIAN_POINT('Ctrl Pts',(23.5847762289453,-28.2517769719342,-12.6327406892481));
#10006=CARTESIAN_POINT('Ctrl Pts',(26.6725459594787,-32.1438492496891,-12.7519963768113));
#10007=CARTESIAN_POINT('Ctrl Pts',(27.5186264520513,-37.0394285130812,-12.8712520643745));
#10008=CARTESIAN_POINT('Ctrl Pts',(25.9162431052617,-41.7420784186112,-12.9905077519377));
#10009=CARTESIAN_POINT('Ctrl Pts',(22.2570042598441,-45.1025128542602,-13.1097634395009));
#10010=CARTESIAN_POINT('Ctrl Pts',(17.4351955781771,-46.2994713169344,-13.2290191270641));
#10011=CARTESIAN_POINT('Ctrl Pts',(12.6292245249471,-45.0404277276402,-13.3482748146272));
#10012=CARTESIAN_POINT('Ctrl Pts',(9.01362798841952,-41.6330812220824,-13.4675305021904));
#10013=CARTESIAN_POINT('Ctrl Pts',(7.47202583585929,-36.9101571990611,-13.5867861897536));
#10014=CARTESIAN_POINT('Ctrl Pts',(8.38117202119014,-32.0258965857534,-13.7060418773168));
#10015=CARTESIAN_POINT('Ctrl Pts',(11.5188792438611,-28.1739695478052,-13.82529756488));
#10016=CARTESIAN_POINT('Ctrl Pts',(16.1183195663985,-26.2957530397886,-13.9445532524432));
#10017=CARTESIAN_POINT('Ctrl Pts',(21.0554303844958,-26.8502665926197,-14.0638089400064));
#10018=CARTESIAN_POINT('Ctrl Pts',(25.1236254156218,-29.7019919879194,-14.1830646275696));
#10019=CARTESIAN_POINT('Ctrl Pts',(27.3286737039756,-34.1539927252141,-14.3023203151328));
#10020=CARTESIAN_POINT('Ctrl Pts',(27.1316809449981,-39.1182391254301,-14.421576002696));
#10021=CARTESIAN_POINT('Ctrl Pts',(24.58079037536,-43.381513224803,-14.5408316902592));
#10022=CARTESIAN_POINT('Ctrl Pts',(20.2994172371357,-45.9019084340639,-14.6600873778224));
#10023=CARTESIAN_POINT('Ctrl Pts',(15.3338910908389,-46.063462511104,-14.7793430653855));
#10024=CARTESIAN_POINT('Ctrl Pts',(10.8977431529431,-43.8266928773011,-14.8985987529488));
#10025=CARTESIAN_POINT('Ctrl Pts',(8.0751278352933,-39.7382466687654,-15.0178544405119));
#10026=CARTESIAN_POINT('Ctrl Pts',(7.55586939953857,-34.7973032376702,-15.1371101280751));
#10027=CARTESIAN_POINT('Ctrl Pts',(9.46686590103581,-30.2113871759352,-15.2563658156383));
#10028=CARTESIAN_POINT('Ctrl Pts',(13.3410951529113,-27.1012524857128,-15.3756215032015));
#10029=CARTESIAN_POINT('Ctrl Pts',(18.2317122714908,-26.2269955993748,-15.4948771907647));
#10030=CARTESIAN_POINT('Ctrl Pts',(22.9435295690453,-27.8022628178026,-15.6141328783279));
#10031=CARTESIAN_POINT('Ctrl Pts',(26.3249464959606,-31.4421023081294,-15.7333885658911));
#10032=CARTESIAN_POINT('Ctrl Pts',(27.5497269689505,-36.2569085684494,-15.8526442534543));
#10033=CARTESIAN_POINT('Ctrl Pts',(26.31823182179,-41.0701107319423,-15.9718999410175));
#10034=CARTESIAN_POINT('Ctrl Pts',(22.932074838415,-44.7051446115206,-16.0911556285807));
#10035=CARTESIAN_POINT('Ctrl Pts',(18.2174679607386,-46.2741681058604,-16.2104113161438));
#10036=CARTESIAN_POINT('Ctrl Pts',(14.9590286885085,-45.6860880467246,-16.2899151078527));
#10037=CARTESIAN_POINT('Ctrl Pts',(13.4987437588324,-45.0198294591468,-16.3296670037071));
#10038=CARTESIAN_POINT('Ctrl Pts',(13.1733398595501,-45.1822806174596,-5.99999999999978));
#10039=CARTESIAN_POINT('Ctrl Pts',(11.686004805422,-44.46183826127,-6.03975189585418));
#10040=CARTESIAN_POINT('Ctrl Pts',(9.0797784259813,-42.2641395646288,-6.11925568756297));
#10041=CARTESIAN_POINT('Ctrl Pts',(7.22781327509079,-37.4951019093795,-6.23851137512617));
#10042=CARTESIAN_POINT('Ctrl Pts',(7.88659072816756,-32.4227164169136,-6.35776706268935));
#10043=CARTESIAN_POINT('Ctrl Pts',(10.8946534814839,-28.2852239305706,-6.47702275025255));
#10044=CARTESIAN_POINT('Ctrl Pts',(15.5170763787297,-26.0944751360618,-6.59627843781573));
#10045=CARTESIAN_POINT('Ctrl Pts',(20.6240734464951,-26.385538720448,-6.71553412537893));
#10046=CARTESIAN_POINT('Ctrl Pts',(24.9675914820559,-29.0874421048547,-6.83478981294212));
#10047=CARTESIAN_POINT('Ctrl Pts',(27.4860878737881,-33.5397858565028,-6.95404550050532));
#10048=CARTESIAN_POINT('Ctrl Pts',(27.5640765629979,-38.6544944182381,-7.0733011880685));
#10049=CARTESIAN_POINT('Ctrl Pts',(25.1824918660679,-43.1815597500765,-7.1925568756317));
#10050=CARTESIAN_POINT('Ctrl Pts',(20.9233749371635,-46.0146160126942,-7.31181256319489));
#10051=CARTESIAN_POINT('Ctrl Pts',(15.82761494434,-46.4612849223694,-7.43106825075809));
#10052=CARTESIAN_POINT('Ctrl Pts',(11.1405713142879,-44.4124066545123,-7.55032393832128));
#10053=CARTESIAN_POINT('Ctrl Pts',(8.0077157925186,-40.3687079396269,-7.66957962588446));
#10054=CARTESIAN_POINT('Ctrl Pts',(7.19469076570439,-35.3184335359284,-7.78883531344767));
#10055=CARTESIAN_POINT('Ctrl Pts',(8.90019229329056,-30.4958256710328,-7.90809100101085));
#10056=CARTESIAN_POINT('Ctrl Pts',(12.707410899588,-27.0794872406448,-8.02734668857405));
#10057=CARTESIAN_POINT('Ctrl Pts',(17.6858959569456,-25.9043411333728,-8.14660237613724));
#10058=CARTESIAN_POINT('Ctrl Pts',(22.6189496868302,-27.2575827089352,-8.26585806370043));
#10059=CARTESIAN_POINT('Ctrl Pts',(26.3009773126926,-30.808491662042,-8.38511375126362));
#10060=CARTESIAN_POINT('Ctrl Pts',(27.8321237975702,-35.6892572060017,-8.50436943882681));
#10061=CARTESIAN_POINT('Ctrl Pts',(26.838190459717,-40.7070633363567,-8.62362512639001));
#10062=CARTESIAN_POINT('Ctrl Pts',(23.5620858308672,-44.6356025441456,-8.7428808139532));
#10063=CARTESIAN_POINT('Ctrl Pts',(18.8044609537243,-46.5147745356447,-8.8621365015164));
#10064=CARTESIAN_POINT('Ctrl Pts',(13.7280373380558,-45.885326269781,-8.98139218907958));
#10065=CARTESIAN_POINT('Ctrl Pts',(9.5734480901241,-42.9010893444606,-9.10064787664279));
#10066=CARTESIAN_POINT('Ctrl Pts',(7.35603813669516,-38.2913849131947,-9.21990356420597));
#10067=CARTESIAN_POINT('Ctrl Pts',(7.6177228904124,-33.1827840347719,-9.33915925176916));
#10068=CARTESIAN_POINT('Ctrl Pts',(10.2945489081776,-28.8237836544208,-9.45841493933236));
#10069=CARTESIAN_POINT('Ctrl Pts',(14.7323235478985,-26.2796849746612,-9.57767062689555));
#10070=CARTESIAN_POINT('Ctrl Pts',(19.8464938736418,-26.1722432481747,-9.69692631445874));
#10071=CARTESIAN_POINT('Ctrl Pts',(24.3872018164524,-28.5277162841905,-9.81618200202193));
#10072=CARTESIAN_POINT('Ctrl Pts',(27.2447384500322,-32.7704472717801,-9.93543768958513));
#10073=CARTESIAN_POINT('Ctrl Pts',(27.7207470534807,-37.863550221333,-10.0546933771483));
#10074=CARTESIAN_POINT('Ctrl Pts',(25.6988953273207,-42.562315744609,-10.1739490647115));
#10075=CARTESIAN_POINT('Ctrl Pts',(21.6733059802642,-45.7184070383087,-10.2932047522747));
#10076=CARTESIAN_POINT('Ctrl Pts',(16.627797502358,-46.5605032588672,-10.4124604398379));
#10077=CARTESIAN_POINT('Ctrl Pts',(11.7954476132365,-44.8828035257775,-10.5317161274011));
#10078=CARTESIAN_POINT('Ctrl Pts',(8.3572399556474,-41.0953228395432,-10.6509718149643));
#10079=CARTESIAN_POINT('Ctrl Pts',(7.15344212137351,-36.1236880360304,-10.7702275025275));
#10080=CARTESIAN_POINT('Ctrl Pts',(8.47825167145089,-31.182922761164,-10.8894831900907));
#10081=CARTESIAN_POINT('Ctrl Pts',(12.0078968500471,-27.4805064206487,-11.0087388776539));
#10082=CARTESIAN_POINT('Ctrl Pts',(16.8797635426482,-25.921276875384,-11.127994565217));
#10083=CARTESIAN_POINT('Ctrl Pts',(21.9032105486735,-26.8862960580734,-11.2472502527802));
#10084=CARTESIAN_POINT('Ctrl Pts',(25.8505517774111,-30.1397218016873,-11.3665059403434));
#10085=CARTESIAN_POINT('Ctrl Pts',(27.7570918879924,-34.8864455825753,-11.4857616279066));
#10086=CARTESIAN_POINT('Ctrl Pts',(27.1568893123392,-39.9664100227541,-11.6050173154698));
#10087=CARTESIAN_POINT('Ctrl Pts',(24.1966282600899,-44.1381166696599,-11.724273003033));
#10088=CARTESIAN_POINT('Ctrl Pts',(19.5997703930003,-46.3820372553935,-11.8435286905962));
#10089=CARTESIAN_POINT('Ctrl Pts',(14.4897471830529,-46.1497774028544,-11.9627843781594));
#10090=CARTESIAN_POINT('Ctrl Pts',(10.1154031807211,-43.4980993691246,-12.0820400657226));
#10091=CARTESIAN_POINT('Ctrl Pts',(7.54578943426099,-39.0750498510538,-12.2012957532858));
#10092=CARTESIAN_POINT('Ctrl Pts',(7.40889685335014,-33.9615830948704,-12.320551440849));
#10093=CARTESIAN_POINT('Ctrl Pts',(9.73818077598743,-29.4073852233407,-12.4398071284122));
#10094=CARTESIAN_POINT('Ctrl Pts',(13.9643847793001,-26.5254619822245,-12.5590628159753));
#10095=CARTESIAN_POINT('Ctrl Pts',(19.0546619227009,-26.0201299639679,-12.6783185035385));
#10096=CARTESIAN_POINT('Ctrl Pts',(23.76499342002,-28.0148878516984,-12.7975741911017));
#10097=CARTESIAN_POINT('Ctrl Pts',(26.9442158460321,-32.0222344315747,-12.9168298786649));
#10098=CARTESIAN_POINT('Ctrl Pts',(27.8153553126831,-37.0628095847638,-13.0360855662281));
#10099=CARTESIAN_POINT('Ctrl Pts',(26.1655130265805,-41.9047412526289,-13.1553412537913));
#10100=CARTESIAN_POINT('Ctrl Pts',(22.3978958741587,-45.3647040903088,-13.2745969413545));
#10101=CARTESIAN_POINT('Ctrl Pts',(17.4332762190371,-46.5971137320996,-13.3938526289177));
#10102=CARTESIAN_POINT('Ctrl Pts',(12.4849632667773,-45.3007801438694,-13.5131083164809));
#10103=CARTESIAN_POINT('Ctrl Pts',(8.76228100887638,-41.7925158077874,-13.6323640040441));
#10104=CARTESIAN_POINT('Ctrl Pts',(7.17502011731973,-36.9297095493212,-13.7516196916073));
#10105=CARTESIAN_POINT('Ctrl Pts',(8.11109313868066,-31.9007882788114,-13.8708753791705));
#10106=CARTESIAN_POINT('Ctrl Pts',(11.3417320914282,-27.934775949164,-13.9901310667336));
#10107=CARTESIAN_POINT('Ctrl Pts',(16.077397343898,-26.00093095284,-14.1093867542969));
#10108=CARTESIAN_POINT('Ctrl Pts',(21.1607341216994,-26.5718679321283,-14.22864244186));
#10109=CARTESIAN_POINT('Ctrl Pts',(25.3494198091236,-29.5080549281705,-14.3478981294232));
#10110=CARTESIAN_POINT('Ctrl Pts',(27.6197765975371,-34.0919137712278,-14.4671538169864));
#10111=CARTESIAN_POINT('Ctrl Pts',(27.4169493624261,-39.2031898251873,-14.5864095045496));
#10112=CARTESIAN_POINT('Ctrl Pts',(24.7905072333055,-43.5927323778381,-14.7056651921128));
#10113=CARTESIAN_POINT('Ctrl Pts',(20.3823295895608,-46.1877759435742,-14.824920879676));
#10114=CARTESIAN_POINT('Ctrl Pts',(15.2697358863609,-46.354114883833,-14.9441765672392));
#10115=CARTESIAN_POINT('Ctrl Pts',(10.7021993664568,-44.0510972360821,-15.0634322548024));
#10116=CARTESIAN_POINT('Ctrl Pts',(7.79598462215738,-39.8415605775711,-15.1826879423656));
#10117=CARTESIAN_POINT('Ctrl Pts',(7.26134693608801,-34.754277673518,-15.3019436299288));
#10118=CARTESIAN_POINT('Ctrl Pts',(9.22894279452052,-30.0325372396034,-15.421199317492));
#10119=CARTESIAN_POINT('Ctrl Pts',(13.217917878795,-26.8302874548161,-15.5404550050552));
#10120=CARTESIAN_POINT('Ctrl Pts',(18.2533839197621,-25.9301370738934,-15.6597106926183));
#10121=CARTESIAN_POINT('Ctrl Pts',(23.1047544968904,-27.5520601137705,-15.7789663801815));
#10122=CARTESIAN_POINT('Ctrl Pts',(26.5863212793619,-31.2997033464582,-15.8982220677447));
#10123=CARTESIAN_POINT('Ctrl Pts',(27.8473769559452,-36.2571131844868,-16.0174777553079));
#10124=CARTESIAN_POINT('Ctrl Pts',(26.5794077318601,-41.2128714159995,-16.1367334428711));
#10125=CARTESIAN_POINT('Ctrl Pts',(23.0929605032697,-44.9555667067112,-16.2559891304343));
#10126=CARTESIAN_POINT('Ctrl Pts',(18.2387177250201,-46.5710610976362,-16.3752448179975));
#10127=CARTESIAN_POINT('Ctrl Pts',(14.8837709148241,-45.9655634486998,-16.4547486097063));
#10128=CARTESIAN_POINT('Ctrl Pts',(13.3802356767895,-45.2795718016528,-16.4945005055607));
#10129=CARTESIAN_POINT('Ctrl Pts',(23.530843739569,-43.023233983597,-14.2241432432153));
#10130=CARTESIAN_POINT('Ctrl Pts',(22.5252712918456,-43.9170911630584,-14.2595689535152));
#10131=CARTESIAN_POINT('Ctrl Pts',(19.9641305567853,-45.335686883755,-14.3347465596696));
#10132=CARTESIAN_POINT('Ctrl Pts',(15.4622014997948,-45.4821577656463,-14.4496760616783));
#10133=CARTESIAN_POINT('Ctrl Pts',(12.6502044065039,-44.0643083619136,-14.5300299686173));
#10134=CARTESIAN_POINT('Ctrl Pts',(11.4932597439605,-43.0450009590481,-14.5706319797018));
#10135=CARTESIAN_POINT('Ctrl Pts',(11.4691526739732,-43.0235276952387,-14.571482094932));
#10136=CARTESIAN_POINT('Ctrl Pts',(7.57529636144688,-36.2497523414393,-15.2673131746346));
#10137=CARTESIAN_POINT('Ctrl Pts',(7.57484805916068,-35.7698140094845,-15.2788566597326));
#10138=CARTESIAN_POINT('Ctrl Pts',(7.60903348106579,-35.2899390056621,-15.2904001448307));
#10139=CARTESIAN_POINT('Ctrl Pts',(7.67838586017166,-34.8152014185411,-15.3019436299288));
#10140=CARTESIAN_POINT('Ctrl Pts',(7.91721222223218,-33.1803641955465,-15.3416955257832));
#10141=CARTESIAN_POINT('Ctrl Pts',(8.57307750837635,-31.606450717575,-15.3814474216376));
#10142=CARTESIAN_POINT('Ctrl Pts',(9.56583933216085,-30.2857856811246,-15.421199317492));
#10143=CARTESIAN_POINT('Ctrl Pts',(10.5586011559453,-28.9651206446743,-15.4609512133464));
#10144=CARTESIAN_POINT('Ctrl Pts',(11.8882595173702,-27.8977040497452,-15.5007031092008));
#10145=CARTESIAN_POINT('Ctrl Pts',(13.3923330382438,-27.2139706887935,-15.5404550050552));
#10146=CARTESIAN_POINT('Ctrl Pts',(14.8964065591173,-26.5302373278419,-15.5802069009096));
#10147=CARTESIAN_POINT('Ctrl Pts',(16.5748952394397,-26.2301872008676,-15.6199587967639));
#10148=CARTESIAN_POINT('Ctrl Pts',(18.2227013424556,-26.3504826440267,-15.6597106926183));
#10149=CARTESIAN_POINT('Ctrl Pts',(19.8705074454715,-26.4707780871858,-15.6994625884727));
#10150=CARTESIAN_POINT('Ctrl Pts',(21.487630971181,-27.0114191004782,-15.7392144843271));
#10151=CARTESIAN_POINT('Ctrl Pts',(22.8764538644476,-27.9063468125723,-15.7789663801815));
#10152=CARTESIAN_POINT('Ctrl Pts',(24.2652767577143,-28.8012745246665,-15.8187182760359));
#10153=CARTESIAN_POINT('Ctrl Pts',(25.4257990185381,-30.0504889355623,-15.8584701718903));
#10154=CARTESIAN_POINT('Ctrl Pts',(26.2162360950472,-31.5013311140151,-15.8982220677447));
#10155=CARTESIAN_POINT('Ctrl Pts',(26.890829088209,-32.7395422213308,-15.9321480451631));
#10156=CARTESIAN_POINT('Ctrl Pts',(27.2958650004122,-34.1246119297641,-15.9660740225814));
#10157=CARTESIAN_POINT('Ctrl Pts',(27.3993808779685,-35.5310336822085,-15.9999999999998));
#10158=CARTESIAN_POINT('Ctrl Pts',(12.2367144853671,-28.8646729249713,-5.99999999999978));
#10159=CARTESIAN_POINT('Ctrl Pts',(12.0500535018191,-28.9850120032395,-5.99999999999978));
#10160=CARTESIAN_POINT('Ctrl Pts',(11.8680783518367,-29.1120960370761,-5.99999999999978));
#10161=CARTESIAN_POINT('Ctrl Pts',(11.6911910909125,-29.2457157273149,-5.99999999999978));
#10162=CARTESIAN_POINT('Ctrl Pts',(11.5072937427701,-29.3846307999218,-5.99999999999978));
#10163=CARTESIAN_POINT('Ctrl Pts',(11.3288946946734,-29.5306095948835,-5.99999999999978));
#10164=CARTESIAN_POINT('Ctrl Pts',(11.1562553692939,-29.6832073213319,-5.99999999999978));
#10165=CARTESIAN_POINT('Ctrl Pts',(10.9824039588901,-29.8368764225588,-5.99999999999978));
#10166=CARTESIAN_POINT('Ctrl Pts',(10.8143929591254,-29.9972581649164,-5.99999999999978));
#10167=CARTESIAN_POINT('Ctrl Pts',(10.6525201020842,-30.1639415018324,-5.99999999999978));
#10168=CARTESIAN_POINT('Ctrl Pts',(10.6017191040171,-30.2162521858547,-5.99999999999978));
#10169=CARTESIAN_POINT('Ctrl Pts',(10.5515229126348,-30.2691838108881,-5.99999999999978));
#10170=CARTESIAN_POINT('Ctrl Pts',(10.5019414652362,-30.3227244317875,-5.99999999999978));
#10171=CARTESIAN_POINT('Ctrl Pts',(10.4800281530554,-30.3463875638999,-5.99999999999978));
#10172=CARTESIAN_POINT('Ctrl Pts',(10.4582335299151,-30.3701711999252,-5.99999999999978));
#10173=CARTESIAN_POINT('Ctrl Pts',(10.4365629523363,-30.3940693876477,-5.99999999999978));
#10174=CARTESIAN_POINT('Ctrl Pts',(10.2741141350371,-30.5732170045945,-5.99999999999978));
#10175=CARTESIAN_POINT('Ctrl Pts',(10.1188765143874,-30.7585273848064,-5.99999999999978));
#10176=CARTESIAN_POINT('Ctrl Pts',(9.97114186680435,-30.9494947762622,-5.99999999999978));
#10177=CARTESIAN_POINT('Ctrl Pts',(9.82757587324111,-31.1350736079111,-5.99999999999978));
#10178=CARTESIAN_POINT('Ctrl Pts',(9.6910951053966,-31.3259954445513,-5.99999999999978));
#10179=CARTESIAN_POINT('Ctrl Pts',(9.56200180111042,-31.5218371301419,-5.99999999999978));
#10180=CARTESIAN_POINT('Ctrl Pts',(9.42728587016499,-31.7262086514857,-5.99999999999978));
#10181=CARTESIAN_POINT('Ctrl Pts',(9.30061407685007,-31.9359382554941,-5.99999999999978));
#10182=CARTESIAN_POINT('Ctrl Pts',(9.18237733428572,-32.1505827748268,-5.99999999999978));
#10183=CARTESIAN_POINT('Ctrl Pts',(9.15580975173414,-32.1988130107327,-5.99999999999978));
#10184=CARTESIAN_POINT('Ctrl Pts',(9.12966826142071,-32.2472915296744,-5.99999999999978));
#10185=CARTESIAN_POINT('Ctrl Pts',(9.10395767955003,-32.2960135215628,-5.99999999999978));
#10186=CARTESIAN_POINT('Ctrl Pts',(9.0872746282865,-32.327628188723,-5.99999999999978));
#10187=CARTESIAN_POINT('Ctrl Pts',(9.07077175469683,-32.3593479556807,-5.99999999999978));
#10188=CARTESIAN_POINT('Ctrl Pts',(9.05446142904097,-32.3911496291596,-5.99999999999978));
#10189=CARTESIAN_POINT('Ctrl Pts',(8.9840415709095,-32.528453407268,-5.99999999999978));
#10190=CARTESIAN_POINT('Ctrl Pts',(8.91716628066503,-32.6673657103333,-5.99999999999978));
#10191=CARTESIAN_POINT('Ctrl Pts',(8.85390833198549,-32.8077612686692,-5.99999999999978));
#10192=CARTESIAN_POINT('Ctrl Pts',(8.75822099350547,-33.0201310592172,-5.99999999999978));
#10193=CARTESIAN_POINT('Ctrl Pts',(8.6708082457294,-33.2358932765233,-5.99999999999978));
#10194=CARTESIAN_POINT('Ctrl Pts',(8.59165055741105,-33.454523047712,-5.99999999999978));
#10195=CARTESIAN_POINT('Ctrl Pts',(8.51155426613284,-33.6757451956453,-5.99999999999978));
#10196=CARTESIAN_POINT('Ctrl Pts',(8.43990974205989,-33.8999038707583,-5.99999999999978));
#10197=CARTESIAN_POINT('Ctrl Pts',(8.37674221675933,-34.1264840052559,-5.99999999999978));
#10198=CARTESIAN_POINT('Ctrl Pts',(8.31322920363952,-34.3543033948324,-5.99999999999978));
#10199=CARTESIAN_POINT('Ctrl Pts',(8.25828598019406,-34.584571431253,-5.99999999999978));
#10200=CARTESIAN_POINT('Ctrl Pts',(8.21198692154096,-34.8167843126521,-5.99999999999978));
#10201=CARTESIAN_POINT('Ctrl Pts',(8.16982217291623,-35.0282615663253,-5.99999999999978));
#10202=CARTESIAN_POINT('Ctrl Pts',(8.13482722758069,-35.2413524353448,-5.99999999999978));
#10203=CARTESIAN_POINT('Ctrl Pts',(8.10709513632993,-35.4556838253015,-5.99999999999978));
#10204=CARTESIAN_POINT('Ctrl Pts',(8.09669560211089,-35.5360580965352,-5.99999999999978));
#10205=CARTESIAN_POINT('Ctrl Pts',(8.08731776898306,-35.6166068539326,-5.99999999999978));
#10206=CARTESIAN_POINT('Ctrl Pts',(8.07896786554807,-35.6973104906884,-5.99999999999978));
#10207=CARTESIAN_POINT('Ctrl Pts',(8.07519465837145,-35.733779360509,-5.99999999999978));
#10208=CARTESIAN_POINT('Ctrl Pts',(8.07163136564009,-35.770279856795,-5.99999999999978));
#10209=CARTESIAN_POINT('Ctrl Pts',(8.06827861147469,-35.8068101686482,-5.99999999999978));
#10210=CARTESIAN_POINT('Ctrl Pts',(8.06585056600139,-35.8332652124593,-5.99999999999978));
#10211=CARTESIAN_POINT('Ctrl Pts',(8.06353371591126,-35.8597275536113,-5.99999999999978));
#10212=CARTESIAN_POINT('Ctrl Pts',(8.06132838587119,-35.8861926467064,-5.99999999999978));
#10213=CARTESIAN_POINT('Ctrl Pts',(8.0414481089997,-36.1247661792845,-5.99999999999978));
#10214=CARTESIAN_POINT('Ctrl Pts',(8.0306172596795,-36.3636613840029,-5.99999999999978));
#10215=CARTESIAN_POINT('Ctrl Pts',(8.02884317599276,-36.6023521412846,-5.99999999999978));
#10216=CARTESIAN_POINT('Ctrl Pts',(8.027059724704,-36.8423032449851,-5.99999999999978));
#10217=CARTESIAN_POINT('Ctrl Pts',(8.03442876280463,-37.0820483881169,-5.99999999999978));
#10218=CARTESIAN_POINT('Ctrl Pts',(8.05100762509153,-37.3210688545554,-5.99999999999978));
#10219=CARTESIAN_POINT('Ctrl Pts',(8.05271340142246,-37.3456613414946,-5.99999999999978));
#10220=CARTESIAN_POINT('Ctrl Pts',(8.05451671826704,-37.3702461655591,-5.99999999999978));
#10221=CARTESIAN_POINT('Ctrl Pts',(8.05641766898673,-37.3948227668725,-5.99999999999978));
#10222=CARTESIAN_POINT('Ctrl Pts',(8.07479060110763,-37.6323587655788,-5.99999999999978));
#10223=CARTESIAN_POINT('Ctrl Pts',(8.10227958811567,-37.8691265928554,-5.99999999999978));
#10224=CARTESIAN_POINT('Ctrl Pts',(8.13866473555948,-38.1046592617158,-5.99999999999978));
#10225=CARTESIAN_POINT('Ctrl Pts',(8.17522431694064,-38.3413210971096,-5.99999999999978));
#10226=CARTESIAN_POINT('Ctrl Pts',(8.22076569393762,-38.5767365390303,-5.99999999999978));
#10227=CARTESIAN_POINT('Ctrl Pts',(8.27511825843519,-38.8104267760069,-5.99999999999978));
#10228=CARTESIAN_POINT('Ctrl Pts',(8.30696893250065,-38.9473695613018,-5.99999999999978));
#10229=CARTESIAN_POINT('Ctrl Pts',(8.34184632122072,-39.0837197726035,-5.99999999999978));
#10230=CARTESIAN_POINT('Ctrl Pts',(8.37972412477529,-39.2193789039051,-5.99999999999978));
#10231=CARTESIAN_POINT('Ctrl Pts',(8.39771228303585,-39.2838033872262,-5.99999999999978));
#10232=CARTESIAN_POINT('Ctrl Pts',(8.41637720885177,-39.3480719820301,-5.99999999999978));
#10233=CARTESIAN_POINT('Ctrl Pts',(8.43571653983394,-39.4121739559838,-5.99999999999978));
#10234=CARTESIAN_POINT('Ctrl Pts',(8.44727074234401,-39.4504714125525,-5.99999999999978));
#10235=CARTESIAN_POINT('Ctrl Pts',(8.45906776628293,-39.4887158061347,-5.99999999999978));
#10236=CARTESIAN_POINT('Ctrl Pts',(8.47109595321769,-39.5268699603419,-5.99999999999978));
#10237=CARTESIAN_POINT('Ctrl Pts',(8.54389263207726,-39.7577855360682,-5.99999999999978));
#10238=CARTESIAN_POINT('Ctrl Pts',(8.62520608064509,-39.9855849354238,-5.99999999999978));
#10239=CARTESIAN_POINT('Ctrl Pts',(8.7147692340115,-40.2097995525482,-5.99999999999978));
#10240=CARTESIAN_POINT('Ctrl Pts',(8.80488352152611,-40.4353938925539,-5.99999999999978));
#10241=CARTESIAN_POINT('Ctrl Pts',(8.90334950670995,-40.657359838543,-5.99999999999978));
#10242=CARTESIAN_POINT('Ctrl Pts',(9.00994802896168,-40.8752158160782,-5.99999999999978));
#10243=CARTESIAN_POINT('Ctrl Pts',(9.1163824984392,-41.0927365180699,-5.99999999999978));
#10244=CARTESIAN_POINT('Ctrl Pts',(9.23092470005137,-41.3061605321352,-5.99999999999978));
#10245=CARTESIAN_POINT('Ctrl Pts',(9.353406239056,-41.5149946468923,-5.99999999999978));
#10246=CARTESIAN_POINT('Ctrl Pts',(9.42947696396199,-41.6446971524599,-5.99999999999978));
#10247=CARTESIAN_POINT('Ctrl Pts',(9.50861117296373,-41.7726288442133,-5.99999999999978));
#10248=CARTESIAN_POINT('Ctrl Pts',(9.5907776853512,-41.8986672055159,-5.99999999999978));
#10249=CARTESIAN_POINT('Ctrl Pts',(9.70234354023946,-42.0698023446239,-5.99999999999978));
#10250=CARTESIAN_POINT('Ctrl Pts',(9.81949910895616,-42.2374475870993,-5.99999999999978));
#10251=CARTESIAN_POINT('Ctrl Pts',(9.94202210791045,-42.4014049904593,-5.99999999999978));
#10252=CARTESIAN_POINT('Ctrl Pts',(9.99562591995295,-42.4731363544293,-5.99999999999978));
#10253=CARTESIAN_POINT('Ctrl Pts',(10.0502573630029,-42.5441616364393,-5.99999999999978));
#10254=CARTESIAN_POINT('Ctrl Pts',(10.1058990263736,-42.6144632299487,-5.99999999999978));
#10255=CARTESIAN_POINT('Ctrl Pts',(10.1424458279658,-42.6606390312092,-5.99999999999978));
#10256=CARTESIAN_POINT('Ctrl Pts',(10.1794284715952,-42.7065026067208,-5.99999999999978));
#10257=CARTESIAN_POINT('Ctrl Pts',(10.216842181912,-42.7520488053398,-5.99999999999978));
#10258=CARTESIAN_POINT('Ctrl Pts',(10.2334687479463,-42.7722894303016,-5.99999999999978));
#10259=CARTESIAN_POINT('Ctrl Pts',(10.2501795018352,-42.7924661736562,-5.99999999999978));
#10260=CARTESIAN_POINT('Ctrl Pts',(10.2669661729539,-42.8125693724945,-5.99999999999978));
#10261=CARTESIAN_POINT('Ctrl Pts',(10.4222343939489,-42.9985137981553,-5.99999999999978));
#10262=CARTESIAN_POINT('Ctrl Pts',(10.5841721638796,-43.1783861541578,-5.99999999999978));
#10263=CARTESIAN_POINT('Ctrl Pts',(10.7523188485167,-43.351924245574,-5.99999999999978));
#10264=CARTESIAN_POINT('Ctrl Pts',(10.9290610057544,-43.5343334123441,-5.99999999999978));
#10265=CARTESIAN_POINT('Ctrl Pts',(11.1126631770562,-43.7097448856228,-5.99999999999978));
#10266=CARTESIAN_POINT('Ctrl Pts',(11.3026442182913,-43.8778261200307,-5.99999999999978));
#10267=CARTESIAN_POINT('Ctrl Pts',(11.4867699272831,-44.0407269876772,-5.99999999999978));
#10268=CARTESIAN_POINT('Ctrl Pts',(11.6768880851471,-44.1967428112057,-5.99999999999978));
#10269=CARTESIAN_POINT('Ctrl Pts',(11.8726027568034,-44.3455380126846,-5.99999999999978));
#10270=CARTESIAN_POINT('Ctrl Pts',(12.0776532330606,-44.501430908551,-5.99999999999978));
#10271=CARTESIAN_POINT('Ctrl Pts',(12.2888471264273,-44.6493988036973,-5.99999999999978));
#10272=CARTESIAN_POINT('Ctrl Pts',(12.5057693223348,-44.7890092062761,-5.99999999999978));
#10273=CARTESIAN_POINT('Ctrl Pts',(12.7091671618101,-44.9199153781135,-5.99999999999978));
#10274=CARTESIAN_POINT('Ctrl Pts',(12.9176020537499,-45.0434736900506,-5.99999999999978));
#10275=CARTESIAN_POINT('Ctrl Pts',(13.1307577744667,-45.1592824649521,-5.99999999999978));
#10276=CARTESIAN_POINT('Ctrl Pts',(13.1449309532475,-45.1669828375508,-5.99999999999978));
#10277=CARTESIAN_POINT('Ctrl Pts',(13.1591250115323,-45.1746489302951,-5.99999999999978));
#10278=CARTESIAN_POINT('Ctrl Pts',(13.1733398595501,-45.1822806174596,-5.99999999999978));
#10279=CARTESIAN_POINT('Origin',(17.4999999999997,-36.25,-3.2271873309259));
#10280=CARTESIAN_POINT('Origin',(17.4999999999997,-36.25,-5.99999999999978));
#10281=CARTESIAN_POINT('Origin',(14.4583232931572,-1.,16.0000000000023));
#10282=CARTESIAN_POINT('',(14.4583232931571,-4.,17.0000000000023));
#10283=CARTESIAN_POINT('',(13.4976779339467,-4.,15.7222222222241));
#10284=CARTESIAN_POINT('Origin',(14.4583232931572,-4.,16.0000000000023));
#10285=CARTESIAN_POINT('',(13.4976779339467,-1.,15.7222222222241));
#10286=CARTESIAN_POINT('',(13.4976779339467,-1.,15.7222222222241));
#10287=CARTESIAN_POINT('',(14.4583232931571,-1.,17.0000000000023));
#10288=CARTESIAN_POINT('Origin',(14.4583232931572,-1.,16.0000000000023));
#10289=CARTESIAN_POINT('',(14.4583232931571,-1.,17.0000000000023));
#10290=CARTESIAN_POINT('Origin',(10.9999999999995,-1.,15.0000000000008));
#10291=CARTESIAN_POINT('',(8.50232206605223,-4.,15.7222222222238));
#10292=CARTESIAN_POINT('Origin',(10.9999999999995,-4.,15.0000000000008));
#10293=CARTESIAN_POINT('',(8.50232206605223,-1.,15.7222222222238));
#10294=CARTESIAN_POINT('',(8.50232206605223,-1.,15.7222222222238));
#10295=CARTESIAN_POINT('Origin',(10.9999999999995,-1.,15.0000000000008));
#10296=CARTESIAN_POINT('Origin',(7.54167670684173,-1.,16.0000000000019));
#10297=CARTESIAN_POINT('',(7.54167670684168,-4.,17.0000000000019));
#10298=CARTESIAN_POINT('Origin',(7.54167670684173,-4.,16.0000000000019));
#10299=CARTESIAN_POINT('',(7.54167670684168,-1.,17.0000000000008));
#10300=CARTESIAN_POINT('',(7.54167670684168,-1.,17.0000000000019));
#10301=CARTESIAN_POINT('Origin',(7.54167670684173,-1.,16.0000000000019));
#10302=CARTESIAN_POINT('Origin',(12.6613247725814,-1.,17.0000000000022));
#10303=CARTESIAN_POINT('',(29.7999999999925,-1.,17.0000000000031));
#10304=CARTESIAN_POINT('',(15.0806623862918,-1.,17.0000000000023));
#10305=CARTESIAN_POINT('',(29.7999999999925,-4.,17.0000000000031));
#10306=CARTESIAN_POINT('',(29.7999999999925,-1.,17.0000000000031));
#10307=CARTESIAN_POINT('',(34.9999999999985,-4.,17.0000000000034));
#10308=CARTESIAN_POINT('',(8.75000000000131,-4.,17.0000000000008));
#10309=CARTESIAN_POINT('',(34.9999999999985,-59.,17.0000000000034));
#10310=CARTESIAN_POINT('',(34.9999999999985,-4.,17.0000000000034));
#10311=CARTESIAN_POINT('',(8.7500000000013,-59.,17.0000000000008));
#10312=CARTESIAN_POINT('',(4.,-4.,17.0000000000008));
#10313=CARTESIAN_POINT('',(8.75000000000131,-4.,17.0000000000008));
#10314=CARTESIAN_POINT('',(4.,-1.,17.0000000000008));
#10315=CARTESIAN_POINT('',(4.,-1.,17.0000000000008));
#10316=CARTESIAN_POINT('',(10.7500000000013,-1.,17.0000000000008));
#10317=CARTESIAN_POINT('',(8.75000000000131,-4.,17.0000000000008));
#10318=CARTESIAN_POINT('Origin',(36.3499999999995,-2.285,7.88500000000208));
#10319=CARTESIAN_POINT('',(36.5000000000019,-1.,6.95709914322922));
#10320=CARTESIAN_POINT('',(36.1999999999968,-1.,7.88500000000212));
#10321=CARTESIAN_POINT('Ctrl Pts',(36.5000000000077,-1.,6.95709914321925));
#10322=CARTESIAN_POINT('Ctrl Pts',(36.1999999999967,-1.,7.4695461320706));
#10323=CARTESIAN_POINT('Ctrl Pts',(36.1999999999968,-1.,7.88500000000212));
#10324=CARTESIAN_POINT('',(36.1999999999968,-3.57,7.88500000000213));
#10325=CARTESIAN_POINT('Origin',(36.1999999999968,-2.285,7.88500000000212));
#10326=CARTESIAN_POINT('',(36.5000000000022,-3.86999999999991,7.88500000000204));
#10327=CARTESIAN_POINT('',(36.1999999999968,-3.57,7.88500000000213));
#10328=CARTESIAN_POINT('Origin',(36.5000000000022,-2.285,7.88500000000204));
#10329=CARTESIAN_POINT('Origin',(36.3500000000008,-3.72,3.19250000000122));
#10330=CARTESIAN_POINT('',(36.2000000000039,-3.57,13.7150000000021));
#10331=CARTESIAN_POINT('',(36.5000000000039,-3.87,13.715000000002));
#10332=CARTESIAN_POINT('',(36.2000000000039,-3.57,13.7150000000021));
#10333=CARTESIAN_POINT('',(36.5000000000008,-3.87,3.19250000000118));
#10334=CARTESIAN_POINT('',(36.2000000000008,-3.57,3.19250000000126));
#10335=CARTESIAN_POINT('Origin',(36.3499999999994,-2.285,13.7150000000021));
#10336=CARTESIAN_POINT('',(36.1999999999949,-1.,13.7150000000021));
#10337=CARTESIAN_POINT('',(36.5000000000041,-1.,14.6429008567752));
#10338=CARTESIAN_POINT('Ctrl Pts',(36.1999999999949,-1.,13.7150000000021));
#10339=CARTESIAN_POINT('Ctrl Pts',(36.199999999995,-1.,14.1304538679337));
#10340=CARTESIAN_POINT('Ctrl Pts',(36.5000000000099,-1.,14.642900856785));
#10341=CARTESIAN_POINT('Origin',(36.5000000000039,-2.285,13.715000000002));
#10342=CARTESIAN_POINT('Origin',(36.1999999999949,-2.285,13.7150000000021));
#10343=CARTESIAN_POINT('Origin',(36.4999999999994,-3.57,7.88500000000213));
#10344=CARTESIAN_POINT('',(35.3000000000055,-3.57,7.88500000000213));
#10345=CARTESIAN_POINT('',(36.4999999999994,-3.57,7.88500000000213));
#10346=CARTESIAN_POINT('',(35.2999999999982,-3.57,13.7150000000021));
#10347=CARTESIAN_POINT('',(35.3000000000025,-3.57,11.7925000000003));
#10348=CARTESIAN_POINT('',(36.4999999999994,-3.57,13.7150000000021));
#10349=CARTESIAN_POINT('Origin',(36.4999999999994,-2.285,7.88500000000212));
#10350=CARTESIAN_POINT('',(35.2999999999932,-1.,7.88500000000212));
#10351=CARTESIAN_POINT('',(36.4999999999994,-1.,7.88500000000212));
#10352=CARTESIAN_POINT('Origin',(35.2999999999932,-2.285,7.88500000000212));
#10353=CARTESIAN_POINT('Origin',(35.1499999999996,-2.285,13.715000000002));
#10354=CARTESIAN_POINT('',(35.0000000000003,-1.,14.6429008567753));
#10355=CARTESIAN_POINT('',(35.2999999999982,-1.,13.7150000000021));
#10356=CARTESIAN_POINT('Ctrl Pts',(35.0000000000003,-1.,14.6429008567753));
#10357=CARTESIAN_POINT('Ctrl Pts',(35.0122019641951,-1.,14.6220579907431));
#10358=CARTESIAN_POINT('Ctrl Pts',(35.2999999999979,-1.,14.1152577418512));
#10359=CARTESIAN_POINT('Ctrl Pts',(35.2999999999982,-1.,13.7150000000021));
#10360=CARTESIAN_POINT('Origin',(35.2999999999982,-2.285,13.7150000000021));
#10361=CARTESIAN_POINT('',(35.000000000001,-3.87000000000023,13.7150000000019));
#10362=CARTESIAN_POINT('',(35.2999999999982,-3.57,13.7150000000021));
#10363=CARTESIAN_POINT('Origin',(35.000000000001,-2.285,13.7150000000019));
#10364=CARTESIAN_POINT('Origin',(35.1500000000025,-3.72,11.7925000000002));
#10365=CARTESIAN_POINT('',(35.0000000000055,-3.87,7.8850000000019));
#10366=CARTESIAN_POINT('',(35.3000000000055,-3.57,7.88500000000213));
#10367=CARTESIAN_POINT('',(35.0000000000025,-3.87,11.7925000000001));
#10368=CARTESIAN_POINT('Origin',(35.1499999999994,-2.285,7.88500000000201));
#10369=CARTESIAN_POINT('',(35.0000000000062,-1.,6.95709914322932));
#10370=CARTESIAN_POINT('Ctrl Pts',(35.2999999999932,-1.,7.88500000000213));
#10371=CARTESIAN_POINT('Ctrl Pts',(35.2999999999885,-1.,7.46954613206881));
#10372=CARTESIAN_POINT('Ctrl Pts',(35.0000000000062,-1.,6.95709914322932));
#10373=CARTESIAN_POINT('Origin',(35.0000000000055,-2.285,7.88500000000189));
#10374=CARTESIAN_POINT('Origin',(36.4999999999994,-2.285,13.7150000000021));
#10375=CARTESIAN_POINT('',(36.4999999999994,-1.,13.7150000000021));
#10376=CARTESIAN_POINT('Origin',(34.9999999999995,-1.,15.6999999999992));
#10377=CARTESIAN_POINT('',(34.9999999999995,-59.,-4.49999999999978));
#10378=CARTESIAN_POINT('',(34.9999999999995,-4.,-4.49999999999978));
#10379=CARTESIAN_POINT('',(35.0000000000372,-59.,11.6249999999739));
#10380=CARTESIAN_POINT('',(34.9999999999913,-4.,15.6999999999992));
#10381=CARTESIAN_POINT('',(35.0000000000409,-4.,12.7499999999739));
#10382=CARTESIAN_POINT('',(34.9999999999913,-1.,15.6999999999992));
#10383=CARTESIAN_POINT('',(34.9999999999913,-1.,15.6999999999992));
#10384=CARTESIAN_POINT('',(35.0000000000023,-1.,12.100000000007));
#10385=CARTESIAN_POINT('',(35.0000000000088,-1.,3.62367605815708));
#10386=CARTESIAN_POINT('',(35.0000000000023,-1.,12.100000000007));
#10387=CARTESIAN_POINT('',(35.0000000000088,-1.,3.62367605815708));
#10388=CARTESIAN_POINT('Origin',(36.4999999999994,-1.,-1.49999999999977));
#10389=CARTESIAN_POINT('',(36.5000000000053,-1.,18.5000000000022));
#10390=CARTESIAN_POINT('',(36.5000000000009,-1.,3.49999999999795));
#10391=CARTESIAN_POINT('',(36.4999999999994,-60.5,18.5000000000021));
#10392=CARTESIAN_POINT('',(36.5000000000053,-1.,18.5000000000022));
#10393=CARTESIAN_POINT('',(36.4999999999982,-60.5,-5.99999999999978));
#10394=CARTESIAN_POINT('',(36.4999999999982,-60.5,-5.99999999999978));
#10395=CARTESIAN_POINT('',(36.4999999999982,-4.,-5.99999999999978));
#10396=CARTESIAN_POINT('',(36.4999999999982,-4.,-5.99999999999978));
#10397=CARTESIAN_POINT('',(36.4999999999994,-1.,-1.49999999999977));
#10398=CARTESIAN_POINT('',(36.5000000000017,-1.,-1.49999999999977));
#10399=CARTESIAN_POINT('',(36.5000000000009,-1.,3.49999999999795));
#10400=CARTESIAN_POINT('Origin',(17.4999999999997,-59.,6.25000000000117));
#10401=CARTESIAN_POINT('',(26.250000000001,-59.,-4.49999999999967));
#10402=CARTESIAN_POINT('Origin',(17.4999999999997,-60.5,6.25000000000117));
#10403=CARTESIAN_POINT('',(-1.5,-60.5,-5.99999999999979));
#10404=CARTESIAN_POINT('',(-1.5,-60.5,-5.99999999999979));
#10405=CARTESIAN_POINT('',(-1.5,-60.5,18.5000000000021));
#10406=CARTESIAN_POINT('',(36.4999999999994,-60.5,18.5000000000021));
#10407=CARTESIAN_POINT('',(-1.5,-60.5,18.5000000000021));
#10408=CARTESIAN_POINT('Origin',(36.5000000000017,-1.,-1.49999999999977));
#10409=CARTESIAN_POINT('',(-1.5,-4.,-5.99999999999978));
#10410=CARTESIAN_POINT('',(-1.5,-1.,-1.49999999999978));
#10411=CARTESIAN_POINT('',(-1.5,-1.75,-2.62499999999977));
#10412=CARTESIAN_POINT('',(8.00000000000131,-1.,-1.49999999999978));
#10413=CARTESIAN_POINT('',(8.00000000000131,-4.,-5.99999999999978));
#10414=CARTESIAN_POINT('Origin',(34.9999999999995,-4.,-4.49999999999978));
#10415=CARTESIAN_POINT('Origin',(-1.5,-4.,-5.99999999999978));
#10416=CARTESIAN_POINT('',(-1.5,-4.,-5.99999999999978));
#10417=CARTESIAN_POINT('Origin',(17.5000000000026,-4.,8.50000000000121));
#10418=CARTESIAN_POINT('',(0.999999999999997,-4.,13.0000000000008));
#10419=CARTESIAN_POINT('',(8.75000000000131,-4.,13.0000000000008));
#10420=CARTESIAN_POINT('',(0.999999999999996,-4.,16.0000000000008));
#10421=CARTESIAN_POINT('',(0.999999999999998,-4.,10.750000000001));
#10422=CARTESIAN_POINT('',(4.,-4.,16.0000000000008));
#10423=CARTESIAN_POINT('',(9.25000000000131,-4.,16.0000000000008));
#10424=CARTESIAN_POINT('',(3.99999999999999,-4.,12.250000000001));
#10425=CARTESIAN_POINT('Origin',(17.5000000000026,-4.,8.50000000000121));
#10426=CARTESIAN_POINT('',(9.62499999999952,-4.,15.0000000000008));
#10427=CARTESIAN_POINT('Origin',(10.9999999999995,-4.,15.0000000000008));
#10428=CARTESIAN_POINT('Origin',(33.4999999999997,-1.,1.50000000000396));
#10429=CARTESIAN_POINT('',(32.1249999999997,-1.,1.50000000000396));
#10430=CARTESIAN_POINT('',(32.1249999999997,-1.,1.50000000000396));
#10431=CARTESIAN_POINT('Origin',(33.4999999999997,-1.,1.50000000000396));
#10432=CARTESIAN_POINT('Origin',(30.9485298355658,-1.,1.00000000000022));
#10433=CARTESIAN_POINT('',(4.05147016443468,-1.,1.00000000000022));
#10434=CARTESIAN_POINT('',(30.9485298355658,-1.,1.00000000000022));
#10435=CARTESIAN_POINT('',(24.2242649177842,-1.,1.00000000000022));
#10436=CARTESIAN_POINT('',(4.05147016443468,-1.,1.00000000000022));
#10437=CARTESIAN_POINT('',(30.9485298355658,-1.,1.00000000000022));
#10438=CARTESIAN_POINT('Origin',(33.4999999999997,-1.,1.50000000000396));
#10439=CARTESIAN_POINT('Origin',(33.4999999999997,-1.,1.50000000000396));
#10440=CARTESIAN_POINT('Origin',(29.7999999999913,-1.,15.7000000000031));
#10441=CARTESIAN_POINT('',(29.7999999999913,-1.,15.7000000000031));
#10442=CARTESIAN_POINT('',(23.6499999999997,-1.,15.7000000000077));
#10443=CARTESIAN_POINT('',(29.7999999999913,-4.,15.7000000000031));
#10444=CARTESIAN_POINT('',(23.6499999999997,-4.,15.7000000000077));
#10445=CARTESIAN_POINT('',(29.7999999999913,-1.,15.7000000000031));
#10446=CARTESIAN_POINT('Origin',(29.7999999999925,-1.,17.0000000000031));
#10447=CARTESIAN_POINT('',(29.7999999999888,-1.,12.7499999999968));
#10448=CARTESIAN_POINT('',(29.7999999999888,-4.,12.7499999999968));
#10449=CARTESIAN_POINT('Origin',(4.,-1.,16.0000000000008));
#10450=CARTESIAN_POINT('',(4.,-1.,16.0000000000008));
#10451=CARTESIAN_POINT('',(3.99999999999999,-1.,12.250000000001));
#10452=CARTESIAN_POINT('',(4.,-1.,16.0000000000008));
#10453=CARTESIAN_POINT('Origin',(0.999999999999995,-1.,16.0000000000008));
#10454=CARTESIAN_POINT('',(0.999999999999996,-1.,16.0000000000008));
#10455=CARTESIAN_POINT('',(9.25000000000131,-1.,16.0000000000008));
#10456=CARTESIAN_POINT('',(0.999999999999996,-1.,16.0000000000008));
#10457=CARTESIAN_POINT('Origin',(0.999999999999997,-1.,13.0000000000008));
#10458=CARTESIAN_POINT('',(0.999999999999997,-1.,13.0000000000008));
#10459=CARTESIAN_POINT('',(0.999999999999998,-1.,10.750000000001));
#10460=CARTESIAN_POINT('',(0.999999999999997,-1.,13.0000000000008));
#10461=CARTESIAN_POINT('Origin',(-3.33066907387547E-15,-1.,13.0000000000008));
#10462=CARTESIAN_POINT('',(8.75000000000131,-1.,13.0000000000008));
#10463=CARTESIAN_POINT('Origin',(1.50000000000008,-1.,1.5000000000003));
#10464=CARTESIAN_POINT('Origin',(1.50000000000008,-1.,1.5000000000003));
#10465=CARTESIAN_POINT('Origin',(10.9999999999995,-1.,15.0000000000008));
#10466=CARTESIAN_POINT('',(9.62499999999952,-1.,15.0000000000008));
#10467=CARTESIAN_POINT('',(9.62499999999952,-1.,15.0000000000008));
#10468=CARTESIAN_POINT('Origin',(10.9999999999995,-1.,15.0000000000008));
#10469=CARTESIAN_POINT('Origin',(1.50000000000008,-1.,1.5000000000003));
#10470=CARTESIAN_POINT('',(0.125000000000077,-1.,1.5000000000003));
#10471=CARTESIAN_POINT('',(0.125000000000077,-1.,1.5000000000003));
#10472=CARTESIAN_POINT('Origin',(1.50000000000008,-1.,1.5000000000003));
#10473=CARTESIAN_POINT('Origin',(-1.5,-1.,18.5000000000022));
#10474=CARTESIAN_POINT('',(-1.5,-1.,18.5000000000022));
#10475=CARTESIAN_POINT('',(-1.5,-1.,13.5000000000017));
#10476=CARTESIAN_POINT('',(-1.5,-1.,18.5000000000022));
#10477=CARTESIAN_POINT('Origin',(36.5000000000053,-1.,18.5000000000022));
#10478=CARTESIAN_POINT('',(27.0000000000039,-1.,18.5000000000022));
#10479=CARTESIAN_POINT('Origin',(17.5000000000026,-1.,8.50000000000121));
#10480=CARTESIAN_POINT('Origin',(17.5000000000026,-4.,8.50000000000121));
#10481=CARTESIAN_POINT('Origin',(4.125,3.75,13.1250000000008));
#10482=CARTESIAN_POINT('',(2.625,6.75,13.1250000000008));
#10483=CARTESIAN_POINT('Origin',(4.125,6.75,13.1250000000008));
#10484=CARTESIAN_POINT('',(2.625,3.75,13.1250000000008));
#10485=CARTESIAN_POINT('',(2.625,3.75,13.1250000000008));
#10486=CARTESIAN_POINT('Origin',(4.125,3.75,13.1250000000008));
#10487=CARTESIAN_POINT('Origin',(4.125,6.75,13.1250000000008));
#10488=CARTESIAN_POINT('Origin',(4.125,3.75,13.1250000000008));
#10489=CARTESIAN_POINT('',(1.625,1.6,13.1250000000008));
#10490=CARTESIAN_POINT('Origin',(4.125,1.6,13.1250000000008));
#10491=CARTESIAN_POINT('',(1.625,3.75,13.1250000000008));
#10492=CARTESIAN_POINT('',(1.625,3.75,13.1250000000008));
#10493=CARTESIAN_POINT('Origin',(4.125,3.75,13.1250000000008));
#10494=CARTESIAN_POINT('Origin',(4.125,1.6,13.1250000000008));
#10495=CARTESIAN_POINT('Origin',(4.125,3.75,13.1250000000008));
#10496=CARTESIAN_POINT('Origin',(4.125,3.75,7.25000000000078));
#10497=CARTESIAN_POINT('',(2.625,6.75,7.25000000000078));
#10498=CARTESIAN_POINT('Origin',(4.125,6.75,7.25000000000078));
#10499=CARTESIAN_POINT('',(2.625,3.75,7.25000000000078));
#10500=CARTESIAN_POINT('',(2.625,3.75,7.25000000000078));
#10501=CARTESIAN_POINT('Origin',(4.125,3.75,7.25000000000078));
#10502=CARTESIAN_POINT('Origin',(4.125,6.75,7.25000000000078));
#10503=CARTESIAN_POINT('Origin',(4.125,3.75,7.25000000000078));
#10504=CARTESIAN_POINT('',(1.625,1.6,7.25000000000078));
#10505=CARTESIAN_POINT('Origin',(4.125,1.6,7.25000000000078));
#10506=CARTESIAN_POINT('',(1.625,3.75,7.25000000000078));
#10507=CARTESIAN_POINT('',(1.625,3.75,7.25000000000078));
#10508=CARTESIAN_POINT('Origin',(4.125,3.75,7.25000000000078));
#10509=CARTESIAN_POINT('Origin',(4.125,1.6,7.25000000000078));
#10510=CARTESIAN_POINT('Origin',(4.125,3.75,7.25000000000078));
#10511=CARTESIAN_POINT('Origin',(17.5000002016421,-36.25,-19.9999999999998));
#10512=CARTESIAN_POINT('',(15.2500002016421,-36.25,-15.7499999999998));
#10513=CARTESIAN_POINT('Origin',(17.5000002016421,-36.25,-15.7499999999998));
#10514=CARTESIAN_POINT('',(15.2500002016421,-36.25,-12.9999999999998));
#10515=CARTESIAN_POINT('',(15.2500002016421,-36.25,-19.9999999999998));
#10516=CARTESIAN_POINT('Origin',(17.5000002016421,-36.25,-12.9999999999998));
#10517=CARTESIAN_POINT('Origin',(17.5000002016421,-36.25,-19.9999999999998));
#10518=CARTESIAN_POINT('',(13.5000002016421,-36.25,-19.9999999999998));
#10519=CARTESIAN_POINT('Origin',(17.5000002016421,-36.25,-19.9999999999998));
#10520=CARTESIAN_POINT('',(13.5000002016421,-36.25,-15.7499999999998));
#10521=CARTESIAN_POINT('',(13.5000002016421,-36.25,-19.9999999999998));
#10522=CARTESIAN_POINT('Origin',(17.5000002016421,-36.25,-15.7499999999998));
#10523=CARTESIAN_POINT('Origin',(17.5000002016421,-36.25,-15.7499999999998));
#10524=CARTESIAN_POINT('Origin',(21.7999999999997,-41.02292403619,-12.9999999999998));
#10525=CARTESIAN_POINT('',(23.7999999999997,-41.02292403619,-12.9999999999998));
#10526=CARTESIAN_POINT('',(21.7999999999997,-43.02292403619,-12.9999999999998));
#10527=CARTESIAN_POINT('Origin',(21.7999999999997,-41.02292403619,-12.9999999999998));
#10528=CARTESIAN_POINT('',(21.7999999999997,-43.02292403619,-17.9999999999998));
#10529=CARTESIAN_POINT('',(21.7999999999997,-43.02292403619,-12.9999999999998));
#10530=CARTESIAN_POINT('',(23.7999999999997,-41.02292403619,-17.9999999999998));
#10531=CARTESIAN_POINT('Origin',(21.7999999999997,-41.02292403619,-17.9999999999998));
#10532=CARTESIAN_POINT('',(23.7999999999997,-41.02292403619,-12.9999999999998));
#10533=CARTESIAN_POINT('Origin',(23.7999999999997,-29.47707596381,-12.9999999999998));
#10534=CARTESIAN_POINT('',(23.7999999999997,-31.47707596381,-17.9999999999998));
#10535=CARTESIAN_POINT('',(23.7999999999997,-32.863537981905,-17.9999999999998));
#10536=CARTESIAN_POINT('',(23.7999999999997,-31.47707596381,-12.9999999999998));
#10537=CARTESIAN_POINT('',(23.7999999999997,-31.47707596381,-12.9999999999998));
#10538=CARTESIAN_POINT('',(23.7999999999997,-32.863537981905,-12.9999999999998));
#10539=CARTESIAN_POINT('Origin',(13.2000002795524,-41.02292403619,-12.9999999999998));
#10540=CARTESIAN_POINT('',(13.2000002795524,-43.02292403619,-12.9999999999998));
#10541=CARTESIAN_POINT('',(11.2000002795524,-41.0229240914636,-12.9999999999998));
#10542=CARTESIAN_POINT('Origin',(13.2000002795524,-41.02292403619,-12.9999999999998));
#10543=CARTESIAN_POINT('',(11.2000002795524,-41.0229240914636,-17.9999999999998));
#10544=CARTESIAN_POINT('',(11.2000002795524,-41.0229240914636,-12.9999999999998));
#10545=CARTESIAN_POINT('',(13.2000002795524,-43.02292403619,-17.9999999999998));
#10546=CARTESIAN_POINT('Origin',(13.2000002795524,-41.02292403619,-17.9999999999998));
#10547=CARTESIAN_POINT('',(13.2000002795524,-43.02292403619,-12.9999999999998));
#10548=CARTESIAN_POINT('Origin',(23.7999999999997,-43.02292403619,-12.9999999999998));
#10549=CARTESIAN_POINT('',(20.6499999901152,-43.02292403619,-12.9999999999998));
#10550=CARTESIAN_POINT('',(20.6499999901152,-43.02292403619,-17.9999999999998));
#10551=CARTESIAN_POINT('Origin',(13.2000000157354,-31.47707596381,-12.9999999999998));
#10552=CARTESIAN_POINT('',(11.2000000157354,-31.4770760190837,-12.9999999999998));
#10553=CARTESIAN_POINT('',(13.2000000157354,-29.47707596381,-12.9999999999998));
#10554=CARTESIAN_POINT('Origin',(13.2000000157354,-31.47707596381,-12.9999999999998));
#10555=CARTESIAN_POINT('',(13.2000000157354,-29.47707596381,-17.9999999999998));
#10556=CARTESIAN_POINT('',(13.2000000157354,-29.47707596381,-12.9999999999998));
#10557=CARTESIAN_POINT('',(11.2000000157354,-31.4770760190837,-17.9999999999998));
#10558=CARTESIAN_POINT('Origin',(13.2000000157354,-31.47707596381,-17.9999999999998));
#10559=CARTESIAN_POINT('',(11.2000000157354,-31.4770760190837,-12.9999999999998));
#10560=CARTESIAN_POINT('Origin',(11.200000334826,-43.02292403619,-12.9999999999998));
#10561=CARTESIAN_POINT('',(11.200000241235,-39.636462105151,-12.9999999999998));
#10562=CARTESIAN_POINT('',(11.200000241235,-39.636462105151,-17.9999999999998));
#10563=CARTESIAN_POINT('Origin',(21.7999999999997,-31.47707596381,-12.9999999999998));
#10564=CARTESIAN_POINT('',(21.7999999999997,-29.47707596381,-12.9999999999998));
#10565=CARTESIAN_POINT('Origin',(21.7999999999997,-31.47707596381,-12.9999999999998));
#10566=CARTESIAN_POINT('',(21.7999999999997,-29.47707596381,-17.9999999999998));
#10567=CARTESIAN_POINT('Origin',(21.7999999999997,-31.47707596381,-17.9999999999998));
#10568=CARTESIAN_POINT('',(21.7999999999997,-29.47707596381,-12.9999999999998));
#10569=CARTESIAN_POINT('Origin',(11.1999999999997,-29.47707596381,-12.9999999999998));
#10570=CARTESIAN_POINT('',(14.3499999901152,-29.47707596381,-12.9999999999998));
#10571=CARTESIAN_POINT('',(14.3499999901152,-29.47707596381,-17.9999999999998));
#10572=CARTESIAN_POINT('Origin',(17.5000002016421,-36.25,-17.9999999999998));
#10573=CARTESIAN_POINT('',(26.7500002016421,-27.,-17.9999999999998));
#10574=CARTESIAN_POINT('',(8.25000020164212,-27.,-17.9999999999998));
#10575=CARTESIAN_POINT('',(12.8750002016421,-27.,-17.9999999999998));
#10576=CARTESIAN_POINT('',(8.25000020164212,-45.5,-17.9999999999998));
#10577=CARTESIAN_POINT('',(8.25000020164212,-40.875,-17.9999999999998));
#10578=CARTESIAN_POINT('',(26.7500002016421,-45.5,-17.9999999999998));
#10579=CARTESIAN_POINT('',(22.1250002016421,-45.5,-17.9999999999998));
#10580=CARTESIAN_POINT('',(26.7500002016421,-31.625,-17.9999999999998));
#10581=CARTESIAN_POINT('Origin',(8.25000020164212,-45.5,-17.9999999999998));
#10582=CARTESIAN_POINT('',(8.25000020164212,-27.,-19.9999999999998));
#10583=CARTESIAN_POINT('',(8.25000020164212,-27.,-17.9999999999998));
#10584=CARTESIAN_POINT('',(8.25000020164212,-45.5,-19.9999999999998));
#10585=CARTESIAN_POINT('',(8.25000020164212,-40.875,-19.9999999999998));
#10586=CARTESIAN_POINT('',(8.25000020164212,-45.5,-17.9999999999998));
#10587=CARTESIAN_POINT('Origin',(26.7500002016421,-45.5,-17.9999999999998));
#10588=CARTESIAN_POINT('',(26.7500002016421,-45.5,-19.9999999999998));
#10589=CARTESIAN_POINT('',(22.1250002016421,-45.5,-19.9999999999998));
#10590=CARTESIAN_POINT('',(26.7500002016421,-45.5,-17.9999999999998));
#10591=CARTESIAN_POINT('Origin',(26.7500002016421,-27.,-17.9999999999998));
#10592=CARTESIAN_POINT('',(26.7500002016421,-27.,-19.9999999999998));
#10593=CARTESIAN_POINT('',(26.7500002016421,-31.625,-19.9999999999998));
#10594=CARTESIAN_POINT('',(26.7500002016421,-27.,-17.9999999999998));
#10595=CARTESIAN_POINT('Origin',(8.25000020164212,-27.,-17.9999999999998));
#10596=CARTESIAN_POINT('',(12.8750002016421,-27.,-19.9999999999998));
#10597=CARTESIAN_POINT('Origin',(17.5000002016421,-36.25,-19.9999999999998));
#10598=CARTESIAN_POINT('Origin',(17.4999999802307,-36.25,-12.9999999999998));
#10599=CARTESIAN_POINT('Origin',(17.4999999999997,-36.25,-5.99999999999978));
#10600=CARTESIAN_POINT('',(8.23684855721128,-36.2502349616213,-7.32823829491587));
#10601=CARTESIAN_POINT('',(8.23717130790088,-36.2497612744637,-6.92176170508369));
#10602=CARTESIAN_POINT('',(8.23699999999972,-36.25,-5.99999999999978));
#10603=CARTESIAN_POINT('',(24.4671897898994,-30.1457854369691,-5.99999999999978));
#10604=CARTESIAN_POINT('Ctrl Pts',(8.23717130790088,-36.2497612744637,-6.92176170508369));
#10605=CARTESIAN_POINT('Ctrl Pts',(8.23827909626127,-37.3779149686755,-6.89268720487462));
#10606=CARTESIAN_POINT('Ctrl Pts',(8.44469890316797,-38.5064627900486,-6.86361270466555));
#10607=CARTESIAN_POINT('Ctrl Pts',(8.84765006341048,-39.5598322160493,-6.83453820445648));
#10608=CARTESIAN_POINT('Ctrl Pts',(9.39841601088108,-40.9996097057051,-6.79479828995854));
#10609=CARTESIAN_POINT('Ctrl Pts',(10.3163468824683,-42.2989369854394,-6.75505837546061));
#10610=CARTESIAN_POINT('Ctrl Pts',(11.4893414644842,-43.2991255025157,-6.71531846096267));
#10611=CARTESIAN_POINT('Ctrl Pts',(12.6623360465002,-44.299314019592,-6.67557854646473));
#10612=CARTESIAN_POINT('Ctrl Pts',(14.090394338945,-45.0003637740103,-6.63583863196679));
#10613=CARTESIAN_POINT('Ctrl Pts',(15.599117538143,-45.3166816338993,-6.59609871746885));
#10614=CARTESIAN_POINT('Ctrl Pts',(17.107840737341,-45.6329994937883,-6.55635880297092));
#10615=CARTESIAN_POINT('Ctrl Pts',(18.6972288432922,-45.564585459148,-6.51661888847298));
#10616=CARTESIAN_POINT('Ctrl Pts',(20.1731788082189,-45.1197492917001,-6.47687897397504));
#10617=CARTESIAN_POINT('Ctrl Pts',(21.6491287731456,-44.6749131242522,-6.4371390594771));
#10618=CARTESIAN_POINT('Ctrl Pts',(23.0116405970477,-43.8536548239965,-6.39739914497916));
#10619=CARTESIAN_POINT('Ctrl Pts',(24.0943216860151,-42.7563655982915,-6.35765923048123));
#10620=CARTESIAN_POINT('Ctrl Pts',(25.1770027749826,-41.6590763725865,-6.31791931598329));
#10621=CARTESIAN_POINT('Ctrl Pts',(25.9798531290154,-40.2857562214321,-6.27817940148534));
#10622=CARTESIAN_POINT('Ctrl Pts',(26.4048146120844,-38.8039228421652,-6.23843948698741));
#10623=CARTESIAN_POINT('Ctrl Pts',(26.8297760951534,-37.3220894628982,-6.19869957248947));
#10624=CARTESIAN_POINT('Ctrl Pts',(26.8768487072587,-35.7317428555186,-6.15895965799153));
#10625=CARTESIAN_POINT('Ctrl Pts',(26.5402323232631,-34.2276102224169,-6.1192197434936));
#10626=CARTESIAN_POINT('Ctrl Pts',(26.2036159392675,-32.7234775893152,-6.07947982899566));
#10627=CARTESIAN_POINT('Ctrl Pts',(25.4833105591712,-31.3055589304913,-6.03973991449772));
#10628=CARTESIAN_POINT('Ctrl Pts',(24.4671897898994,-30.1457854369691,-5.99999999999978));
#10629=CARTESIAN_POINT('',(10.5321927510199,-30.1453688804671,-5.99999999999978));
#10630=CARTESIAN_POINT('Origin',(17.4999999999997,-36.25,-5.99999999999978));
#10631=CARTESIAN_POINT('Ctrl Pts',(10.5321927510199,-30.1453688804671,-5.99999999999978));
#10632=CARTESIAN_POINT('Ctrl Pts',(11.4870446182077,-29.0566909962596,-6.03733017225097));
#10633=CARTESIAN_POINT('Ctrl Pts',(12.7012338500431,-28.1947622266034,-6.07466034450216));
#10634=CARTESIAN_POINT('Ctrl Pts',(14.0447952339446,-27.6546739628202,-6.11199051675335));
#10635=CARTESIAN_POINT('Ctrl Pts',(15.4750863710895,-27.0797218495629,-6.15173043125129));
#10636=CARTESIAN_POINT('Ctrl Pts',(17.0519912479488,-26.8695023267746,-6.19147034574923));
#10637=CARTESIAN_POINT('Ctrl Pts',(18.582945233658,-27.0497056698702,-6.23121026024717));
#10638=CARTESIAN_POINT('Ctrl Pts',(20.1138992193671,-27.2299090129658,-6.27095017474511));
#10639=CARTESIAN_POINT('Ctrl Pts',(21.5989023139262,-27.8005352219452,-6.31069008924305));
#10640=CARTESIAN_POINT('Ctrl Pts',(22.8565948642762,-28.6918891311188,-6.35043000374098));
#10641=CARTESIAN_POINT('Ctrl Pts',(24.1142874146261,-29.5832430402923,-6.39016991823892));
#10642=CARTESIAN_POINT('Ctrl Pts',(25.1446694207668,-30.7953246496598,-6.42990983273686));
#10643=CARTESIAN_POINT('Ctrl Pts',(25.8219098616987,-32.1801142886821,-6.4696497472348));
#10644=CARTESIAN_POINT('Ctrl Pts',(26.4991503026307,-33.5649039277044,-6.50938966173274));
#10645=CARTESIAN_POINT('Ctrl Pts',(26.8232491783537,-35.1224015963815,-6.54912957623067));
#10646=CARTESIAN_POINT('Ctrl Pts',(26.7546250763609,-36.662398399044,-6.58886949072861));
#10647=CARTESIAN_POINT('Ctrl Pts',(26.6860009743682,-38.2023952017065,-6.62860940522655));
#10648=CARTESIAN_POINT('Ctrl Pts',(26.2246538946596,-39.7248911383544,-6.66834931972449));
#10649=CARTESIAN_POINT('Ctrl Pts',(25.4269257768911,-41.0439546060565,-6.70808923422243));
#10650=CARTESIAN_POINT('Ctrl Pts',(24.6291976591227,-42.3630180737587,-6.74782914872037));
#10651=CARTESIAN_POINT('Ctrl Pts',(23.4950885032944,-43.4786490725151,-6.78756906321831));
#10652=CARTESIAN_POINT('Ctrl Pts',(22.1630993580224,-44.2546024491055,-6.82730897771624));
#10653=CARTESIAN_POINT('Ctrl Pts',(20.8311102127505,-45.0305558256959,-6.86704889221418));
#10654=CARTESIAN_POINT('Ctrl Pts',(19.301241078035,-45.4668315801204,-6.90678880671212));
#10655=CARTESIAN_POINT('Ctrl Pts',(17.7603250277442,-45.5101504021155,-6.94652872121006));
#10656=CARTESIAN_POINT('Ctrl Pts',(16.2194089774535,-45.5534692241106,-6.986268635708));
#10657=CARTESIAN_POINT('Ctrl Pts',(14.6674460115875,-45.2038311136764,-7.02600855020594));
#10658=CARTESIAN_POINT('Ctrl Pts',(13.2939671695537,-44.5039349961915,-7.06574846470387));
#10659=CARTESIAN_POINT('Ctrl Pts',(11.9204883275198,-43.8040388787067,-7.10548837920181));
#10660=CARTESIAN_POINT('Ctrl Pts',(10.725493609318,-42.7538847541713,-7.14522829369975));
#10661=CARTESIAN_POINT('Ctrl Pts',(9.85491995186663,-41.4817211361842,-7.18496820819769));
#10662=CARTESIAN_POINT('Ctrl Pts',(8.98434629441523,-40.2095575181972,-7.22470812269563));
#10663=CARTESIAN_POINT('Ctrl Pts',(8.43819369771421,-38.7153844067584,-7.26444803719357));
#10664=CARTESIAN_POINT('Ctrl Pts',(8.28316019830863,-37.1816753897348,-7.30418795169151));
#10665=CARTESIAN_POINT('Ctrl Pts',(8.25188510273546,-36.8722784124831,-7.31220473276629));
#10666=CARTESIAN_POINT('Ctrl Pts',(8.23652678713964,-36.5612725025182,-7.32022151384108));
#10667=CARTESIAN_POINT('Ctrl Pts',(8.23684855721128,-36.2502349616213,-7.32823829491587));
#10668=CARTESIAN_POINT('Origin',(17.4999999999997,-36.25,-5.99999999999978));
#10669=CARTESIAN_POINT('',(8.23692089142033,-36.249760646955,-8.82823829491587));
#10670=CARTESIAN_POINT('',(8.2373702147619,-36.2502181144009,-8.42176170508369));
#10671=CARTESIAN_POINT('',(8.23699999999972,-36.25,-5.99999999999978));
#10672=CARTESIAN_POINT('Ctrl Pts',(8.2373702147619,-36.2502181144009,-8.42176170508369));
#10673=CARTESIAN_POINT('Ctrl Pts',(8.23695067017919,-36.7335530116964,-8.40930609334782));
#10674=CARTESIAN_POINT('Ctrl Pts',(8.2741207627212,-37.2168239995103,-8.39685048161196));
#10675=CARTESIAN_POINT('Ctrl Pts',(8.34943703664331,-37.694075035476,-8.38439486987609));
#10676=CARTESIAN_POINT('Ctrl Pts',(8.58973533346231,-39.2167553955834,-8.34465495537815));
#10677=CARTESIAN_POINT('Ctrl Pts',(9.21834025701854,-40.6781560388045,-8.30491504088021));
#10678=CARTESIAN_POINT('Ctrl Pts',(10.1584843910943,-41.8998056441763,-8.26517512638227));
#10679=CARTESIAN_POINT('Ctrl Pts',(11.0986285251701,-43.121455249548,-8.22543521188433));
#10680=CARTESIAN_POINT('Ctrl Pts',(12.3503118697655,-44.1033538170703,-8.18569529738639));
#10681=CARTESIAN_POINT('Ctrl Pts',(13.7606745080432,-44.7255884824836,-8.14595538288846));
#10682=CARTESIAN_POINT('Ctrl Pts',(15.171037146321,-45.3478231478969,-8.10621546839052));
#10683=CARTESIAN_POINT('Ctrl Pts',(16.7400790782811,-45.6103939112012,-8.06647555389258));
#10684=CARTESIAN_POINT('Ctrl Pts',(18.2761834544226,-45.4812347217418,-8.02673563939464));
#10685=CARTESIAN_POINT('Ctrl Pts',(19.8122878305641,-45.3520755322824,-7.9869957248967));
#10686=CARTESIAN_POINT('Ctrl Pts',(21.315454650887,-44.8311863900593,-7.94725581039877));
#10687=CARTESIAN_POINT('Ctrl Pts',(22.6021119630281,-43.9821800801333,-7.90751589590083));
#10688=CARTESIAN_POINT('Ctrl Pts',(23.8887692751692,-43.1331737702073,-7.86777598140289));
#10689=CARTESIAN_POINT('Ctrl Pts',(24.9589170791284,-41.9560502925784,-7.82803606690494));
#10690=CARTESIAN_POINT('Ctrl Pts',(25.6818652091285,-40.594564066584,-7.78829615240701));
#10691=CARTESIAN_POINT('Ctrl Pts',(26.4048133391286,-39.2330778405895,-7.74855623790907));
#10692=CARTESIAN_POINT('Ctrl Pts',(26.7805617951696,-37.6872288662295,-7.70881632341113));
#10693=CARTESIAN_POINT('Ctrl Pts',(26.7632228701409,-36.1458015623857,-7.66907640891319));
#10694=CARTESIAN_POINT('Ctrl Pts',(26.7458839451121,-34.6043742585419,-7.62933649441526));
#10695=CARTESIAN_POINT('Ctrl Pts',(26.3354576390136,-33.0673686252143,-7.58959657991731));
#10696=CARTESIAN_POINT('Ctrl Pts',(25.5820666393035,-31.7224891831219,-7.54985666541938));
#10697=CARTESIAN_POINT('Ctrl Pts',(24.8286756395934,-30.3776097410294,-7.51011675092144));
#10698=CARTESIAN_POINT('Ctrl Pts',(23.7323199462716,-29.2248564901722,-7.4703768364235));
#10699=CARTESIAN_POINT('Ctrl Pts',(22.4268903204545,-28.4050075444495,-7.43063692192556));
#10700=CARTESIAN_POINT('Ctrl Pts',(21.1214606946375,-27.5851585987268,-7.39089700742762));
#10701=CARTESIAN_POINT('Ctrl Pts',(19.6069571363251,-27.0982139581387,-7.35115709292968));
#10702=CARTESIAN_POINT('Ctrl Pts',(18.0683360868848,-27.0036412383264,-7.31141717843174));
#10703=CARTESIAN_POINT('Ctrl Pts',(16.5297150374446,-26.9090685185142,-7.27167726393381));
#10704=CARTESIAN_POINT('Ctrl Pts',(14.9669764968763,-27.2068677194777,-7.23193734943587));
#10705=CARTESIAN_POINT('Ctrl Pts',(13.5709675071875,-27.8606700520161,-7.19219743493793));
#10706=CARTESIAN_POINT('Ctrl Pts',(12.1749585174987,-28.5144723845545,-7.15245752044));
#10707=CARTESIAN_POINT('Ctrl Pts',(10.9456790786892,-29.5242778486678,-7.11271760594205));
#10708=CARTESIAN_POINT('Ctrl Pts',(10.0332530975099,-30.7667665831341,-7.07297769144411));
#10709=CARTESIAN_POINT('Ctrl Pts',(9.12082711633048,-32.0092553176005,-7.03323777694617));
#10710=CARTESIAN_POINT('Ctrl Pts',(8.52525459278114,-33.4844273224198,-6.99349786244824));
#10711=CARTESIAN_POINT('Ctrl Pts',(8.31926884268349,-35.0121271746181,-6.9537579479503));
#10712=CARTESIAN_POINT('Ctrl Pts',(8.26398630395259,-35.4221318774109,-6.94309253366143));
#10713=CARTESIAN_POINT('Ctrl Pts',(8.23676493731074,-35.8359200581481,-6.93242711937256));
#10714=CARTESIAN_POINT('Ctrl Pts',(8.23717130790088,-36.2497612744637,-6.92176170508369));
#10715=CARTESIAN_POINT('Ctrl Pts',(8.23684855721128,-36.2502349616213,-7.32823829491587));
#10716=CARTESIAN_POINT('Ctrl Pts',(8.2381218307133,-35.0194310619716,-7.35996142833902));
#10717=CARTESIAN_POINT('Ctrl Pts',(8.48492282873772,-33.788131867147,-7.39168456176217));
#10718=CARTESIAN_POINT('Ctrl Pts',(8.9625854061167,-32.6540707654426,-7.42340769518533));
#10719=CARTESIAN_POINT('Ctrl Pts',(9.56095851544051,-31.2334200807824,-7.46314760968326));
#10720=CARTESIAN_POINT('Ctrl Pts',(10.5216191361983,-29.9653636340703,-7.5028875241812));
#10721=CARTESIAN_POINT('Ctrl Pts',(11.7272480538479,-29.0047608773843,-7.54262743867914));
#10722=CARTESIAN_POINT('Ctrl Pts',(12.9328769714975,-28.0441581206983,-7.58236735317708));
#10723=CARTESIAN_POINT('Ctrl Pts',(14.383474186039,-27.3910090540385,-7.62210726767501));
#10724=CARTESIAN_POINT('Ctrl Pts',(15.901887729729,-27.1250785119155,-7.66184718217295));
#10725=CARTESIAN_POINT('Ctrl Pts',(17.420301273419,-26.8591479697926,-7.70158709667089));
#10726=CARTESIAN_POINT('Ctrl Pts',(19.0065311462576,-26.9804359522065,-7.74132701116883));
#10727=CARTESIAN_POINT('Ctrl Pts',(20.4668614468582,-27.4741303484616,-7.78106692566676));
#10728=CARTESIAN_POINT('Ctrl Pts',(21.9271917474589,-27.9678247447166,-7.8208068401647));
#10729=CARTESIAN_POINT('Ctrl Pts',(23.2616224758216,-28.8339255548128,-7.86054675466265));
#10730=CARTESIAN_POINT('Ctrl Pts',(24.3071883176537,-29.9666615406048,-7.90028666916059));
#10731=CARTESIAN_POINT('Ctrl Pts',(25.3527541594857,-31.0993975263968,-7.94002658365853));
#10732=CARTESIAN_POINT('Ctrl Pts',(26.109455114787,-32.4987686878847,-7.97976649815646));
#10733=CARTESIAN_POINT('Ctrl Pts',(26.4848802349007,-33.9938789589459,-8.0195064126544));
#10734=CARTESIAN_POINT('Ctrl Pts',(26.8603053550143,-35.4889892300071,-8.05924632715234));
#10735=CARTESIAN_POINT('Ctrl Pts',(26.8544546399404,-37.0798386106417,-8.09898624165027));
#10736=CARTESIAN_POINT('Ctrl Pts',(26.4680425994168,-38.5721470500244,-8.13872615614821));
#10737=CARTESIAN_POINT('Ctrl Pts',(26.0816305588932,-40.0644554894071,-8.17846607064615));
#10738=CARTESIAN_POINT('Ctrl Pts',(25.31465719292,-41.458222987538,-8.21820598514409));
#10739=CARTESIAN_POINT('Ctrl Pts',(24.2607879523727,-42.5832378172996,-8.25794589964203));
#10740=CARTESIAN_POINT('Ctrl Pts',(23.2069187118255,-43.7082526470611,-8.29768581413997));
#10741=CARTESIAN_POINT('Ctrl Pts',(21.8661535967041,-44.5645148084533,-8.33742572863791));
#10742=CARTESIAN_POINT('Ctrl Pts',(20.4022314990545,-45.0474545928235,-8.37716564313584));
#10743=CARTESIAN_POINT('Ctrl Pts',(18.9383094014048,-45.5303943771937,-8.41690555763378));
#10744=CARTESIAN_POINT('Ctrl Pts',(17.3512303212269,-45.6400117845421,-8.45664547213172));
#10745=CARTESIAN_POINT('Ctrl Pts',(15.8348138671549,-45.3629199563248,-8.49638538662966));
#10746=CARTESIAN_POINT('Ctrl Pts',(14.3183974130828,-45.0858281281075,-8.5361253011276));
#10747=CARTESIAN_POINT('Ctrl Pts',(12.8726435851168,-44.4220270643246,-8.57586521562554));
#10748=CARTESIAN_POINT('Ctrl Pts',(11.674112861695,-43.4525824562483,-8.61560513012348));
#10749=CARTESIAN_POINT('Ctrl Pts',(10.4755821382733,-42.483137848172,-8.65534504462141));
#10750=CARTESIAN_POINT('Ctrl Pts',(9.52427451939582,-41.2080496958022,-8.69508495911935));
#10751=CARTESIAN_POINT('Ctrl Pts',(8.93636699457333,-39.7830361920055,-8.73482487361729));
#10752=CARTESIAN_POINT('Ctrl Pts',(8.47571801403182,-38.6664813086843,-8.76596268071682));
#10753=CARTESIAN_POINT('Ctrl Pts',(8.23817296647313,-37.4578820475425,-8.79710048781634));
#10754=CARTESIAN_POINT('Ctrl Pts',(8.23692089142033,-36.249760646955,-8.82823829491587));
#10755=CARTESIAN_POINT('Origin',(17.4999999999997,-36.25,-5.99999999999978));
#10756=CARTESIAN_POINT('',(8.23756396518149,-36.2501760991625,-10.3282382949159));
#10757=CARTESIAN_POINT('',(8.23641288639645,-36.2498434702638,-9.92176170508369));
#10758=CARTESIAN_POINT('',(8.23699999999972,-36.25,-5.99999999999978));
#10759=CARTESIAN_POINT('',(26.2699997766852,-33.2683439304748,-10.9999999999998));
#10760=CARTESIAN_POINT('Ctrl Pts',(8.23756396518149,-36.2501760991625,-10.3282382949159));
#10761=CARTESIAN_POINT('Ctrl Pts',(8.2382280546908,-35.2714293004202,-10.3534592907875));
#10762=CARTESIAN_POINT('Ctrl Pts',(8.39268143922399,-34.2924784369011,-10.3786802866591));
#10763=CARTESIAN_POINT('Ctrl Pts',(8.69758216298562,-33.3628716891336,-10.4039012825307));
#10764=CARTESIAN_POINT('Ctrl Pts',(9.17800445694763,-31.8981201439906,-10.4436411970286));
#10765=CARTESIAN_POINT('Ctrl Pts',(10.0319467896587,-30.555876687871,-10.4833811115266));
#10766=CARTESIAN_POINT('Ctrl Pts',(11.1551611979576,-29.5000846075875,-10.5231210260245));
#10767=CARTESIAN_POINT('Ctrl Pts',(12.2783756062565,-28.4442925273041,-10.5628609405225));
#10768=CARTESIAN_POINT('Ctrl Pts',(13.6708620901432,-27.6749518228567,-10.6026008550204));
#10769=CARTESIAN_POINT('Ctrl Pts',(15.1624829723354,-27.2859671106229,-10.6423407695183));
#10770=CARTESIAN_POINT('Ctrl Pts',(16.6541038545276,-26.896982398389,-10.6820806840163));
#10771=CARTESIAN_POINT('Ctrl Pts',(18.2448591350254,-26.8883536783686,-10.7218205985142));
#10772=CARTESIAN_POINT('Ctrl Pts',(19.7406452694575,-27.2612429128289,-10.7615605130121));
#10773=CARTESIAN_POINT('Ctrl Pts',(21.2364314038896,-27.6341321472892,-10.8013004275101));
#10774=CARTESIAN_POINT('Ctrl Pts',(22.6372483922561,-28.38853933623,-10.841040342008));
#10775=CARTESIAN_POINT('Ctrl Pts',(23.7715572546075,-29.4321239954606,-10.880780256506));
#10776=CARTESIAN_POINT('Ctrl Pts',(24.9058661169589,-30.4757086546912,-10.9205201710039));
#10777=CARTESIAN_POINT('Ctrl Pts',(25.7736668532951,-31.8084707842114,-10.9602600855018));
#10778=CARTESIAN_POINT('Ctrl Pts',(26.2699997766852,-33.2683439304748,-10.9999999999998));
#10779=CARTESIAN_POINT('',(19.3028620043361,-45.336613657284,-10.9999999999998));
#10780=CARTESIAN_POINT('Origin',(17.4999999999997,-36.25,-10.9999999999998));
#10781=CARTESIAN_POINT('Ctrl Pts',(19.3028620043361,-45.336613657284,-10.9999999999998));
#10782=CARTESIAN_POINT('Ctrl Pts',(20.7231106406485,-45.0540266238191,-10.9626698277486));
#10783=CARTESIAN_POINT('Ctrl Pts',(22.0766574779255,-44.4334722928113,-10.9253396554974));
#10784=CARTESIAN_POINT('Ctrl Pts',(23.2161683305271,-43.5399581344036,-10.8880094832462));
#10785=CARTESIAN_POINT('Ctrl Pts',(24.4292370393224,-42.5887657311409,-10.8482695687483));
#10786=CARTESIAN_POINT('Ctrl Pts',(25.399744921498,-41.3282358047111,-10.8085296542503));
#10787=CARTESIAN_POINT('Ctrl Pts',(26.0091612410959,-39.9122890865971,-10.7687897397524));
#10788=CARTESIAN_POINT('Ctrl Pts',(26.6185775606938,-38.4963423684831,-10.7290498252545));
#10789=CARTESIAN_POINT('Ctrl Pts',(26.8669023177139,-36.9249788586848,-10.6893099107565));
#10790=CARTESIAN_POINT('Ctrl Pts',(26.7238134641614,-35.390108203352,-10.6495699962586));
#10791=CARTESIAN_POINT('Ctrl Pts',(26.580724610609,-33.8552375480192,-10.6098300817606));
#10792=CARTESIAN_POINT('Ctrl Pts',(26.0462221464839,-32.356859747152,-10.5700901672627));
#10793=CARTESIAN_POINT('Ctrl Pts',(25.1855793590185,-31.0779574991151,-10.5303502527648));
#10794=CARTESIAN_POINT('Ctrl Pts',(24.3249365715532,-29.7990552510782,-10.4906103382668));
#10795=CARTESIAN_POINT('Ctrl Pts',(23.1381534607474,-28.7396285558718,-10.4508704237689));
#10796=CARTESIAN_POINT('Ctrl Pts',(21.7701650549186,-28.0290603691898,-10.4111305092709));
#10797=CARTESIAN_POINT('Ctrl Pts',(20.4021766490897,-27.3184921825077,-10.371390594773));
#10798=CARTESIAN_POINT('Ctrl Pts',(18.8529829482376,-26.9567825043501,-10.3316506802751));
#10799=CARTESIAN_POINT('Ctrl Pts',(17.311776414647,-26.988103585786,-10.2919107657771));
#10800=CARTESIAN_POINT('Ctrl Pts',(15.7705698810564,-27.0194246672219,-10.2521708512792));
#10801=CARTESIAN_POINT('Ctrl Pts',(14.2373505147272,-27.4437765082514,-10.2124309367812));
#10802=CARTESIAN_POINT('Ctrl Pts',(12.8993606037658,-28.2093362585509,-10.1726910222833));
#10803=CARTESIAN_POINT('Ctrl Pts',(11.5613706928043,-28.9748960088505,-10.1329511077854));
#10804=CARTESIAN_POINT('Ctrl Pts',(10.4186102372105,-30.0816636684201,-10.0932111932874));
#10805=CARTESIAN_POINT('Ctrl Pts',(9.61063701047993,-31.3944767040996,-10.0534712787895));
#10806=CARTESIAN_POINT('Ctrl Pts',(8.80266378374935,-32.7072897397791,-10.0137313642916));
#10807=CARTESIAN_POINT('Ctrl Pts',(8.329477785882,-34.2261481515685,-9.97399144979362));
#10808=CARTESIAN_POINT('Ctrl Pts',(8.24886618250041,-35.7655637814772,-9.93425153529568));
#10809=CARTESIAN_POINT('Ctrl Pts',(8.24042106082973,-35.9268377389593,-9.93008825855835));
#10810=CARTESIAN_POINT('Ctrl Pts',(8.23628456391524,-36.0883373182348,-9.92592498182102));
#10811=CARTESIAN_POINT('Ctrl Pts',(8.23641288639645,-36.2498434702638,-9.92176170508369));
#10812=CARTESIAN_POINT('Origin',(17.4999999999997,-36.25,-2.68765350436819));
#10813=CARTESIAN_POINT('',(7.39911501611584,-36.2501920399104,-10.8123464956314));
#10814=CARTESIAN_POINT('',(7.39984689406862,-36.2503512182677,-10.9376535043682));
#10815=CARTESIAN_POINT('',(7.39849999999972,-36.25,-2.68765350436819));
#10816=CARTESIAN_POINT('',(7.74102119104704,-33.6418138761943,-10.9999999999998));
#10817=CARTESIAN_POINT('Ctrl Pts',(7.39984689406862,-36.2503512182678,-10.9376535043682));
#10818=CARTESIAN_POINT('Ctrl Pts',(7.40010604347137,-35.3709033834454,-10.9584356695787));
#10819=CARTESIAN_POINT('Ctrl Pts',(7.51397303335563,-34.4913537688033,-10.9792178347892));
#10820=CARTESIAN_POINT('Ctrl Pts',(7.74102119104704,-33.6418138761943,-10.9999999999998));
#10821=CARTESIAN_POINT('',(10.3612579321521,-29.1019272142139,-10.9999999999998));
#10822=CARTESIAN_POINT('Origin',(17.4999999999997,-36.25,-10.9999999999998));
#10823=CARTESIAN_POINT('Ctrl Pts',(7.39911501611584,-36.2501920399104,-10.8123464956314));
#10824=CARTESIAN_POINT('Ctrl Pts',(7.39983921995675,-35.1828476819815,-10.837567491503));
#10825=CARTESIAN_POINT('Ctrl Pts',(7.81757803156458,-32.5351506335493,-10.9001186596258));
#10826=CARTESIAN_POINT('Ctrl Pts',(9.24448863379538,-30.2184444148986,-10.9626698277486));
#10827=CARTESIAN_POINT('Ctrl Pts',(10.3612579321521,-29.1019272142139,-10.9999999999998));
#10828=CARTESIAN_POINT('Origin',(17.4999999999997,-36.25,-2.68765350436819));
#10829=CARTESIAN_POINT('',(7.39841373039866,-36.2497389803752,-9.31234649563137));
#10830=CARTESIAN_POINT('',(7.39785974003389,-36.2498293009682,-9.43765350436819));
#10831=CARTESIAN_POINT('',(7.39849999999972,-36.25,-2.68765350436819));
#10832=CARTESIAN_POINT('Ctrl Pts',(7.39785974003389,-36.2498293009682,-9.43765350436819));
#10833=CARTESIAN_POINT('Ctrl Pts',(7.39771980161827,-36.07370338121,-9.44181678110552));
#10834=CARTESIAN_POINT('Ctrl Pts',(7.44528920651873,-34.2164703077648,-9.48571997234079));
#10835=CARTESIAN_POINT('Ctrl Pts',(8.53138794872087,-30.730250897084,-9.56936307807399));
#10836=CARTESIAN_POINT('Ctrl Pts',(12.2700022450117,-27.109389346892,-9.68858282156782));
#10837=CARTESIAN_POINT('Ctrl Pts',(17.2860279696065,-25.7210950182211,-9.80780256506162));
#10838=CARTESIAN_POINT('Ctrl Pts',(22.3543147565515,-26.9044514839157,-9.92702230855544));
#10839=CARTESIAN_POINT('Ctrl Pts',(26.2369519994978,-30.3704340257362,-10.0462420520493));
#10840=CARTESIAN_POINT('Ctrl Pts',(27.9856111729921,-35.2724733290271,-10.1654617955431));
#10841=CARTESIAN_POINT('Ctrl Pts',(27.173200766092,-40.4132900711928,-10.2846815390369));
#10842=CARTESIAN_POINT('Ctrl Pts',(23.9981218375167,-44.5371947624906,-10.4039012825307));
#10843=CARTESIAN_POINT('Ctrl Pts',(19.2359362328548,-46.6370642663076,-10.5231210260245));
#10844=CARTESIAN_POINT('Ctrl Pts',(14.0496709195344,-46.1997424503314,-10.6423407695183));
#10845=CARTESIAN_POINT('Ctrl Pts',(9.70632190254607,-43.332614885521,-10.7615605130122));
#10846=CARTESIAN_POINT('Ctrl Pts',(7.69158635681532,-39.5362665415025,-10.8599980912954));
#10847=CARTESIAN_POINT('Ctrl Pts',(7.39961049476396,-37.0525944588069,-10.9186957550808));
#10848=CARTESIAN_POINT('Ctrl Pts',(7.39984689406862,-36.2503512182678,-10.9376535043682));
#10849=CARTESIAN_POINT('Ctrl Pts',(7.39841373039866,-36.2497389803752,-9.31234649563137));
#10850=CARTESIAN_POINT('Ctrl Pts',(7.39803652195714,-35.8857723078831,-9.32094860302978));
#10851=CARTESIAN_POINT('Ctrl Pts',(7.50643611961434,-33.8405801922201,-9.36929062492613));
#10852=CARTESIAN_POINT('Ctrl Pts',(8.85306872548344,-30.2388259469798,-9.45737256132043));
#10853=CARTESIAN_POINT('Ctrl Pts',(12.7877353800764,-26.8320280164903,-9.57659230481424));
#10854=CARTESIAN_POINT('Ctrl Pts',(17.8733582965403,-25.7255409891105,-9.69581204830805));
#10855=CARTESIAN_POINT('Ctrl Pts',(22.8677895425523,-27.1896208986886,-9.81503179180187));
#10856=CARTESIAN_POINT('Ctrl Pts',(26.5511546879296,-30.8666707895563,-9.93425153529569));
#10857=CARTESIAN_POINT('Ctrl Pts',(28.0238027393532,-35.858582267598,-10.0534712787895));
#10858=CARTESIAN_POINT('Ctrl Pts',(26.9260445567507,-40.9460966027356,-10.1726910222833));
#10859=CARTESIAN_POINT('Ctrl Pts',(23.5260028569179,-44.88660311477,-10.2919107657771));
#10860=CARTESIAN_POINT('Ctrl Pts',(18.6541303186908,-46.7176469031346,-10.4111305092709));
#10861=CARTESIAN_POINT('Ctrl Pts',(13.5003608599987,-45.9919973671674,-10.5303502527648));
#10862=CARTESIAN_POINT('Ctrl Pts',(9.32349971745589,-42.8869000894394,-10.6495699962586));
#10863=CARTESIAN_POINT('Ctrl Pts',(7.60484205715115,-39.1605685649467,-10.7435687438808));
#10864=CARTESIAN_POINT('Ctrl Pts',(7.39869811518581,-36.8646279629772,-10.797827577005));
#10865=CARTESIAN_POINT('Ctrl Pts',(7.39911501611584,-36.2501920399104,-10.8123464956314));
#10866=CARTESIAN_POINT('Origin',(17.4999999999997,-36.25,-2.68765350436819));
#10867=CARTESIAN_POINT('',(7.3983348483936,-36.250256230683,-7.81234649563137));
#10868=CARTESIAN_POINT('',(7.39890372713133,-36.2502378584282,-7.93765350436819));
#10869=CARTESIAN_POINT('',(7.39849999999972,-36.25,-2.68765350436819));
#10870=CARTESIAN_POINT('Ctrl Pts',(7.39890372713133,-36.2502378584282,-7.93765350436819));
#10871=CARTESIAN_POINT('Ctrl Pts',(7.39990594033458,-35.0956415756292,-7.96493780713026));
#10872=CARTESIAN_POINT('Ctrl Pts',(7.88555665026832,-32.2585404348397,-8.03196202439026));
#10873=CARTESIAN_POINT('Ctrl Pts',(10.4885670643882,-28.3923004285371,-8.13872615614821));
#10874=CARTESIAN_POINT('Ctrl Pts',(15.1077781397294,-25.9942255806809,-8.25794589964203));
#10875=CARTESIAN_POINT('Ctrl Pts',(20.3112820973533,-26.1010923082804,-8.37716564313584));
#10876=CARTESIAN_POINT('Ctrl Pts',(24.8281389897627,-28.6867987389397,-8.49638538662966));
#10877=CARTESIAN_POINT('Ctrl Pts',(27.5551203183213,-33.119793976072,-8.61560513012347));
#10878=CARTESIAN_POINT('Ctrl Pts',(27.8261692224051,-38.3173324719696,-8.73482487361729));
#10879=CARTESIAN_POINT('Ctrl Pts',(25.5750828368345,-43.0099313288997,-8.8540446171111));
#10880=CARTESIAN_POINT('Ctrl Pts',(21.3516821316319,-46.0514376019052,-8.97326436060493));
#10881=CARTESIAN_POINT('Ctrl Pts',(16.187519836073,-46.6989726908799,-9.09248410409873));
#10882=CARTESIAN_POINT('Ctrl Pts',(11.3439268006571,-44.7943780931724,-9.21170384759255));
#10883=CARTESIAN_POINT('Ctrl Pts',(8.12057180076129,-40.9422337488169,-9.32676031434904));
#10884=CARTESIAN_POINT('Ctrl Pts',(7.3990555621316,-37.754886121071,-9.40207686660758));
#10885=CARTESIAN_POINT('Ctrl Pts',(7.39785974003389,-36.2498293009682,-9.43765350436819));
#10886=CARTESIAN_POINT('Ctrl Pts',(7.39833484839361,-36.250256230683,-7.81234649563137));
#10887=CARTESIAN_POINT('Ctrl Pts',(7.39972338043299,-34.9080382027967,-7.84406962905452));
#10888=CARTESIAN_POINT('Ctrl Pts',(8.00602199097574,-31.8831922866115,-7.91553267697561));
#10889=CARTESIAN_POINT('Ctrl Pts',(10.9375471191721,-28.0136266385727,-8.02673563939464));
#10890=CARTESIAN_POINT('Ctrl Pts',(15.6832691625785,-25.8768074773297,-8.14595538288845));
#10891=CARTESIAN_POINT('Ctrl Pts',(20.8727221671596,-26.2736089091621,-8.26517512638227));
#10892=CARTESIAN_POINT('Ctrl Pts',(25.238398082918,-29.1071133893045,-8.38439486987608));
#10893=CARTESIAN_POINT('Ctrl Pts',(27.7139939049981,-33.6852461069239,-8.5036146133699));
#10894=CARTESIAN_POINT('Ctrl Pts',(27.6948529145027,-38.8898121282389,-8.62283435686372));
#10895=CARTESIAN_POINT('Ctrl Pts',(25.1856502405164,-43.4496121009376,-8.74205410035753));
#10896=CARTESIAN_POINT('Ctrl Pts',(20.7992509712521,-46.2509288093375,-8.86127384385135));
#10897=CARTESIAN_POINT('Ctrl Pts',(15.6070197302662,-46.6095492045644,-8.98049358734516));
#10898=CARTESIAN_POINT('Ctrl Pts',(10.8771431374132,-44.4378813499376,-9.09971333083898));
#10899=CARTESIAN_POINT('Ctrl Pts',(7.98943947248912,-40.5673386804232,-9.21033096693438));
#10900=CARTESIAN_POINT('Ctrl Pts',(7.39977914507487,-37.5672212569633,-9.28120868853184));
#10901=CARTESIAN_POINT('Ctrl Pts',(7.39841373039866,-36.2497389803752,-9.31234649563137));
#10902=CARTESIAN_POINT('Origin',(17.4999999999997,-36.25,-2.68765350436819));
#10903=CARTESIAN_POINT('',(7.39914744710917,-36.2497990287269,-6.31234649563137));
#10904=CARTESIAN_POINT('',(7.39868681493694,-36.2497396646869,-6.43765350436819));
#10905=CARTESIAN_POINT('',(7.39849999999972,-36.25,-2.68765350436819));
#10906=CARTESIAN_POINT('',(14.8792660365371,-46.0056166254498,-5.99999999999978));
#10907=CARTESIAN_POINT('Ctrl Pts',(14.8792660365371,-46.0056166254499,-5.99999999999978));
#10908=CARTESIAN_POINT('Ctrl Pts',(13.2553249761739,-45.5693635770825,-6.03973991449772));
#10909=CARTESIAN_POINT('Ctrl Pts',(10.2312342883799,-43.870310605198,-6.11921974349359));
#10910=CARTESIAN_POINT('Ctrl Pts',(7.81933556240653,-40.0171949613229,-6.22333524203746));
#10911=CARTESIAN_POINT('Ctrl Pts',(7.3997678393979,-37.2923614206861,-6.28771082608338));
#10912=CARTESIAN_POINT('Ctrl Pts',(7.39914744710917,-36.2497990287269,-6.31234649563137));
#10913=CARTESIAN_POINT('',(20.121041593475,-46.0063683850079,-5.99999999999978));
#10914=CARTESIAN_POINT('Origin',(17.4999999999997,-36.25,-5.99999999999978));
#10915=CARTESIAN_POINT('Ctrl Pts',(20.121041593475,-46.0063683850079,-5.99999999999978));
#10916=CARTESIAN_POINT('Ctrl Pts',(18.5957246854147,-46.4152603647694,-6.03733017225097));
#10917=CARTESIAN_POINT('Ctrl Pts',(15.244647127797,-46.5106107749496,-6.1144002590001));
#10918=CARTESIAN_POINT('Ctrl Pts',(10.6670956204892,-44.2634396496441,-6.23121026024717));
#10919=CARTESIAN_POINT('Ctrl Pts',(7.93268079559011,-40.3928869903157,-6.33976458945211));
#10920=CARTESIAN_POINT('Ctrl Pts',(7.39989488188313,-37.4800154438168,-6.40857900415912));
#10921=CARTESIAN_POINT('Ctrl Pts',(7.39868681493695,-36.2497396646869,-6.43765350436819));
#10922=CARTESIAN_POINT('Origin',(13.762630676178,-49.7419261240698,-5.99999999999978));
#10923=CARTESIAN_POINT('',(13.4956757244764,-50.7056351329322,-9.99999999999945));
#10924=CARTESIAN_POINT('',(14.4852804732806,-50.4331402085439,-10.4999999999999));
#10925=CARTESIAN_POINT('Ctrl Pts',(13.4956757244764,-50.7056351329322,-9.99999999999945));
#10926=CARTESIAN_POINT('Ctrl Pts',(13.5650924881348,-50.7248641207484,-9.99999999999945));
#10927=CARTESIAN_POINT('Ctrl Pts',(13.6371525439718,-50.7366266037482,-10.0073689806719));
#10928=CARTESIAN_POINT('Ctrl Pts',(13.7809133433386,-50.7443508643853,-10.0362831137326));
#10929=CARTESIAN_POINT('Ctrl Pts',(13.8526132148162,-50.7403076219911,-10.0578339425289));
#10930=CARTESIAN_POINT('Ctrl Pts',(14.0591515491012,-50.7070816178667,-10.139644286716));
#10931=CARTESIAN_POINT('Ctrl Pts',(14.1853981795587,-50.6558377464753,-10.2179985611189));
#10932=CARTESIAN_POINT('Ctrl Pts',(14.3595156789394,-50.5488670401764,-10.3604500313957));
#10933=CARTESIAN_POINT('Ctrl Pts',(14.4267397899813,-50.4943435287647,-10.4279628272376));
#10934=CARTESIAN_POINT('Ctrl Pts',(14.4852806357252,-50.4331402992478,-10.4999999450522));
#10935=CARTESIAN_POINT('',(14.4852804732806,-50.4331402085439,-6.49999999999964));
#10936=CARTESIAN_POINT('',(14.4852804732806,-50.4331402085439,-5.99999999999978));
#10937=CARTESIAN_POINT('',(13.4956757244764,-50.7056351329322,-7.00000000000011));
#10938=CARTESIAN_POINT('Ctrl Pts',(14.4852806357252,-50.4331402992478,-6.50000005494731));
#10939=CARTESIAN_POINT('Ctrl Pts',(14.4267397899813,-50.4943435287647,-6.57203717276192));
#10940=CARTESIAN_POINT('Ctrl Pts',(14.3595156789394,-50.5488670401764,-6.63954996860384));
#10941=CARTESIAN_POINT('Ctrl Pts',(14.1853981795587,-50.6558377464753,-6.78200143888062));
#10942=CARTESIAN_POINT('Ctrl Pts',(14.0591515491012,-50.7070816178667,-6.86035571328355));
#10943=CARTESIAN_POINT('Ctrl Pts',(13.8526132148161,-50.7403076219911,-6.94216605747069));
#10944=CARTESIAN_POINT('Ctrl Pts',(13.7809133433386,-50.7443508643853,-6.96371688626691));
#10945=CARTESIAN_POINT('Ctrl Pts',(13.6371525439718,-50.7366266037482,-6.9926310193277));
#10946=CARTESIAN_POINT('Ctrl Pts',(13.5650924881348,-50.7248641207484,-7.00000000000012));
#10947=CARTESIAN_POINT('Ctrl Pts',(13.4956757244764,-50.7056351329322,-7.00000000000012));
#10948=CARTESIAN_POINT('',(13.4956757244764,-50.7056351329322,-5.99999999999978));
#10949=CARTESIAN_POINT('Origin',(15.4265962299652,-50.0956129559887,-5.99999999999978));
#10950=CARTESIAN_POINT('',(15.2784959064371,-51.0845852984588,-9.99999995283422));
#10951=CARTESIAN_POINT('Ctrl Pts',(14.4852804732806,-50.4331402085439,-10.4999999999999));
#10952=CARTESIAN_POINT('Ctrl Pts',(14.5138666056546,-50.5128628875944,-10.4279628439094));
#10953=CARTESIAN_POINT('Ctrl Pts',(14.5531021920416,-50.5900151418022,-10.3604500125909));
#10954=CARTESIAN_POINT('Ctrl Pts',(14.6686575622751,-50.7585577436579,-10.2179985139374));
#10955=CARTESIAN_POINT('Ctrl Pts',(14.763146839313,-50.8567204788279,-10.1396442395413));
#10956=CARTESIAN_POINT('Ctrl Pts',(14.9383147647471,-50.9710806500664,-10.0578338953601));
#10957=CARTESIAN_POINT('Ctrl Pts',(15.0021713222962,-51.0039372998567,-10.0362830665652));
#10958=CARTESIAN_POINT('Ctrl Pts',(15.1366450881414,-51.055353619547,-10.0073689335062));
#10959=CARTESIAN_POINT('Ctrl Pts',(15.2072594037991,-51.0739175086384,-9.99999995655528));
#10960=CARTESIAN_POINT('Ctrl Pts',(15.2784959064371,-51.0845852984588,-9.99999995283422));
#10961=CARTESIAN_POINT('',(15.2784959064371,-51.0845852984588,-7.00000004716534));
#10962=CARTESIAN_POINT('',(15.2784959611759,-51.0845853066561,-5.99999999999978));
#10963=CARTESIAN_POINT('Ctrl Pts',(15.2784959064371,-51.0845852984588,-7.00000004716534));
#10964=CARTESIAN_POINT('Ctrl Pts',(15.2072594037991,-51.0739175086384,-7.00000004344428));
#10965=CARTESIAN_POINT('Ctrl Pts',(15.1366450881414,-51.055353619547,-6.99263106649335));
#10966=CARTESIAN_POINT('Ctrl Pts',(15.0021713222962,-51.0039372998567,-6.96371693343435));
#10967=CARTESIAN_POINT('Ctrl Pts',(14.9383147647471,-50.9710806500664,-6.94216610463949));
#10968=CARTESIAN_POINT('Ctrl Pts',(14.763146839313,-50.856720478828,-6.8603557604583));
#10969=CARTESIAN_POINT('Ctrl Pts',(14.6686575622751,-50.7585577436579,-6.78200148606221));
#10970=CARTESIAN_POINT('Ctrl Pts',(14.5531021920416,-50.5900151418022,-6.63954998740863));
#10971=CARTESIAN_POINT('Ctrl Pts',(14.5138666056546,-50.5128628875944,-6.57203715609015));
#10972=CARTESIAN_POINT('Ctrl Pts',(14.4852804732806,-50.4331402085439,-6.49999999999964));
#10973=CARTESIAN_POINT('Origin',(17.4999999999997,-36.25,-10.4999999999998));
#10974=CARTESIAN_POINT('',(3.49999999999972,-36.25,-10.9999999999998));
#10975=CARTESIAN_POINT('Origin',(17.4999999999997,-36.25,-10.9999999999998));
#10976=CARTESIAN_POINT('',(2.49999995283415,-36.25,-9.99999995283421));
#10977=CARTESIAN_POINT('',(2.99999999999972,-36.25,-10.4999999999998));
#10978=CARTESIAN_POINT('',(2.51446970293121,-35.5913019427625,-9.99999995283422));
#10979=CARTESIAN_POINT('Origin',(17.4999999999997,-36.25,-9.99999999999978));
#10980=CARTESIAN_POINT('',(3.07943251821373,-34.7343372725924,-10.4999999999999));
#10981=CARTESIAN_POINT('Ctrl Pts',(3.07943251821374,-34.7343372725924,-10.4999999999999));
#10982=CARTESIAN_POINT('Ctrl Pts',(3.00313463282845,-34.7711000962708,-10.4279628439094));
#10983=CARTESIAN_POINT('Ctrl Pts',(2.93050626229221,-34.8181853525804,-10.3604500125909));
#10984=CARTESIAN_POINT('Ctrl Pts',(2.77496577971717,-34.9507251975721,-10.2179985139373));
#10985=CARTESIAN_POINT('Ctrl Pts',(2.68721760920536,-35.0549576523212,-10.1396442395412));
#10986=CARTESIAN_POINT('Ctrl Pts',(2.59179394901005,-35.2411198824903,-10.0578338953601));
#10987=CARTESIAN_POINT('Ctrl Pts',(2.56579211921534,-35.3080610822464,-10.0362830665652));
#10988=CARTESIAN_POINT('Ctrl Pts',(2.52871379959767,-35.4471726556162,-10.0073689335062));
#10989=CARTESIAN_POINT('Ctrl Pts',(2.5176328113335,-35.5193405934632,-9.99999995655527));
#10990=CARTESIAN_POINT('Ctrl Pts',(2.5144697029312,-35.5913019427625,-9.99999995283421));
#10991=CARTESIAN_POINT('',(2.70498848589796,-33.7786371578406,-9.99999999999945));
#10992=CARTESIAN_POINT('Ctrl Pts',(2.70498848589796,-33.7786371578406,-9.99999999999945));
#10993=CARTESIAN_POINT('Ctrl Pts',(2.69312086411927,-33.8496836257511,-9.99999999999945));
#10994=CARTESIAN_POINT('Ctrl Pts',(2.68895514413168,-33.9225784433347,-10.0073689806719));
#10995=CARTESIAN_POINT('Ctrl Pts',(2.69630029323846,-34.066359111095,-10.0362831137327));
#10996=CARTESIAN_POINT('Ctrl Pts',(2.70781606370984,-34.1372435692603,-10.0578339425289));
#10997=CARTESIAN_POINT('Ctrl Pts',(2.76244918699577,-34.3391774017881,-10.139644286716));
#10998=CARTESIAN_POINT('Ctrl Pts',(2.82660870537248,-34.4593759968661,-10.217998561119));
#10999=CARTESIAN_POINT('Ctrl Pts',(2.95119364958794,-34.6213581788229,-10.3604500313957));
#11000=CARTESIAN_POINT('Ctrl Pts',(3.01244530852105,-34.6825147702909,-10.4279628272376));
#11001=CARTESIAN_POINT('Ctrl Pts',(3.07943244498681,-34.7343374436282,-10.4999999450522));
#11002=CARTESIAN_POINT('',(2.97889052101701,-32.4900291338409,-9.99999995283422));
#11003=CARTESIAN_POINT('Origin',(17.4999999999997,-36.25,-9.99999999999978));
#11004=CARTESIAN_POINT('',(3.70968051683561,-31.7692535719749,-10.4999999999999));
#11005=CARTESIAN_POINT('Ctrl Pts',(3.70968051683561,-31.7692535719749,-10.4999999999999));
#11006=CARTESIAN_POINT('Ctrl Pts',(3.62740650247469,-31.7893498173959,-10.4279628439094));
#11007=CARTESIAN_POINT('Ctrl Pts',(3.54657566083756,-31.8203058605655,-10.3604500125909));
#11008=CARTESIAN_POINT('Ctrl Pts',(3.36687752771686,-31.917610707223,-10.2179985139373));
#11009=CARTESIAN_POINT('Ctrl Pts',(3.25937571935697,-32.0013215622571,-10.1396442395413));
#11010=CARTESIAN_POINT('Ctrl Pts',(3.12733199104284,-32.163576006509,-10.0578338953601));
#11011=CARTESIAN_POINT('Ctrl Pts',(3.08798050558779,-32.2236482960437,-10.0362830665652));
#11012=CARTESIAN_POINT('Ctrl Pts',(3.02278951378289,-32.3520109316453,-10.0073689335062));
#11013=CARTESIAN_POINT('Ctrl Pts',(2.99694611371793,-32.4202979598943,-9.99999995655528));
#11014=CARTESIAN_POINT('Ctrl Pts',(2.97889052101701,-32.4900291338409,-9.99999995283422));
#11015=CARTESIAN_POINT('',(3.54212021178959,-30.756586505834,-9.99999999999945));
#11016=CARTESIAN_POINT('Ctrl Pts',(3.54212021178958,-30.7565865058341,-9.99999999999945));
#11017=CARTESIAN_POINT('Ctrl Pts',(3.51574053475044,-30.8236130206513,-9.99999999999945));
#11018=CARTESIAN_POINT('Ctrl Pts',(3.49651016096358,-30.8940488096906,-10.0073689806719));
#11019=CARTESIAN_POINT('Ctrl Pts',(3.47380111919849,-31.0362146672622,-10.0362831137327));
#11020=CARTESIAN_POINT('Ctrl Pts',(3.47032753490581,-31.1079443932558,-10.0578339425289));
#11021=CARTESIAN_POINT('Ctrl Pts',(3.48178238881438,-31.3168243520868,-10.139644286716));
#11022=CARTESIAN_POINT('Ctrl Pts',(3.5195491746422,-31.4477358334217,-10.2179985611189));
#11023=CARTESIAN_POINT('Ctrl Pts',(3.60773364958113,-31.6320809824666,-10.3604500313957));
#11024=CARTESIAN_POINT('Ctrl Pts',(3.65493164247075,-31.7046360916543,-10.4279628272376));
#11025=CARTESIAN_POINT('Ctrl Pts',(3.70968040964852,-31.7692537240484,-10.4999999450522));
#11026=CARTESIAN_POINT('',(4.07795350334853,-29.5530850941124,-9.99999995283422));
#11027=CARTESIAN_POINT('Origin',(17.4999999999997,-36.25,-9.99999999999978));
#11028=CARTESIAN_POINT('',(4.94263165016643,-28.9999999912689,-10.4999999999999));
#11029=CARTESIAN_POINT('Ctrl Pts',(4.94263165016643,-28.9999999912689,-10.4999999999999));
#11030=CARTESIAN_POINT('Ctrl Pts',(4.85797727605199,-29.0025513560751,-10.4279628439094));
#11031=CARTESIAN_POINT('Ctrl Pts',(4.77247665896292,-29.0160252584746,-10.3604500125909));
#11032=CARTESIAN_POINT('Ctrl Pts',(4.57647454600124,-29.0738424180785,-10.2179985139373));
#11033=CARTESIAN_POINT('Ctrl Pts',(4.45391744466952,-29.1333731073435,-10.1396442395412));
#11034=CARTESIAN_POINT('Ctrl Pts',(4.29102459277999,-29.2646284678812,-10.0578338953601));
#11035=CARTESIAN_POINT('Ctrl Pts',(4.24004330040836,-29.315206399883,-10.0362830665652));
#11036=CARTESIAN_POINT('Ctrl Pts',(4.14958879557919,-29.4272100345884,-10.0073689335062));
#11037=CARTESIAN_POINT('Ctrl Pts',(4.11011246430669,-29.4886316824274,-9.99999995655527));
#11038=CARTESIAN_POINT('Ctrl Pts',(4.07795350334852,-29.5530850941124,-9.99999995283421));
#11039=CARTESIAN_POINT('',(4.98927826176423,-27.9746243838451,-9.99999999999945));
#11040=CARTESIAN_POINT('Ctrl Pts',(4.98927826176424,-27.9746243838451,-9.99999999999945));
#11041=CARTESIAN_POINT('Ctrl Pts',(4.94953944793499,-28.0347015652427,-9.99999999999945));
#11042=CARTESIAN_POINT('Ctrl Pts',(4.91608487996093,-28.0995999437681,-10.0073689806719));
#11043=CARTESIAN_POINT('Ctrl Pts',(4.86431414141916,-28.2339376609879,-10.0362831137327));
#11044=CARTESIAN_POINT('Ctrl Pts',(4.84600301466411,-28.3033777215863,-10.0578339425289));
#11045=CARTESIAN_POINT('Ctrl Pts',(4.81377896711304,-28.5100747502024,-10.139644286716));
#11046=CARTESIAN_POINT('Ctrl Pts',(4.82350243062615,-28.6459776578769,-10.217998561119));
#11047=CARTESIAN_POINT('Ctrl Pts',(4.87143235157765,-28.8446290064105,-10.3604500313957));
#11048=CARTESIAN_POINT('Ctrl Pts',(4.90251389965342,-28.9254116268883,-10.4279628272376));
#11049=CARTESIAN_POINT('Ctrl Pts',(4.94263151370377,-29.0000001177338,-10.4999999450522));
#11050=CARTESIAN_POINT('',(5.76362432370852,-26.9088283711342,-9.99999995283422));
#11051=CARTESIAN_POINT('Origin',(17.4999999999997,-36.25,-9.99999999999978));
#11052=CARTESIAN_POINT('',(6.72440003732372,-26.5476062003043,-10.4999999999999));
#11053=CARTESIAN_POINT('Ctrl Pts',(6.72440003732372,-26.5476062003043,-10.4999999999999));
#11054=CARTESIAN_POINT('Ctrl Pts',(6.6410651058213,-26.5325011776109,-10.4279628439094));
#11055=CARTESIAN_POINT('Ctrl Pts',(6.55463150052457,-26.5279040650505,-10.3604500125909));
#11056=CARTESIAN_POINT('Ctrl Pts',(6.35089164058082,-26.5437066502886,-10.2179985139373));
#11057=CARTESIAN_POINT('Ctrl Pts',(6.21863557969968,-26.5764553970036,-10.1396442395412));
#11058=CARTESIAN_POINT('Ctrl Pts',(6.03201280350897,-26.6709751847385,-10.0578338953601));
#11059=CARTESIAN_POINT('Ctrl Pts',(5.97162983133279,-26.7098482608791,-10.0362830665652));
#11060=CARTESIAN_POINT('Ctrl Pts',(5.85986510938925,-26.8005977983985,-10.0073689335062));
#11061=CARTESIAN_POINT('Ctrl Pts',(5.80848115201424,-26.8524696450832,-9.99999995655527));
#11062=CARTESIAN_POINT('Ctrl Pts',(5.76362432370852,-26.9088283711342,-9.99999995283421));
#11063=CARTESIAN_POINT('',(6.98321488480325,-25.55433588594,-9.99999999999945));
#11064=CARTESIAN_POINT('Ctrl Pts',(6.98321488480325,-25.55433588594,-9.99999999999945));
#11065=CARTESIAN_POINT('Ctrl Pts',(6.93185371103622,-25.6048380728086,-9.99999999999945));
#11066=CARTESIAN_POINT('Ctrl Pts',(6.88563707402825,-25.6613626702617,-10.0073689806719));
#11067=CARTESIAN_POINT('Ctrl Pts',(6.80706726840765,-25.7820010442631,-10.0362831137327));
#11068=CARTESIAN_POINT('Ctrl Pts',(6.77471888329596,-25.8461165756079,-10.0578339425289));
#11069=CARTESIAN_POINT('Ctrl Pts',(6.70022427979136,-26.0415970220162,-10.139644286716));
#11070=CARTESIAN_POINT('Ctrl Pts',(6.68147945897588,-26.1765517468303,-10.217998561119));
#11071=CARTESIAN_POINT('Ctrl Pts',(6.68706005840109,-26.3808272776869,-10.3604500313957));
#11072=CARTESIAN_POINT('Ctrl Pts',(6.70066674886628,-26.4663068213018,-10.4279628272376));
#11073=CARTESIAN_POINT('Ctrl Pts',(6.72439987754956,-26.5476062956335,-10.4999999450522));
#11074=CARTESIAN_POINT('',(7.96223107850126,-24.6728256722521,-9.99999995283422));
#11075=CARTESIAN_POINT('Origin',(17.4999999999997,-36.25,-9.99999999999978));
#11076=CARTESIAN_POINT('',(8.97711384991537,-24.5192535756374,-10.4999999999999));
#11077=CARTESIAN_POINT('Ctrl Pts',(8.97711384991537,-24.5192535756374,-10.4999999999999));
#11078=CARTESIAN_POINT('Ctrl Pts',(8.89874049741701,-24.4871523274179,-10.4279628439094));
#11079=CARTESIAN_POINT('Ctrl Pts',(8.81515146721853,-24.464685115776,-10.3604500125909));
#11080=CARTESIAN_POINT('Ctrl Pts',(8.61257826982457,-24.4377824778441,-10.2179985139373));
#11081=CARTESIAN_POINT('Ctrl Pts',(8.47640347388952,-24.4423180046317,-10.1396442395412));
#11082=CARTESIAN_POINT('Ctrl Pts',(8.27420708423258,-24.4959712512836,-10.0578338953601));
#11083=CARTESIAN_POINT('Ctrl Pts',(8.20706145788559,-24.5214405316019,-10.0362830665652));
#11084=CARTESIAN_POINT('Ctrl Pts',(8.07887117348325,-24.5869697816811,-10.0073689335062));
#11085=CARTESIAN_POINT('Ctrl Pts',(8.01782531551063,-24.6270247786026,-9.99999995655527));
#11086=CARTESIAN_POINT('Ctrl Pts',(7.96223107850125,-24.6728256722521,-9.99999995283421));
#11087=CARTESIAN_POINT('',(9.43678548251034,-23.60149923331,-9.99999999999945));
#11088=CARTESIAN_POINT('Ctrl Pts',(9.43678548251033,-23.60149923331,-9.99999999999945));
#11089=CARTESIAN_POINT('Ctrl Pts',(9.3760466785574,-23.640219237747,-9.99999999999945));
#11090=CARTESIAN_POINT('Ctrl Pts',(9.3190878613248,-23.685899657984,-10.0073689806719));
#11091=CARTESIAN_POINT('Ctrl Pts',(9.21715286615074,-23.7875662129361,-10.0362831137327));
#11092=CARTESIAN_POINT('Ctrl Pts',(9.17218100233657,-23.843555058647,-10.0578339425289));
#11093=CARTESIAN_POINT('Ctrl Pts',(9.05867161451636,-24.0192754893202,-10.139644286716));
#11094=CARTESIAN_POINT('Ctrl Pts',(9.01227774798955,-24.147383862215,-10.2179985611189));
#11095=CARTESIAN_POINT('Ctrl Pts',(8.97526512691491,-24.3483557544732,-10.3604500313957));
#11096=CARTESIAN_POINT('Ctrl Pts',(8.97080228210405,-24.4347963549931,-10.4279628272376));
#11097=CARTESIAN_POINT('Ctrl Pts',(8.9771136738126,-24.5192536356645,-10.4999999450522));
#11098=CARTESIAN_POINT('',(10.5776841024566,-22.9428010449386,-9.99999995283422));
#11099=CARTESIAN_POINT('Origin',(17.4999999999997,-36.25,-9.99999999999978));
#11100=CARTESIAN_POINT('',(11.6023186846109,-23.0035908600818,-10.4999999999999));
#11101=CARTESIAN_POINT('Ctrl Pts',(11.6023186846109,-23.0035908600818,-10.4999999999999));
#11102=CARTESIAN_POINT('Ctrl Pts',(11.5323322026979,-22.9558963649223,-10.4279628439094));
#11103=CARTESIAN_POINT('Ctrl Pts',(11.455240989322,-22.9165409791572,-10.3604500125909));
#11104=CARTESIAN_POINT('Ctrl Pts',(11.262687875258,-22.8481088924262,-10.2179985139373));
#11105=CARTESIAN_POINT('Ctrl Pts',(11.1285458362906,-22.8242329750019,-10.1396442395413));
#11106=CARTESIAN_POINT('Ctrl Pts',(10.9196127856413,-22.8346747762352,-10.0578338953601));
#11107=CARTESIAN_POINT('Ctrl Pts',(10.8486390911954,-22.8456271309662,-10.0362830665652));
#11108=CARTESIAN_POINT('Ctrl Pts',(10.7096257748878,-22.8830721509325,-10.0073689335062));
#11109=CARTESIAN_POINT('Ctrl Pts',(10.6415860132415,-22.9095597025202,-9.99999995655529));
#11110=CARTESIAN_POINT('Ctrl Pts',(10.5776841024566,-22.9428010449386,-9.99999995283422));
#11111=CARTESIAN_POINT('',(12.2427572462277,-22.2014627584249,-9.99999999999945));
#11112=CARTESIAN_POINT('Ctrl Pts',(12.2427572462277,-22.2014627584249,-9.99999999999946));
#11113=CARTESIAN_POINT('Ctrl Pts',(12.1752953892788,-22.2267083304373,-9.99999999999946));
#11114=CARTESIAN_POINT('Ctrl Pts',(12.1100837654533,-22.2595481198948,-10.0073689806719));
#11115=CARTESIAN_POINT('Ctrl Pts',(11.9892386291533,-22.337799539496,-10.0362831137327));
#11116=CARTESIAN_POINT('Ctrl Pts',(11.9336087728843,-22.3832147183511,-10.0578339425289));
#11117=CARTESIAN_POINT('Ctrl Pts',(11.7860455056747,-22.5314953072686,-10.139644286716));
#11118=CARTESIAN_POINT('Ctrl Pts',(11.7140302280262,-22.6471583776165,-10.217998561119));
#11119=CARTESIAN_POINT('Ctrl Pts',(11.6360420155989,-22.8360431952145,-10.3604500313957));
#11120=CARTESIAN_POINT('Ctrl Pts',(11.6137046832454,-22.9196669836085,-10.4279628272377));
#11121=CARTESIAN_POINT('Ctrl Pts',(11.6023184998761,-23.0035908821833,-10.4999999450523));
#11122=CARTESIAN_POINT('',(13.4956755480915,-21.7943648669864,-9.99999995283422));
#11123=CARTESIAN_POINT('Origin',(17.4999999999997,-36.25,-9.99999999999978));
#11124=CARTESIAN_POINT('',(14.4852804930038,-22.0668597872638,-10.4999999999999));
#11125=CARTESIAN_POINT('Ctrl Pts',(14.4852804930038,-22.0668597872638,-10.4999999999999));
#11126=CARTESIAN_POINT('Ctrl Pts',(14.4267396267681,-22.0056565234665,-10.4279628439094));
#11127=CARTESIAN_POINT('Ctrl Pts',(14.359515486164,-21.9511329827842,-10.3604500125909));
#11128=CARTESIAN_POINT('Ctrl Pts',(14.1853979504869,-21.8441622578178,-10.2179985139373));
#11129=CARTESIAN_POINT('Ctrl Pts',(14.0591513192749,-21.7929183883424,-10.1396442395413));
#11130=CARTESIAN_POINT('Ctrl Pts',(13.8526129845187,-21.7596923873379,-10.0578338953601));
#11131=CARTESIAN_POINT('Ctrl Pts',(13.7809131129906,-21.7556491460246,-10.0362830665652));
#11132=CARTESIAN_POINT('Ctrl Pts',(13.6371523137605,-21.7633734088244,-10.0073689335062));
#11133=CARTESIAN_POINT('Ctrl Pts',(13.5650923125154,-21.7751358819725,-9.99999995655528));
#11134=CARTESIAN_POINT('Ctrl Pts',(13.4956755480915,-21.7943648669864,-9.99999995283422));
#11135=CARTESIAN_POINT('',(15.2784957453346,-21.4154147733577,-9.99999999999945));
#11136=CARTESIAN_POINT('Ctrl Pts',(15.2784957453346,-21.4154147733577,-9.99999999999946));
#11137=CARTESIAN_POINT('Ctrl Pts',(15.2072592422562,-21.4260825603068,-9.99999999999946));
#11138=CARTESIAN_POINT('Ctrl Pts',(15.1366448727191,-21.4446464626027,-10.0073689806719));
#11139=CARTESIAN_POINT('Ctrl Pts',(15.0021711076288,-21.4960627843244,-10.0362831137327));
#11140=CARTESIAN_POINT('Ctrl Pts',(14.9383145505655,-21.5289194350815,-10.0578339425289));
#11141=CARTESIAN_POINT('Ctrl Pts',(14.7631466268307,-21.6432796089785,-10.139644286716));
#11142=CARTESIAN_POINT('Ctrl Pts',(14.6686573512615,-21.7414423455921,-10.217998561119));
#11143=CARTESIAN_POINT('Ctrl Pts',(14.5531020065936,-21.9099849156311,-10.3604500313957));
#11144=CARTESIAN_POINT('Ctrl Pts',(14.5138664353076,-21.987137131075,-10.4279628272377));
#11145=CARTESIAN_POINT('Ctrl Pts',(14.4852803077107,-22.0668597704739,-10.4999999450522));
#11146=CARTESIAN_POINT('',(16.5886751871555,-21.2777093101803,-9.99999995283422));
#11147=CARTESIAN_POINT('Origin',(17.4999999999997,-36.25,-9.99999999999978));
#11148=CARTESIAN_POINT('',(17.5000000100816,-21.7500000000001,-10.4999999999999));
#11149=CARTESIAN_POINT('Ctrl Pts',(17.5000000100816,-21.7500000000001,-10.4999999999999));
#11150=CARTESIAN_POINT('Ctrl Pts',(17.4554632762879,-21.6779628438787,-10.4279628439094));
#11151=CARTESIAN_POINT('Ctrl Pts',(17.4010442259773,-21.6106540886401,-10.3604500125909));
#11152=CARTESIAN_POINT('Ctrl Pts',(17.2529720405048,-21.4698198594218,-10.2179985139373));
#11153=CARTESIAN_POINT('Ctrl Pts',(17.1401384006307,-21.3934476408868,-10.1396442395413));
#11154=CARTESIAN_POINT('Ctrl Pts',(16.9450214980774,-21.3180059733244,-10.0578338953601));
#11155=CARTESIAN_POINT('Ctrl Pts',(16.8757290779071,-21.2991438450137,-10.0362830665652));
#11156=CARTESIAN_POINT('Ctrl Pts',(16.7335038325215,-21.2768097632976,-10.0073689335062));
#11157=CARTESIAN_POINT('Ctrl Pts',(16.6605729595144,-21.2733330814869,-9.99999995655528));
#11158=CARTESIAN_POINT('Ctrl Pts',(16.5886751871555,-21.2777093101803,-9.99999995283422));
#11159=CARTESIAN_POINT('',(18.4113246403305,-21.2777093469324,-9.99999999999945));
#11160=CARTESIAN_POINT('Ctrl Pts',(18.4113246403305,-21.2777093469324,-9.99999999999946));
#11161=CARTESIAN_POINT('Ctrl Pts',(18.3394268681377,-21.2733331153388,-9.99999999999946));
#11162=CARTESIAN_POINT('Ctrl Pts',(18.2664959396833,-21.2768097988634,-10.0073689806719));
#11163=CARTESIAN_POINT('Ctrl Pts',(18.1242706946137,-21.2991438827234,-10.0362831137327));
#11164=CARTESIAN_POINT('Ctrl Pts',(18.0549782747176,-21.3180060120808,-10.0578339425289));
#11165=CARTESIAN_POINT('Ctrl Pts',(17.8598613732737,-21.3934476825969,-10.139644286716));
#11166=CARTESIAN_POINT('Ctrl Pts',(17.747027734536,-21.4698199028492,-10.217998561119));
#11167=CARTESIAN_POINT('Ctrl Pts',(17.5989555806856,-21.6106541062614,-10.3604500313957));
#11168=CARTESIAN_POINT('Ctrl Pts',(17.5445365532055,-21.6779628267229,-10.4279628272377));
#11169=CARTESIAN_POINT('Ctrl Pts',(17.4999998323285,-21.7499999450525,-10.4999999450523));
#11170=CARTESIAN_POINT('',(19.7215040935624,-21.4154147015412,-9.99999995283422));
#11171=CARTESIAN_POINT('Origin',(17.4999999999997,-36.25,-9.99999999999978));
#11172=CARTESIAN_POINT('',(20.5147195267188,-22.0668597914561,-10.4999999999999));
#11173=CARTESIAN_POINT('Ctrl Pts',(20.5147195267188,-22.0668597914561,-10.4999999999999));
#11174=CARTESIAN_POINT('Ctrl Pts',(20.4861333943449,-21.9871371124057,-10.4279628439094));
#11175=CARTESIAN_POINT('Ctrl Pts',(20.4468978079578,-21.9099848581978,-10.3604500125909));
#11176=CARTESIAN_POINT('Ctrl Pts',(20.3313424377243,-21.7414422563421,-10.2179985139373));
#11177=CARTESIAN_POINT('Ctrl Pts',(20.2368531606865,-21.6432795211721,-10.1396442395413));
#11178=CARTESIAN_POINT('Ctrl Pts',(20.0616852352523,-21.5289193499336,-10.0578338953601));
#11179=CARTESIAN_POINT('Ctrl Pts',(19.9978286777032,-21.4960627001433,-10.0362830665652));
#11180=CARTESIAN_POINT('Ctrl Pts',(19.863354911858,-21.444646380453,-10.0073689335062));
#11181=CARTESIAN_POINT('Ctrl Pts',(19.7927405962004,-21.4260824913616,-9.99999995655527));
#11182=CARTESIAN_POINT('Ctrl Pts',(19.7215040935624,-21.4154147015412,-9.99999995283421));
#11183=CARTESIAN_POINT('',(21.5043242755231,-21.7943648670678,-9.99999999999945));
#11184=CARTESIAN_POINT('Ctrl Pts',(21.5043242755231,-21.7943648670678,-9.99999999999946));
#11185=CARTESIAN_POINT('Ctrl Pts',(21.4349075118647,-21.7751358792517,-9.99999999999946));
#11186=CARTESIAN_POINT('Ctrl Pts',(21.3628474560276,-21.7633733962518,-10.0073689806719));
#11187=CARTESIAN_POINT('Ctrl Pts',(21.2190866566608,-21.7556491356147,-10.0362831137327));
#11188=CARTESIAN_POINT('Ctrl Pts',(21.1473867851833,-21.7596923780089,-10.0578339425289));
#11189=CARTESIAN_POINT('Ctrl Pts',(20.9408484508982,-21.7929183821333,-10.139644286716));
#11190=CARTESIAN_POINT('Ctrl Pts',(20.8146018204407,-21.8441622535248,-10.217998561119));
#11191=CARTESIAN_POINT('Ctrl Pts',(20.64048432106,-21.9511329598236,-10.3604500313957));
#11192=CARTESIAN_POINT('Ctrl Pts',(20.5732602100182,-22.0056564712354,-10.4279628272376));
#11193=CARTESIAN_POINT('Ctrl Pts',(20.5147193642742,-22.0668597007522,-10.4999999450522));
#11194=CARTESIAN_POINT('',(22.7572426111212,-22.2014626546827,-9.99999995283422));
#11195=CARTESIAN_POINT('Origin',(17.4999999999997,-36.25,-9.99999999999978));
#11196=CARTESIAN_POINT('',(23.397681333809,-23.0035908682831,-10.4999999999999));
#11197=CARTESIAN_POINT('Ctrl Pts',(23.397681333809,-23.0035908682831,-10.4999999999999));
#11198=CARTESIAN_POINT('Ctrl Pts',(23.3862951540111,-22.91966692993,-10.4279628439094));
#11199=CARTESIAN_POINT('Ctrl Pts',(23.363957814946,-22.8360431004795,-10.3604500125909));
#11200=CARTESIAN_POINT('Ctrl Pts',(23.2859695841268,-22.6471582464445,-10.2179985139373));
#11201=CARTESIAN_POINT('Ctrl Pts',(23.2139543047417,-22.5314951772034,-10.1396442395412));
#11202=CARTESIAN_POINT('Ctrl Pts',(23.0663910353172,-22.3832145905329,-10.0578338953601));
#11203=CARTESIAN_POINT('Ctrl Pts',(23.0107611783719,-22.3377994125226,-10.0362830665652));
#11204=CARTESIAN_POINT('Ctrl Pts',(22.8899160409112,-22.2595479947514,-10.0073689335062));
#11205=CARTESIAN_POINT('Ctrl Pts',(22.8247044670424,-22.2267082294121,-9.99999995655528));
#11206=CARTESIAN_POINT('Ctrl Pts',(22.7572426111212,-22.2014626546827,-9.99999995283422));
#11207=CARTESIAN_POINT('',(24.4223157249955,-22.9428010083457,-9.99999999999945));
#11208=CARTESIAN_POINT('Ctrl Pts',(24.4223157249955,-22.9428010083457,-9.99999999999946));
#11209=CARTESIAN_POINT('Ctrl Pts',(24.3584138155419,-22.9095596633455,-9.99999999999946));
#11210=CARTESIAN_POINT('Ctrl Pts',(24.2903740025449,-22.8830720907711,-10.0073689806719));
#11211=CARTESIAN_POINT('Ctrl Pts',(24.1513606856541,-22.8456270728917,-10.0362831137327));
#11212=CARTESIAN_POINT('Ctrl Pts',(24.0803869910328,-22.8346747192285,-10.0578339425289));
#11213=CARTESIAN_POINT('Ctrl Pts',(23.8714539401957,-22.8242329211448,-10.139644286716));
#11214=CARTESIAN_POINT('Ctrl Pts',(23.7373119015679,-22.8481088406003,-10.217998561119));
#11215=CARTESIAN_POINT('Ctrl Pts',(23.5447588268884,-22.9165409166181,-10.3604500313957));
#11216=CARTESIAN_POINT('Ctrl Pts',(23.4676676485144,-22.9558962798986,-10.4279628272377));
#11217=CARTESIAN_POINT('Ctrl Pts',(23.3976811937727,-23.0035907457872,-10.4999999450522));
#11218=CARTESIAN_POINT('',(25.5632143995251,-23.601499102176,-9.99999995283422));
#11219=CARTESIAN_POINT('Origin',(17.4999999999997,-36.25,-9.99999999999978));
#11220=CARTESIAN_POINT('',(26.0228861663969,-24.5192535874894,-10.4999999999999));
#11221=CARTESIAN_POINT('Ctrl Pts',(26.0228861663969,-24.5192535874894,-10.4999999999999));
#11222=CARTESIAN_POINT('Ctrl Pts',(26.0291975698692,-24.4347962686514,-10.4279628439094));
#11223=CARTESIAN_POINT('Ctrl Pts',(26.0247347270295,-24.3483556265768,-10.3604500125909));
#11224=CARTESIAN_POINT('Ctrl Pts',(25.9877220955406,-24.1473836948541,-10.2179985139373));
#11225=CARTESIAN_POINT('Ctrl Pts',(25.9413282270849,-24.0192753226807,-10.1396442395413));
#11226=CARTESIAN_POINT('Ctrl Pts',(25.827818836631,-23.8435548937449,-10.0578338953601));
#11227=CARTESIAN_POINT('Ctrl Pts',(25.7828469719797,-23.7875660487198,-10.0362830665652));
#11228=CARTESIAN_POINT('Ctrl Pts',(25.6809119752899,-23.6858994953163,-10.0073689335062));
#11229=CARTESIAN_POINT('Ctrl Pts',(25.6239532019078,-23.640219109057,-9.99999995655528));
#11230=CARTESIAN_POINT('Ctrl Pts',(25.5632143995251,-23.601499102176,-9.99999995283422));
#11231=CARTESIAN_POINT('',(27.0377687603295,-24.6728256005843,-9.99999999999945));
#11232=CARTESIAN_POINT('Ctrl Pts',(27.0377687603295,-24.6728256005843,-9.99999999999946));
#11233=CARTESIAN_POINT('Ctrl Pts',(26.9821745251592,-24.6270247046862,-9.99999999999946));
#11234=CARTESIAN_POINT('Ctrl Pts',(26.9211286213214,-24.5869696765601,-10.0073689806719));
#11235=CARTESIAN_POINT('Ctrl Pts',(26.7929383359145,-24.521440428401,-10.0362831137327));
#11236=CARTESIAN_POINT('Ctrl Pts',(26.7257927091741,-24.4959711490907,-10.0578339425289));
#11237=CARTESIAN_POINT('Ctrl Pts',(26.5235963186786,-24.4423179054806,-10.139644286716));
#11238=CARTESIAN_POINT('Ctrl Pts',(26.3874215226535,-24.4377823807503,-10.217998561119));
#11239=CARTESIAN_POINT('Ctrl Pts',(26.1848483660107,-24.4646850163916,-10.3604500313957));
#11240=CARTESIAN_POINT('Ctrl Pts',(26.101259374724,-24.4871522133176,-10.4279628272376));
#11241=CARTESIAN_POINT('Ctrl Pts',(26.022886054889,-24.5192534385551,-10.4999999450523));
#11242=CARTESIAN_POINT('',(28.0167850270743,-25.5543357331455,-9.99999995283422));
#11243=CARTESIAN_POINT('Origin',(17.4999999999997,-36.25,-9.99999999999978));
#11244=CARTESIAN_POINT('',(28.2755999761679,-26.547606215289,-10.4999999999999));
#11245=CARTESIAN_POINT('Ctrl Pts',(28.2755999761679,-26.547606215289,-10.4999999999999));
#11246=CARTESIAN_POINT('Ctrl Pts',(28.2993331242931,-26.4663067060706,-10.4279628439094));
#11247=CARTESIAN_POINT('Ctrl Pts',(28.3129398253262,-26.3808271222188,-10.3604500125909));
#11248=CARTESIAN_POINT('Ctrl Pts',(28.3185204227698,-26.1765515505948,-10.2179985139373));
#11249=CARTESIAN_POINT('Ctrl Pts',(28.2997755999176,-26.0415968260853,-10.1396442395412));
#11250=CARTESIAN_POINT('Ctrl Pts',(28.2252809934756,-25.8461163808289,-10.0578338953601));
#11251=CARTESIAN_POINT('Ctrl Pts',(28.1929326074026,-25.7820008499808,-10.0362830665652));
#11252=CARTESIAN_POINT('Ctrl Pts',(28.1143627999773,-25.6613624771791,-10.0073689335062));
#11253=CARTESIAN_POINT('Ctrl Pts',(28.0681461987972,-25.6048379220782,-9.99999995655527));
#11254=CARTESIAN_POINT('Ctrl Pts',(28.0167850270743,-25.5543357331455,-9.99999995283421));
#11255=CARTESIAN_POINT('',(29.2363755335447,-26.9088282675237,-9.99999999999945));
#11256=CARTESIAN_POINT('Ctrl Pts',(29.2363755335447,-26.9088282675236,-9.99999999999946));
#11257=CARTESIAN_POINT('Ctrl Pts',(29.1915187075054,-26.8524695396555,-9.99999999999946));
#11258=CARTESIAN_POINT('Ctrl Pts',(29.1401347117553,-26.8005976529122,-10.0073689806719));
#11259=CARTESIAN_POINT('Ctrl Pts',(29.02836998843,-26.7098481170622,-10.0362831137327));
#11260=CARTESIAN_POINT('Ctrl Pts',(28.9679870156594,-26.6709750418258,-10.0578339425289));
#11261=CARTESIAN_POINT('Ctrl Pts',(28.781364238016,-26.5764552568917,-10.139644286716));
#11262=CARTESIAN_POINT('Ctrl Pts',(28.649108176619,-26.5437065121704,-10.217998561119));
#11263=CARTESIAN_POINT('Ctrl Pts',(28.4453683570122,-26.5279039331645,-10.3604500313957));
#11264=CARTESIAN_POINT('Ctrl Pts',(28.3589347928365,-26.5325010394207,-10.4279628272376));
#11265=CARTESIAN_POINT('Ctrl Pts',(28.2755998980619,-26.5476060464255,-10.4999999450522));
#11266=CARTESIAN_POINT('',(30.0107216838067,-27.974624216068,-9.99999995283422));
#11267=CARTESIAN_POINT('Origin',(17.4999999999997,-36.25,-9.99999999999978));
#11268=CARTESIAN_POINT('',(30.0573683599149,-29.0000000087313,-10.4999999999999));
#11269=CARTESIAN_POINT('Ctrl Pts',(30.0573683599149,-29.0000000087313,-10.4999999999999));
#11270=CARTESIAN_POINT('Ctrl Pts',(30.0974860002356,-28.9254114878036,-10.4279628439094));
#11271=CARTESIAN_POINT('Ctrl Pts',(30.1285675670141,-28.8446288301654,-10.3604500125909));
#11272=CARTESIAN_POINT('Ctrl Pts',(30.1764974945033,-28.6459774413433,-10.2179985139373));
#11273=CARTESIAN_POINT('Ctrl Pts',(30.1862209559609,-28.5100745335433,-10.1396442395413));
#11274=CARTESIAN_POINT('Ctrl Pts',(30.1539969052971,-28.3033775054432,-10.0578338953601));
#11275=CARTESIAN_POINT('Ctrl Pts',(30.1356857774984,-28.2339374451307,-10.0362830665652));
#11276=CARTESIAN_POINT('Ctrl Pts',(30.083915036942,-28.0995997287093,-10.0073689335062));
#11277=CARTESIAN_POINT('Ctrl Pts',(30.0504604952074,-28.0347013990595,-9.99999995655528));
#11278=CARTESIAN_POINT('Ctrl Pts',(30.0107216838067,-27.974624216068,-9.99999995283422));
#11279=CARTESIAN_POINT('',(30.9220463785659,-29.5530849630874,-9.99999999999945));
#11280=CARTESIAN_POINT('Ctrl Pts',(30.9220463785659,-29.5530849630873,-9.99999999999946));
#11281=CARTESIAN_POINT('Ctrl Pts',(30.8898874202024,-29.4886315500961,-9.99999999999946));
#11282=CARTESIAN_POINT('Ctrl Pts',(30.850411059722,-29.4272098550953,-10.0073689806719));
#11283=CARTESIAN_POINT('Ctrl Pts',(30.7599565531942,-29.3152062217355,-10.0362831137327));
#11284=CARTESIAN_POINT('Ctrl Pts',(30.7089752600532,-29.2646282904945,-10.0578339425289));
#11285=CARTESIAN_POINT('Ctrl Pts',(30.5460824061604,-29.1333729323945,-10.139644286716));
#11286=CARTESIAN_POINT('Ctrl Pts',(30.4235253039096,-29.0738422449724,-10.217998561119));
#11287=CARTESIAN_POINT('Ctrl Pts',(30.2275232291076,-29.0160250998509,-10.3604500313957));
#11288=CARTESIAN_POINT('Ctrl Pts',(30.1420226535518,-29.0025511998346,-10.4279628272377));
#11289=CARTESIAN_POINT('Ctrl Pts',(30.0573683186244,-28.9999998273187,-10.4999999450522));
#11290=CARTESIAN_POINT('',(31.4578797698536,-30.756586330407,-9.99999995283422));
#11291=CARTESIAN_POINT('Origin',(17.4999999999997,-36.25,-9.99999999999978));
#11292=CARTESIAN_POINT('',(31.2903194893948,-31.7692535911518,-10.4999999999999));
#11293=CARTESIAN_POINT('Ctrl Pts',(31.2903194893948,-31.7692535911518,-10.4999999999999));
#11294=CARTESIAN_POINT('Ctrl Pts',(31.3450682885233,-31.7046359347948,-10.4279628439094));
#11295=CARTESIAN_POINT('Ctrl Pts',(31.3922663074329,-31.6320807931473,-10.3604500125909));
#11296=CARTESIAN_POINT('Ctrl Pts',(31.4804507971432,-31.4477356060535,-10.2179985139373));
#11297=CARTESIAN_POINT('Ctrl Pts',(31.5182175809865,-31.3168241241685,-10.1396442395413));
#11298=CARTESIAN_POINT('Ctrl Pts',(31.5296724317431,-31.1079441651951,-10.0578338953601));
#11299=CARTESIAN_POINT('Ctrl Pts',(31.5261988463702,-31.0362144392642,-10.0362830665652));
#11300=CARTESIAN_POINT('Ctrl Pts',(31.5034898024685,-30.8940485820545,-10.0073689335062));
#11301=CARTESIAN_POINT('Ctrl Pts',(31.4842594441858,-30.8236128462784,-9.99999995655528));
#11302=CARTESIAN_POINT('Ctrl Pts',(31.4578797698535,-30.756586330407,-9.99999995283422));
#11303=CARTESIAN_POINT('',(32.0211093907195,-32.4900289811278,-9.99999999999945));
#11304=CARTESIAN_POINT('Ctrl Pts',(32.0211093907195,-32.4900289811278,-9.99999999999945));
#11305=CARTESIAN_POINT('Ctrl Pts',(32.0030538008282,-32.4202978064431,-9.99999999999945));
#11306=CARTESIAN_POINT('Ctrl Pts',(31.9772103819991,-32.3520107259902,-10.0073689806719));
#11307=CARTESIAN_POINT('Ctrl Pts',(31.9120193882529,-32.2236480913516,-10.0362831137327));
#11308=CARTESIAN_POINT('Ctrl Pts',(31.872667901887,-32.1635758024011,-10.0578339425289));
#11309=CARTESIAN_POINT('Ctrl Pts',(31.7406241711066,-32.0013213601171,-10.139644286716));
#11310=CARTESIAN_POINT('Ctrl Pts',(31.6331223614645,-31.9176105066944,-10.217998561119));
#11311=CARTESIAN_POINT('Ctrl Pts',(31.4534242626586,-31.8203056821368,-10.3604500313957));
#11312=CARTESIAN_POINT('Ctrl Pts',(31.3725934611516,-31.7893496499336,-10.4279628272376));
#11313=CARTESIAN_POINT('Ctrl Pts',(31.2903194867244,-31.7692534051187,-10.4999999450522));
#11314=CARTESIAN_POINT('',(32.2950115326197,-33.7786369824306,-9.99999995283422));
#11315=CARTESIAN_POINT('Origin',(17.4999999999997,-36.25,-9.99999999999978));
#11316=CARTESIAN_POINT('',(31.9205674838934,-34.7343372926457,-10.4999999999999));
#11317=CARTESIAN_POINT('Ctrl Pts',(31.9205674838934,-34.7343372926457,-10.4999999999999));
#11318=CARTESIAN_POINT('Ctrl Pts',(31.9875546565938,-34.6825146025121,-10.4279628439094));
#11319=CARTESIAN_POINT('Ctrl Pts',(32.0488063477272,-34.6213579847035,-10.3604500125909));
#11320=CARTESIAN_POINT('Ctrl Pts',(32.173391314302,-34.4593757686004,-10.2179985139373));
#11321=CARTESIAN_POINT('Ctrl Pts',(32.2375508308519,-34.3391771725717,-10.1396442395412));
#11322=CARTESIAN_POINT('Ctrl Pts',(32.2921839510843,-34.1372433392494,-10.0578338953601));
#11323=CARTESIAN_POINT('Ctrl Pts',(32.3036997204861,-34.0663588809207,-10.0362830665652));
#11324=CARTESIAN_POINT('Ctrl Pts',(32.3110448674277,-33.9225782130703,-10.0073689335062));
#11325=CARTESIAN_POINT('Ctrl Pts',(32.3068791515314,-33.8496834508095,-9.99999995655527));
#11326=CARTESIAN_POINT('Ctrl Pts',(32.2950115326197,-33.7786369824306,-9.99999995283421));
#11327=CARTESIAN_POINT('',(32.4855302424849,-35.5913017750357,-9.99999999999945));
#11328=CARTESIAN_POINT('Ctrl Pts',(32.4855302424849,-35.5913017750357,-9.99999999999945));
#11329=CARTESIAN_POINT('Ctrl Pts',(32.4823671369843,-35.5193404255985,-9.99999999999945));
#11330=CARTESIAN_POINT('Ctrl Pts',(32.4712861412198,-35.4471724327871,-10.0073689806719));
#11331=CARTESIAN_POINT('Ctrl Pts',(32.434207819503,-35.3080608599556,-10.0362831137327));
#11332=CARTESIAN_POINT('Ctrl Pts',(32.408205988696,-35.2411196605816,-10.0578339425289));
#11333=CARTESIAN_POINT('Ctrl Pts',(32.3127823256791,-35.0549574318246,-10.139644286716));
#11334=CARTESIAN_POINT('Ctrl Pts',(32.2250341535781,-34.9507249783852,-10.2179985611189));
#11335=CARTESIAN_POINT('Ctrl Pts',(32.0694936999732,-34.8181851621449,-10.3604500313957));
#11336=CARTESIAN_POINT('Ctrl Pts',(31.9968653664101,-34.7710999249056,-10.4279628272376));
#11337=CARTESIAN_POINT('Ctrl Pts',(31.9205675199598,-34.7343371101227,-10.4999999450522));
#11338=CARTESIAN_POINT('',(32.4855302970682,-36.9086980572375,-9.99999995283422));
#11339=CARTESIAN_POINT('Origin',(17.4999999999997,-36.25,-9.99999999999978));
#11340=CARTESIAN_POINT('',(31.9205674817857,-37.7656627274076,-10.4999999999999));
#11341=CARTESIAN_POINT('Ctrl Pts',(31.9205674817857,-37.7656627274076,-10.4999999999999));
#11342=CARTESIAN_POINT('Ctrl Pts',(31.996865367171,-37.7288999037292,-10.4279628439094));
#11343=CARTESIAN_POINT('Ctrl Pts',(32.0694937377072,-37.6818146474196,-10.3604500125909));
#11344=CARTESIAN_POINT('Ctrl Pts',(32.2250342202823,-37.5492748024279,-10.2179985139373));
#11345=CARTESIAN_POINT('Ctrl Pts',(32.3127823907941,-37.4450423476788,-10.1396442395413));
#11346=CARTESIAN_POINT('Ctrl Pts',(32.4082060509894,-37.2588801175097,-10.0578338953601));
#11347=CARTESIAN_POINT('Ctrl Pts',(32.4342078807841,-37.1919389177536,-10.0362830665652));
#11348=CARTESIAN_POINT('Ctrl Pts',(32.4712862004018,-37.0528273443838,-10.0073689335062));
#11349=CARTESIAN_POINT('Ctrl Pts',(32.4823671886659,-36.9806594065368,-9.99999995655528));
#11350=CARTESIAN_POINT('Ctrl Pts',(32.4855302970682,-36.9086980572375,-9.99999995283422));
#11351=CARTESIAN_POINT('',(32.2950115141015,-38.7213628421594,-9.99999999999945));
#11352=CARTESIAN_POINT('Ctrl Pts',(32.2950115141015,-38.7213628421594,-9.99999999999946));
#11353=CARTESIAN_POINT('Ctrl Pts',(32.3068791358802,-38.6503163742489,-9.99999999999946));
#11354=CARTESIAN_POINT('Ctrl Pts',(32.3110448558678,-38.5774215566653,-10.0073689806719));
#11355=CARTESIAN_POINT('Ctrl Pts',(32.303699706761,-38.4336408889051,-10.0362831137327));
#11356=CARTESIAN_POINT('Ctrl Pts',(32.2921839362896,-38.3627564307397,-10.0578339425289));
#11357=CARTESIAN_POINT('Ctrl Pts',(32.2375508130037,-38.1608225982119,-10.139644286716));
#11358=CARTESIAN_POINT('Ctrl Pts',(32.173391294627,-38.0406240031339,-10.217998561119));
#11359=CARTESIAN_POINT('Ctrl Pts',(32.0488063504115,-37.8786418211771,-10.3604500313957));
#11360=CARTESIAN_POINT('Ctrl Pts',(31.9875546914784,-37.8174852297091,-10.4279628272376));
#11361=CARTESIAN_POINT('Ctrl Pts',(31.9205675550126,-37.7656625563718,-10.4999999450522));
#11362=CARTESIAN_POINT('',(32.0211094789824,-40.0099708661591,-9.99999995283422));
#11363=CARTESIAN_POINT('Origin',(17.4999999999997,-36.25,-9.99999999999978));
#11364=CARTESIAN_POINT('',(31.2903194831638,-40.7307464280252,-10.4999999999999));
#11365=CARTESIAN_POINT('Ctrl Pts',(31.2903194831638,-40.7307464280252,-10.4999999999999));
#11366=CARTESIAN_POINT('Ctrl Pts',(31.3725934975247,-40.7106501826041,-10.4279628439094));
#11367=CARTESIAN_POINT('Ctrl Pts',(31.4534243391619,-40.6796941394345,-10.3604500125909));
#11368=CARTESIAN_POINT('Ctrl Pts',(31.6331224722826,-40.5823892927771,-10.2179985139373));
#11369=CARTESIAN_POINT('Ctrl Pts',(31.7406242806425,-40.4986784377429,-10.1396442395413));
#11370=CARTESIAN_POINT('Ctrl Pts',(31.8726680089566,-40.336423993491,-10.0578338953601));
#11371=CARTESIAN_POINT('Ctrl Pts',(31.9120194944116,-40.2763517039563,-10.0362830665652));
#11372=CARTESIAN_POINT('Ctrl Pts',(31.9772104862165,-40.1479890683547,-10.0073689335062));
#11373=CARTESIAN_POINT('Ctrl Pts',(32.0030538862815,-40.0797020401057,-9.99999995655528));
#11374=CARTESIAN_POINT('Ctrl Pts',(32.0211094789824,-40.0099708661591,-9.99999995283422));
#11375=CARTESIAN_POINT('',(31.4578797882099,-41.743413494166,-9.99999999999945));
#11376=CARTESIAN_POINT('Ctrl Pts',(31.4578797882098,-41.743413494166,-9.99999999999946));
#11377=CARTESIAN_POINT('Ctrl Pts',(31.484259465249,-41.6763869793487,-9.99999999999946));
#11378=CARTESIAN_POINT('Ctrl Pts',(31.5034898390358,-41.6059511903095,-10.0073689806719));
#11379=CARTESIAN_POINT('Ctrl Pts',(31.5261988808009,-41.4637853327378,-10.0362831137327));
#11380=CARTESIAN_POINT('Ctrl Pts',(31.5296724650936,-41.3920556067443,-10.0578339425289));
#11381=CARTESIAN_POINT('Ctrl Pts',(31.518217611185,-41.1831756479132,-10.139644286716));
#11382=CARTESIAN_POINT('Ctrl Pts',(31.4804508253572,-41.0522641665783,-10.217998561119));
#11383=CARTESIAN_POINT('Ctrl Pts',(31.3922663504183,-40.8679190175334,-10.3604500313957));
#11384=CARTESIAN_POINT('Ctrl Pts',(31.3450683575287,-40.7953639083458,-10.4279628272377));
#11385=CARTESIAN_POINT('Ctrl Pts',(31.2903195903509,-40.7307462759516,-10.4999999450523));
#11386=CARTESIAN_POINT('',(30.9220464966509,-42.9469149058877,-9.99999995283422));
#11387=CARTESIAN_POINT('Origin',(17.4999999999997,-36.25,-9.99999999999978));
#11388=CARTESIAN_POINT('',(30.057368349833,-43.5000000087311,-10.4999999999999));
#11389=CARTESIAN_POINT('Ctrl Pts',(30.057368349833,-43.5000000087311,-10.4999999999999));
#11390=CARTESIAN_POINT('Ctrl Pts',(30.1420227239474,-43.4974486439249,-10.4279628439094));
#11391=CARTESIAN_POINT('Ctrl Pts',(30.2275233410365,-43.4839747415254,-10.3604500125909));
#11392=CARTESIAN_POINT('Ctrl Pts',(30.4235254539982,-43.4261575819215,-10.2179985139373));
#11393=CARTESIAN_POINT('Ctrl Pts',(30.5460825553299,-43.3666268926565,-10.1396442395412));
#11394=CARTESIAN_POINT('Ctrl Pts',(30.7089754072194,-43.2353715321188,-10.0578338953601));
#11395=CARTESIAN_POINT('Ctrl Pts',(30.7599566995911,-43.184793600117,-10.0362830665652));
#11396=CARTESIAN_POINT('Ctrl Pts',(30.8504112044202,-43.0727899654117,-10.0073689335062));
#11397=CARTESIAN_POINT('Ctrl Pts',(30.8898875356927,-43.0113683175727,-9.99999995655528));
#11398=CARTESIAN_POINT('Ctrl Pts',(30.9220464966509,-42.9469149058876,-9.99999995283422));
#11399=CARTESIAN_POINT('',(30.0107217382352,-44.5253756161549,-9.99999999999945));
#11400=CARTESIAN_POINT('Ctrl Pts',(30.0107217382352,-44.525375616155,-9.99999999999946));
#11401=CARTESIAN_POINT('Ctrl Pts',(30.0504605520644,-44.4652984347573,-9.99999999999946));
#11402=CARTESIAN_POINT('Ctrl Pts',(30.0839151200385,-44.4004000562319,-10.0073689806719));
#11403=CARTESIAN_POINT('Ctrl Pts',(30.1356858585803,-44.2660623390121,-10.0362831137327));
#11404=CARTESIAN_POINT('Ctrl Pts',(30.1539969853353,-44.1966222784137,-10.0578339425289));
#11405=CARTESIAN_POINT('Ctrl Pts',(30.1862210328864,-43.9899252497976,-10.139644286716));
#11406=CARTESIAN_POINT('Ctrl Pts',(30.1764975693733,-43.8540223421231,-10.217998561119));
#11407=CARTESIAN_POINT('Ctrl Pts',(30.1285676484218,-43.6553709935895,-10.3604500313957));
#11408=CARTESIAN_POINT('Ctrl Pts',(30.097486100346,-43.5745883731117,-10.4279628272377));
#11409=CARTESIAN_POINT('Ctrl Pts',(30.0573684862957,-43.4999998822662,-10.4999999450522));
#11410=CARTESIAN_POINT('',(29.2363756762909,-45.5911716288658,-9.99999995283422));
#11411=CARTESIAN_POINT('Origin',(17.4999999999997,-36.25,-9.99999999999978));
#11412=CARTESIAN_POINT('',(28.2755999626757,-45.9523937996957,-10.4999999999999));
#11413=CARTESIAN_POINT('Ctrl Pts',(28.2755999626757,-45.9523937996957,-10.4999999999999));
#11414=CARTESIAN_POINT('Ctrl Pts',(28.3589348941781,-45.9674988223891,-10.4279628439094));
#11415=CARTESIAN_POINT('Ctrl Pts',(28.4453684994749,-45.9720959349495,-10.3604500125909));
#11416=CARTESIAN_POINT('Ctrl Pts',(28.6491083594186,-45.9562933497114,-10.2179985139373));
#11417=CARTESIAN_POINT('Ctrl Pts',(28.7813644202997,-45.9235446029965,-10.1396442395413));
#11418=CARTESIAN_POINT('Ctrl Pts',(28.9679871964905,-45.8290248152615,-10.0578338953601));
#11419=CARTESIAN_POINT('Ctrl Pts',(29.0283701686666,-45.7901517391209,-10.0362830665652));
#11420=CARTESIAN_POINT('Ctrl Pts',(29.1401348906102,-45.6994022016015,-10.0073689335062));
#11421=CARTESIAN_POINT('Ctrl Pts',(29.1915188479852,-45.6475303549168,-9.99999995655528));
#11422=CARTESIAN_POINT('Ctrl Pts',(29.2363756762909,-45.5911716288658,-9.99999995283422));
#11423=CARTESIAN_POINT('',(28.0167851151962,-46.94566411406,-9.99999999999945));
#11424=CARTESIAN_POINT('Ctrl Pts',(28.0167851151962,-46.9456641140601,-9.99999999999945));
#11425=CARTESIAN_POINT('Ctrl Pts',(28.0681462889632,-46.8951619271915,-9.99999999999945));
#11426=CARTESIAN_POINT('Ctrl Pts',(28.1143629259712,-46.8386373297383,-10.0073689806719));
#11427=CARTESIAN_POINT('Ctrl Pts',(28.1929327315918,-46.7179989557369,-10.0362831137327));
#11428=CARTESIAN_POINT('Ctrl Pts',(28.2252811167035,-46.6538834243922,-10.0578339425289));
#11429=CARTESIAN_POINT('Ctrl Pts',(28.2997757202081,-46.4584029779838,-10.139644286716));
#11430=CARTESIAN_POINT('Ctrl Pts',(28.3185205410236,-46.3234482531697,-10.217998561119));
#11431=CARTESIAN_POINT('Ctrl Pts',(28.3129399415983,-46.1191727223132,-10.3604500313957));
#11432=CARTESIAN_POINT('Ctrl Pts',(28.2993332511331,-46.0336931786982,-10.4279628272376));
#11433=CARTESIAN_POINT('Ctrl Pts',(28.2756001224499,-45.9523937043665,-10.4999999450522));
#11434=CARTESIAN_POINT('',(27.0377689214982,-47.8271743277479,-9.99999995283422));
#11435=CARTESIAN_POINT('Origin',(17.4999999999997,-36.25,-9.99999999999978));
#11436=CARTESIAN_POINT('',(26.0228861500841,-47.9807464243626,-10.4999999999999));
#11437=CARTESIAN_POINT('Ctrl Pts',(26.0228861500841,-47.9807464243626,-10.4999999999999));
#11438=CARTESIAN_POINT('Ctrl Pts',(26.1012595025824,-48.0128476725821,-10.4279628439094));
#11439=CARTESIAN_POINT('Ctrl Pts',(26.1848485327809,-48.035314884224,-10.3604500125909));
#11440=CARTESIAN_POINT('Ctrl Pts',(26.3874217301749,-48.0622175221559,-10.2179985139373));
#11441=CARTESIAN_POINT('Ctrl Pts',(26.5235965261099,-48.0576819953683,-10.1396442395413));
#11442=CARTESIAN_POINT('Ctrl Pts',(26.7257929157669,-48.0040287487164,-10.0578338953601));
#11443=CARTESIAN_POINT('Ctrl Pts',(26.7929385421139,-47.9785594683981,-10.0362830665652));
#11444=CARTESIAN_POINT('Ctrl Pts',(26.9211288265162,-47.9130302183189,-10.0073689335062));
#11445=CARTESIAN_POINT('Ctrl Pts',(26.9821746844888,-47.8729752213974,-9.99999995655528));
#11446=CARTESIAN_POINT('Ctrl Pts',(27.0377689214982,-47.8271743277479,-9.99999995283422));
#11447=CARTESIAN_POINT('',(25.5632145174891,-48.89850076669,-9.99999999999945));
#11448=CARTESIAN_POINT('Ctrl Pts',(25.5632145174891,-48.89850076669,-9.99999999999946));
#11449=CARTESIAN_POINT('Ctrl Pts',(25.623953321442,-48.859780762253,-9.99999999999946));
#11450=CARTESIAN_POINT('Ctrl Pts',(25.6809121386746,-48.814100342016,-10.0073689806719));
#11451=CARTESIAN_POINT('Ctrl Pts',(25.7828471338487,-48.7124337870639,-10.0362831137327));
#11452=CARTESIAN_POINT('Ctrl Pts',(25.8278189976629,-48.6564449413531,-10.0578339425289));
#11453=CARTESIAN_POINT('Ctrl Pts',(25.9413283854831,-48.4807245106798,-10.139644286716));
#11454=CARTESIAN_POINT('Ctrl Pts',(25.9877222520099,-48.352616137785,-10.217998561119));
#11455=CARTESIAN_POINT('Ctrl Pts',(26.0247348730845,-48.1516442455268,-10.3604500313957));
#11456=CARTESIAN_POINT('Ctrl Pts',(26.0291977178954,-48.065203645007,-10.4279628272377));
#11457=CARTESIAN_POINT('Ctrl Pts',(26.0228863261868,-47.9807463643355,-10.4999999450522));
#11458=CARTESIAN_POINT('',(24.4223158975429,-49.5571989550614,-9.99999995283422));
#11459=CARTESIAN_POINT('Origin',(17.4999999999997,-36.25,-9.99999999999978));
#11460=CARTESIAN_POINT('',(23.3976813153885,-49.4964091399183,-10.4999999999999));
#11461=CARTESIAN_POINT('Ctrl Pts',(23.3976813153885,-49.4964091399183,-10.4999999999999));
#11462=CARTESIAN_POINT('Ctrl Pts',(23.4676677973016,-49.5441036350777,-10.4279628439094));
#11463=CARTESIAN_POINT('Ctrl Pts',(23.5447590106774,-49.5834590208428,-10.3604500125909));
#11464=CARTESIAN_POINT('Ctrl Pts',(23.7373121247414,-49.6518911075738,-10.2179985139373));
#11465=CARTESIAN_POINT('Ctrl Pts',(23.8714541637089,-49.6757670249981,-10.1396442395412));
#11466=CARTESIAN_POINT('Ctrl Pts',(24.0803872143581,-49.6653252237648,-10.0578338953601));
#11467=CARTESIAN_POINT('Ctrl Pts',(24.1513609088041,-49.6543728690338,-10.0362830665652));
#11468=CARTESIAN_POINT('Ctrl Pts',(24.2903742251116,-49.6169278490675,-10.0073689335062));
#11469=CARTESIAN_POINT('Ctrl Pts',(24.3584139867579,-49.5904402974798,-9.99999995655527));
#11470=CARTESIAN_POINT('Ctrl Pts',(24.4223158975429,-49.5571989550614,-9.99999995283422));
#11471=CARTESIAN_POINT('',(22.7572427537717,-50.2985372415751,-9.99999999999945));
#11472=CARTESIAN_POINT('Ctrl Pts',(22.7572427537717,-50.2985372415751,-9.99999999999946));
#11473=CARTESIAN_POINT('Ctrl Pts',(22.8247046107207,-50.2732916695627,-9.99999999999946));
#11474=CARTESIAN_POINT('Ctrl Pts',(22.8899162345461,-50.2404518801052,-10.0073689806719));
#11475=CARTESIAN_POINT('Ctrl Pts',(23.0107613708461,-50.162200460504,-10.0362831137327));
#11476=CARTESIAN_POINT('Ctrl Pts',(23.0663912271152,-50.116785281649,-10.0578339425289));
#11477=CARTESIAN_POINT('Ctrl Pts',(23.2139544943248,-49.9685046927314,-10.139644286716));
#11478=CARTESIAN_POINT('Ctrl Pts',(23.2859697719732,-49.8528416223836,-10.217998561119));
#11479=CARTESIAN_POINT('Ctrl Pts',(23.3639579844005,-49.6639568047855,-10.3604500313957));
#11480=CARTESIAN_POINT('Ctrl Pts',(23.3862953167541,-49.5803330163915,-10.4279628272377));
#11481=CARTESIAN_POINT('Ctrl Pts',(23.3976815001233,-49.4964091178167,-10.4999999450523));
#11482=CARTESIAN_POINT('',(21.5043244519079,-50.7056351330136,-9.99999995283422));
#11483=CARTESIAN_POINT('Origin',(17.4999999999997,-36.25,-9.99999999999978));
#11484=CARTESIAN_POINT('',(20.5147195069956,-50.4331402127362,-10.4999999999999));
#11485=CARTESIAN_POINT('Ctrl Pts',(20.5147195069956,-50.4331402127362,-10.4999999999999));
#11486=CARTESIAN_POINT('Ctrl Pts',(20.5732603732314,-50.4943434765336,-10.4279628439094));
#11487=CARTESIAN_POINT('Ctrl Pts',(20.6404845138354,-50.5488670172158,-10.3604500125909));
#11488=CARTESIAN_POINT('Ctrl Pts',(20.8146020495125,-50.6558377421822,-10.2179985139373));
#11489=CARTESIAN_POINT('Ctrl Pts',(20.9408486807246,-50.7070816116576,-10.1396442395412));
#11490=CARTESIAN_POINT('Ctrl Pts',(21.1473870154807,-50.7403076126621,-10.0578338953601));
#11491=CARTESIAN_POINT('Ctrl Pts',(21.2190868870088,-50.7443508539754,-10.0362830665652));
#11492=CARTESIAN_POINT('Ctrl Pts',(21.362847686239,-50.7366265911756,-10.0073689335062));
#11493=CARTESIAN_POINT('Ctrl Pts',(21.434907687484,-50.7248641180275,-9.99999995655527));
#11494=CARTESIAN_POINT('Ctrl Pts',(21.5043244519079,-50.7056351330136,-9.99999995283421));
#11495=CARTESIAN_POINT('',(19.7215042546648,-51.0845852266423,-9.99999999999945));
#11496=CARTESIAN_POINT('Ctrl Pts',(19.7215042546648,-51.0845852266423,-9.99999999999947));
#11497=CARTESIAN_POINT('Ctrl Pts',(19.7927407577433,-51.0739174396932,-9.99999999999947));
#11498=CARTESIAN_POINT('Ctrl Pts',(19.8633551272803,-51.0553535373973,-10.0073689806719));
#11499=CARTESIAN_POINT('Ctrl Pts',(19.9978288923707,-51.0039372156756,-10.0362831137327));
#11500=CARTESIAN_POINT('Ctrl Pts',(20.061685449434,-50.9710805649185,-10.0578339425289));
#11501=CARTESIAN_POINT('Ctrl Pts',(20.2368533731688,-50.8567203910215,-10.139644286716));
#11502=CARTESIAN_POINT('Ctrl Pts',(20.331342648738,-50.7585576544079,-10.217998561119));
#11503=CARTESIAN_POINT('Ctrl Pts',(20.4468979934058,-50.5900150843689,-10.3604500313957));
#11504=CARTESIAN_POINT('Ctrl Pts',(20.4861335646919,-50.5128628689251,-10.4279628272376));
#11505=CARTESIAN_POINT('Ctrl Pts',(20.5147196922887,-50.4331402295262,-10.4999999450523));
#11506=CARTESIAN_POINT('',(18.4113248128439,-51.2222906898197,-9.99999995283422));
#11507=CARTESIAN_POINT('Origin',(17.4999999999997,-36.25,-9.99999999999978));
#11508=CARTESIAN_POINT('',(17.4999999899178,-50.7499999999999,-10.4999999999999));
#11509=CARTESIAN_POINT('Ctrl Pts',(18.4113248128439,-51.2222906898197,-9.99999995283422));
#11510=CARTESIAN_POINT('Ctrl Pts',(18.3394270404851,-51.2266669185131,-9.99999995655527));
#11511=CARTESIAN_POINT('Ctrl Pts',(18.2664961674779,-51.2231902367024,-10.0073689335062));
#11512=CARTESIAN_POINT('Ctrl Pts',(18.1242709220923,-51.2008561549863,-10.0362830665652));
#11513=CARTESIAN_POINT('Ctrl Pts',(18.0549785019221,-51.1819940266756,-10.0578338953601));
#11514=CARTESIAN_POINT('Ctrl Pts',(17.8598615993688,-51.1065523591132,-10.1396442395413));
#11515=CARTESIAN_POINT('Ctrl Pts',(17.7470279594946,-51.0301801405783,-10.2179985139373));
#11516=CARTESIAN_POINT('Ctrl Pts',(17.5989557740222,-50.8893459113599,-10.3604500125909));
#11517=CARTESIAN_POINT('Ctrl Pts',(17.5445367237115,-50.8220371561213,-10.4279628439094));
#11518=CARTESIAN_POINT('Ctrl Pts',(17.4999999899178,-50.7499999999999,-10.4999999999999));
#11519=CARTESIAN_POINT('',(16.588675359669,-51.2222906530676,-9.99999999999945));
#11520=CARTESIAN_POINT('Ctrl Pts',(17.500000167671,-50.7500000549475,-10.4999999450522));
#11521=CARTESIAN_POINT('Ctrl Pts',(17.455463446794,-50.8220371732771,-10.4279628272376));
#11522=CARTESIAN_POINT('Ctrl Pts',(17.4010444193139,-50.8893458937386,-10.3604500313957));
#11523=CARTESIAN_POINT('Ctrl Pts',(17.2529722654634,-51.0301800971508,-10.217998561119));
#11524=CARTESIAN_POINT('Ctrl Pts',(17.1401386267257,-51.1065523174031,-10.139644286716));
#11525=CARTESIAN_POINT('Ctrl Pts',(16.9450217252819,-51.1819939879192,-10.0578339425289));
#11526=CARTESIAN_POINT('Ctrl Pts',(16.8757293053858,-51.2008561172766,-10.0362831137327));
#11527=CARTESIAN_POINT('Ctrl Pts',(16.7335040603162,-51.2231902011366,-10.0073689806719));
#11528=CARTESIAN_POINT('Ctrl Pts',(16.6605731318617,-51.2266668846612,-9.99999999999945));
#11529=CARTESIAN_POINT('Ctrl Pts',(16.588675359669,-51.2222906530676,-9.99999999999945));
#11530=CARTESIAN_POINT('Origin',(17.4999999999997,-36.25,-9.99999999999978));
#11531=CARTESIAN_POINT('',(12.2427573888782,-50.2985373453173,-9.99999995283422));
#11532=CARTESIAN_POINT('Origin',(17.4999999999997,-36.25,-9.99999999999978));
#11533=CARTESIAN_POINT('',(11.6023186661904,-49.4964091317169,-10.4999999999999));
#11534=CARTESIAN_POINT('Ctrl Pts',(11.6023186661904,-49.4964091317169,-10.4999999999999));
#11535=CARTESIAN_POINT('Ctrl Pts',(11.6137048459883,-49.58033307007,-10.4279628439094));
#11536=CARTESIAN_POINT('Ctrl Pts',(11.6360421850534,-49.6639568995205,-10.3604500125909));
#11537=CARTESIAN_POINT('Ctrl Pts',(11.7140304158726,-49.8528417535555,-10.2179985139373));
#11538=CARTESIAN_POINT('Ctrl Pts',(11.7860456952577,-49.9685048227966,-10.1396442395412));
#11539=CARTESIAN_POINT('Ctrl Pts',(11.9336089646822,-50.1167854094671,-10.0578338953601));
#11540=CARTESIAN_POINT('Ctrl Pts',(11.9892388216275,-50.1622005874774,-10.0362830665652));
#11541=CARTESIAN_POINT('Ctrl Pts',(12.1100839590882,-50.2404520052486,-10.0073689335062));
#11542=CARTESIAN_POINT('Ctrl Pts',(12.1752955329571,-50.2732917705879,-9.99999995655527));
#11543=CARTESIAN_POINT('Ctrl Pts',(12.2427573888782,-50.2985373453173,-9.99999995283421));
#11544=CARTESIAN_POINT('',(10.5776842750039,-49.5571989916543,-9.99999999999945));
#11545=CARTESIAN_POINT('Ctrl Pts',(10.5776842750039,-49.5571989916543,-9.99999999999946));
#11546=CARTESIAN_POINT('Ctrl Pts',(10.6415861844575,-49.5904403366545,-9.99999999999946));
#11547=CARTESIAN_POINT('Ctrl Pts',(10.7096259974546,-49.616927909229,-10.0073689806719));
#11548=CARTESIAN_POINT('Ctrl Pts',(10.8486393143454,-49.6543729271083,-10.0362831137327));
#11549=CARTESIAN_POINT('Ctrl Pts',(10.9196130089666,-49.6653252807715,-10.0578339425289));
#11550=CARTESIAN_POINT('Ctrl Pts',(11.1285460598037,-49.6757670788552,-10.139644286716));
#11551=CARTESIAN_POINT('Ctrl Pts',(11.2626880984315,-49.6518911593998,-10.2179985611189));
#11552=CARTESIAN_POINT('Ctrl Pts',(11.455241173111,-49.583459083382,-10.3604500313957));
#11553=CARTESIAN_POINT('Ctrl Pts',(11.532332351485,-49.5441037201014,-10.4279628272376));
#11554=CARTESIAN_POINT('Ctrl Pts',(11.6023188062268,-49.4964092542128,-10.4999999450522));
#11555=CARTESIAN_POINT('',(9.43678560047435,-48.898500897824,-9.99999995283422));
#11556=CARTESIAN_POINT('Origin',(17.4999999999997,-36.25,-9.99999999999978));
#11557=CARTESIAN_POINT('',(8.97711383360251,-47.9807464125106,-10.4999999999999));
#11558=CARTESIAN_POINT('Ctrl Pts',(8.97711383360251,-47.9807464125106,-10.4999999999999));
#11559=CARTESIAN_POINT('Ctrl Pts',(8.97080243013028,-48.0652037313486,-10.4279628439094));
#11560=CARTESIAN_POINT('Ctrl Pts',(8.97526527296992,-48.1516443734232,-10.3604500125909));
#11561=CARTESIAN_POINT('Ctrl Pts',(9.01227790445888,-48.3526163051459,-10.2179985139373));
#11562=CARTESIAN_POINT('Ctrl Pts',(9.05867177291452,-48.4807246773193,-10.1396442395413));
#11563=CARTESIAN_POINT('Ctrl Pts',(9.17218116336843,-48.6564451062551,-10.0578338953601));
#11564=CARTESIAN_POINT('Ctrl Pts',(9.2171530280197,-48.7124339512802,-10.0362830665652));
#11565=CARTESIAN_POINT('Ctrl Pts',(9.31908802470954,-48.8141005046837,-10.0073689335062));
#11566=CARTESIAN_POINT('Ctrl Pts',(9.37604679809167,-48.859780890943,-9.99999995655528));
#11567=CARTESIAN_POINT('Ctrl Pts',(9.43678560047435,-48.898500897824,-9.99999995283422));
#11568=CARTESIAN_POINT('',(7.96223123966993,-47.8271743994157,-9.99999999999945));
#11569=CARTESIAN_POINT('Ctrl Pts',(7.96223123966993,-47.8271743994157,-9.99999999999946));
#11570=CARTESIAN_POINT('Ctrl Pts',(8.01782547484023,-47.8729752953138,-9.99999999999946));
#11571=CARTESIAN_POINT('Ctrl Pts',(8.07887137867806,-47.9130303234399,-10.0073689806719));
#11572=CARTESIAN_POINT('Ctrl Pts',(8.20706166408489,-47.978559571599,-10.0362831137327));
#11573=CARTESIAN_POINT('Ctrl Pts',(8.2742072908253,-48.0040288509093,-10.0578339425289));
#11574=CARTESIAN_POINT('Ctrl Pts',(8.47640368132083,-48.0576820945195,-10.139644286716));
#11575=CARTESIAN_POINT('Ctrl Pts',(8.61257847734597,-48.0622176192497,-10.217998561119));
#11576=CARTESIAN_POINT('Ctrl Pts',(8.81515163398871,-48.0353149836084,-10.3604500313957));
#11577=CARTESIAN_POINT('Ctrl Pts',(8.89874062527539,-48.0128477866824,-10.4279628272377));
#11578=CARTESIAN_POINT('Ctrl Pts',(8.97711394511041,-47.9807465614449,-10.4999999450522));
#11579=CARTESIAN_POINT('',(6.98321497292518,-46.9456642668545,-9.99999995283422));
#11580=CARTESIAN_POINT('Origin',(17.4999999999997,-36.25,-9.99999999999978));
#11581=CARTESIAN_POINT('',(6.72440002383149,-45.952393784711,-10.4999999999999));
#11582=CARTESIAN_POINT('Ctrl Pts',(6.72440002383149,-45.952393784711,-10.4999999999999));
#11583=CARTESIAN_POINT('Ctrl Pts',(6.70066687570634,-46.0336932939294,-10.4279628439094));
#11584=CARTESIAN_POINT('Ctrl Pts',(6.68706017467328,-46.1191728777813,-10.3604500125909));
#11585=CARTESIAN_POINT('Ctrl Pts',(6.68147957722966,-46.3234484494052,-10.2179985139373));
#11586=CARTESIAN_POINT('Ctrl Pts',(6.70022440008182,-46.4584031739147,-10.1396442395413));
#11587=CARTESIAN_POINT('Ctrl Pts',(6.77471900652383,-46.6538836191711,-10.0578338953601));
#11588=CARTESIAN_POINT('Ctrl Pts',(6.80706739259687,-46.7179991500192,-10.0362830665652));
#11589=CARTESIAN_POINT('Ctrl Pts',(6.88563720002213,-46.8386375228209,-10.0073689335062));
#11590=CARTESIAN_POINT('Ctrl Pts',(6.93185380120222,-46.8951620779218,-9.99999995655528));
#11591=CARTESIAN_POINT('Ctrl Pts',(6.98321497292518,-46.9456642668545,-9.99999995283422));
#11592=CARTESIAN_POINT('',(5.76362446645469,-45.5911717324764,-9.99999999999945));
#11593=CARTESIAN_POINT('Ctrl Pts',(5.76362446645469,-45.5911717324764,-9.99999999999946));
#11594=CARTESIAN_POINT('Ctrl Pts',(5.80848129249401,-45.6475304603445,-9.99999999999946));
#11595=CARTESIAN_POINT('Ctrl Pts',(5.85986528824416,-45.6994023470878,-10.0073689806719));
#11596=CARTESIAN_POINT('Ctrl Pts',(5.97163001156947,-45.7901518829378,-10.0362831137327));
#11597=CARTESIAN_POINT('Ctrl Pts',(6.03201298434005,-45.8290249581743,-10.0578339425289));
#11598=CARTESIAN_POINT('Ctrl Pts',(6.21863576198345,-45.9235447431083,-10.139644286716));
#11599=CARTESIAN_POINT('Ctrl Pts',(6.35089182338045,-45.9562934878296,-10.217998561119));
#11600=CARTESIAN_POINT('Ctrl Pts',(6.55463164298724,-45.9720960668355,-10.3604500313957));
#11601=CARTESIAN_POINT('Ctrl Pts',(6.64106520716289,-45.9674989605793,-10.4279628272376));
#11602=CARTESIAN_POINT('Ctrl Pts',(6.72440010193751,-45.9523939535746,-10.4999999450522));
#11603=CARTESIAN_POINT('',(4.98927831619274,-44.525375783932,-9.99999995283422));
#11604=CARTESIAN_POINT('Origin',(17.4999999999997,-36.25,-9.99999999999978));
#11605=CARTESIAN_POINT('',(4.94263164008452,-43.4999999912688,-10.4999999999999));
#11606=CARTESIAN_POINT('Ctrl Pts',(4.94263164008452,-43.4999999912687,-10.4999999999999));
#11607=CARTESIAN_POINT('Ctrl Pts',(4.90251399976378,-43.5745885121964,-10.4279628439094));
#11608=CARTESIAN_POINT('Ctrl Pts',(4.87143243298536,-43.6553711698346,-10.3604500125909));
#11609=CARTESIAN_POINT('Ctrl Pts',(4.82350250549614,-43.8540225586568,-10.2179985139373));
#11610=CARTESIAN_POINT('Ctrl Pts',(4.81377904403854,-43.9899254664567,-10.1396442395412));
#11611=CARTESIAN_POINT('Ctrl Pts',(4.84600309470233,-44.1966224945568,-10.0578338953601));
#11612=CARTESIAN_POINT('Ctrl Pts',(4.86431422250098,-44.2660625548693,-10.0362830665652));
#11613=CARTESIAN_POINT('Ctrl Pts',(4.9160849630574,-44.4004002712907,-10.0073689335062));
#11614=CARTESIAN_POINT('Ctrl Pts',(4.94953950479203,-44.4652986009405,-9.99999995655527));
#11615=CARTESIAN_POINT('Ctrl Pts',(4.98927831619274,-44.525375783932,-9.99999995283421));
#11616=CARTESIAN_POINT('',(4.07795362143348,-42.9469150369127,-9.99999999999945));
#11617=CARTESIAN_POINT('Ctrl Pts',(4.07795362143349,-42.9469150369127,-9.99999999999945));
#11618=CARTESIAN_POINT('Ctrl Pts',(4.11011257979698,-43.0113684499039,-9.99999999999945));
#11619=CARTESIAN_POINT('Ctrl Pts',(4.1495889402774,-43.0727901449048,-10.0073689806719));
#11620=CARTESIAN_POINT('Ctrl Pts',(4.24004344680522,-43.1847937782645,-10.0362831137327));
#11621=CARTESIAN_POINT('Ctrl Pts',(4.29102473994624,-43.2353717095055,-10.0578339425289));
#11622=CARTESIAN_POINT('Ctrl Pts',(4.45391759383903,-43.3666270676055,-10.139644286716));
#11623=CARTESIAN_POINT('Ctrl Pts',(4.57647469608986,-43.4261577550276,-10.217998561119));
#11624=CARTESIAN_POINT('Ctrl Pts',(4.77247677089178,-43.4839749001491,-10.3604500313957));
#11625=CARTESIAN_POINT('Ctrl Pts',(4.85797734644766,-43.4974488001654,-10.4279628272376));
#11626=CARTESIAN_POINT('Ctrl Pts',(4.94263168137503,-43.5000001726813,-10.4999999450522));
#11627=CARTESIAN_POINT('',(3.54212023014588,-41.7434136695931,-9.99999995283422));
#11628=CARTESIAN_POINT('Origin',(17.4999999999997,-36.25,-9.99999999999978));
#11629=CARTESIAN_POINT('',(3.70968051060465,-40.7307464088482,-10.4999999999999));
#11630=CARTESIAN_POINT('Ctrl Pts',(3.70968051060465,-40.7307464088482,-10.4999999999999));
#11631=CARTESIAN_POINT('Ctrl Pts',(3.65493171147615,-40.7953640652052,-10.4279628439094));
#11632=CARTESIAN_POINT('Ctrl Pts',(3.60773369256649,-40.8679192068527,-10.3604500125909));
#11633=CARTESIAN_POINT('Ctrl Pts',(3.51954920285625,-41.0522643939465,-10.2179985139373));
#11634=CARTESIAN_POINT('Ctrl Pts',(3.48178241901294,-41.1831758758315,-10.1396442395413));
#11635=CARTESIAN_POINT('Ctrl Pts',(3.47032756825635,-41.3920558348049,-10.0578338953601));
#11636=CARTESIAN_POINT('Ctrl Pts',(3.47380115362927,-41.4637855607358,-10.0362830665652));
#11637=CARTESIAN_POINT('Ctrl Pts',(3.49651019753096,-41.6059514179455,-10.0073689335062));
#11638=CARTESIAN_POINT('Ctrl Pts',(3.51574055581362,-41.6763871537216,-9.99999995655528));
#11639=CARTESIAN_POINT('Ctrl Pts',(3.54212023014588,-41.7434136695931,-9.99999995283422));
#11640=CARTESIAN_POINT('',(2.97889060927991,-40.0099710188722,-9.99999999999945));
#11641=CARTESIAN_POINT('Ctrl Pts',(2.97889060927992,-40.0099710188722,-9.99999999999946));
#11642=CARTESIAN_POINT('Ctrl Pts',(2.99694619917129,-40.0797021935569,-9.99999999999946));
#11643=CARTESIAN_POINT('Ctrl Pts',(3.02278961800039,-40.1479892740099,-10.0073689806719));
#11644=CARTESIAN_POINT('Ctrl Pts',(3.08798061174658,-40.2763519086485,-10.0362831137327));
#11645=CARTESIAN_POINT('Ctrl Pts',(3.1273320981124,-40.3364241975989,-10.0578339425289));
#11646=CARTESIAN_POINT('Ctrl Pts',(3.25937582889285,-40.4986786398829,-10.139644286716));
#11647=CARTESIAN_POINT('Ctrl Pts',(3.3668776385349,-40.5823894933056,-10.217998561119));
#11648=CARTESIAN_POINT('Ctrl Pts',(3.54657573734079,-40.6796943178633,-10.3604500313957));
#11649=CARTESIAN_POINT('Ctrl Pts',(3.62740653884784,-40.7106503500665,-10.4279628272377));
#11650=CARTESIAN_POINT('Ctrl Pts',(3.70968051327506,-40.7307465948813,-10.4999999450523));
#11651=CARTESIAN_POINT('',(2.70498846737978,-38.7213630175694,-9.99999995283422));
#11652=CARTESIAN_POINT('Origin',(17.4999999999997,-36.25,-9.99999999999978));
#11653=CARTESIAN_POINT('',(3.07943251610605,-37.7656627073543,-10.4999999999999));
#11654=CARTESIAN_POINT('Ctrl Pts',(3.07943251610605,-37.7656627073543,-10.4999999999999));
#11655=CARTESIAN_POINT('Ctrl Pts',(3.01244534340559,-37.8174853974879,-10.4279628439094));
#11656=CARTESIAN_POINT('Ctrl Pts',(2.95119365227227,-37.8786420152965,-10.3604500125909));
#11657=CARTESIAN_POINT('Ctrl Pts',(2.82660868569747,-38.0406242313996,-10.2179985139373));
#11658=CARTESIAN_POINT('Ctrl Pts',(2.76244916914753,-38.1608228274283,-10.1396442395412));
#11659=CARTESIAN_POINT('Ctrl Pts',(2.7078160489151,-38.3627566607506,-10.0578338953601));
#11660=CARTESIAN_POINT('Ctrl Pts',(2.69630027951338,-38.4336411190793,-10.0362830665652));
#11661=CARTESIAN_POINT('Ctrl Pts',(2.68895513257176,-38.5774217869297,-10.0073689335062));
#11662=CARTESIAN_POINT('Ctrl Pts',(2.693120848468,-38.6503165491906,-9.99999995655527));
#11663=CARTESIAN_POINT('Ctrl Pts',(2.70498846737978,-38.7213630175694,-9.99999995283421));
#11664=CARTESIAN_POINT('',(2.51446975751452,-36.9086982249643,-9.99999999999945));
#11665=CARTESIAN_POINT('Ctrl Pts',(2.51446975751453,-36.9086982249643,-9.99999999999946));
#11666=CARTESIAN_POINT('Ctrl Pts',(2.51763286301519,-36.9806595744015,-9.99999999999946));
#11667=CARTESIAN_POINT('Ctrl Pts',(2.52871385877965,-37.0528275672129,-10.0073689806719));
#11668=CARTESIAN_POINT('Ctrl Pts',(2.56579218049642,-37.1919391400444,-10.0362831137327));
#11669=CARTESIAN_POINT('Ctrl Pts',(2.59179401130347,-37.2588803394184,-10.0578339425289));
#11670=CARTESIAN_POINT('Ctrl Pts',(2.68721767432034,-37.4450425681754,-10.139644286716));
#11671=CARTESIAN_POINT('Ctrl Pts',(2.77496584642135,-37.5492750216148,-10.217998561119));
#11672=CARTESIAN_POINT('Ctrl Pts',(2.93050630002625,-37.6818148378551,-10.3604500313957));
#11673=CARTESIAN_POINT('Ctrl Pts',(3.00313463358938,-37.7289000750944,-10.4279628272377));
#11674=CARTESIAN_POINT('Ctrl Pts',(3.07943248003966,-37.7656628898773,-10.4999999450523));
#11675=CARTESIAN_POINT('Origin',(17.4999999999997,-36.25,-9.99999999999978));
#11676=CARTESIAN_POINT('Origin',(17.4999999999997,-36.25,-5.99999999999978));
#11677=CARTESIAN_POINT('',(12.2427573888782,-50.2985373453173,-7.00000004716534));
#11678=CARTESIAN_POINT('Origin',(17.4999999999997,-36.25,-6.99999999999978));
#11679=CARTESIAN_POINT('',(12.2427574407166,-50.2985373647163,-5.99999999999978));
#11680=CARTESIAN_POINT('Origin',(11.0391719900037,-48.6700523922105,-5.99999999999978));
#11681=CARTESIAN_POINT('',(11.6023186661904,-49.4964091317169,-6.49999999999964));
#11682=CARTESIAN_POINT('',(11.6023186661904,-49.4964091317169,-5.99999999999978));
#11683=CARTESIAN_POINT('',(10.5776842750039,-49.5571989916543,-7.00000000000011));
#11684=CARTESIAN_POINT('Ctrl Pts',(11.6023188062268,-49.4964092542128,-6.50000005494731));
#11685=CARTESIAN_POINT('Ctrl Pts',(11.532332351485,-49.5441037201014,-6.57203717276191));
#11686=CARTESIAN_POINT('Ctrl Pts',(11.455241173111,-49.583459083382,-6.63954996860384));
#11687=CARTESIAN_POINT('Ctrl Pts',(11.2626880984315,-49.6518911593998,-6.78200143888061));
#11688=CARTESIAN_POINT('Ctrl Pts',(11.1285460598037,-49.6757670788552,-6.86035571328354));
#11689=CARTESIAN_POINT('Ctrl Pts',(10.9196130089666,-49.6653252807715,-6.94216605747068));
#11690=CARTESIAN_POINT('Ctrl Pts',(10.8486393143454,-49.6543729271083,-6.9637168862669));
#11691=CARTESIAN_POINT('Ctrl Pts',(10.7096259974545,-49.616927909229,-6.99263101932769));
#11692=CARTESIAN_POINT('Ctrl Pts',(10.6415861844575,-49.5904403366545,-7.00000000000011));
#11693=CARTESIAN_POINT('Ctrl Pts',(10.5776842750039,-49.5571989916543,-7.00000000000011));
#11694=CARTESIAN_POINT('',(10.5776842750039,-49.5571989916543,-5.99999999999978));
#11695=CARTESIAN_POINT('Origin',(12.5932402769001,-49.3619682100135,-5.99999999999978));
#11696=CARTESIAN_POINT('Ctrl Pts',(12.2427573888782,-50.2985373453173,-7.00000004716535));
#11697=CARTESIAN_POINT('Ctrl Pts',(12.1752955329571,-50.2732917705879,-7.00000004344429));
#11698=CARTESIAN_POINT('Ctrl Pts',(12.1100839590882,-50.2404520052486,-6.99263106649337));
#11699=CARTESIAN_POINT('Ctrl Pts',(11.9892388216275,-50.1622005874774,-6.96371693343437));
#11700=CARTESIAN_POINT('Ctrl Pts',(11.9336089646822,-50.1167854094671,-6.9421661046395));
#11701=CARTESIAN_POINT('Ctrl Pts',(11.7860456952577,-49.9685048227966,-6.86035576045831));
#11702=CARTESIAN_POINT('Ctrl Pts',(11.7140304158726,-49.8528417535555,-6.78200148606222));
#11703=CARTESIAN_POINT('Ctrl Pts',(11.6360421850534,-49.6639568995205,-6.63954998740864));
#11704=CARTESIAN_POINT('Ctrl Pts',(11.6137048459883,-49.58033307007,-6.57203715609015));
#11705=CARTESIAN_POINT('Ctrl Pts',(11.6023186661904,-49.4964091317169,-6.49999999999964));
#11706=CARTESIAN_POINT('Origin',(17.4999999999997,-36.25,-5.99999999999978));
#11707=CARTESIAN_POINT('',(9.43678560047435,-48.898500897824,-7.00000004716534));
#11708=CARTESIAN_POINT('Origin',(17.4999999999997,-36.25,-6.99999999999978));
#11709=CARTESIAN_POINT('',(9.43678564714667,-48.8985009275768,-5.99999999999978));
#11710=CARTESIAN_POINT('Origin',(8.59808249035874,-47.0553627727878,-5.99999999999978));
#11711=CARTESIAN_POINT('',(8.97711383360251,-47.9807464125106,-6.49999999999964));
#11712=CARTESIAN_POINT('',(8.97711383360251,-47.9807464125106,-5.99999999999978));
#11713=CARTESIAN_POINT('',(7.96223123966993,-47.8271743994157,-7.00000000000011));
#11714=CARTESIAN_POINT('Ctrl Pts',(8.97711394511041,-47.9807465614449,-6.50000005494731));
#11715=CARTESIAN_POINT('Ctrl Pts',(8.89874062527539,-48.0128477866824,-6.5720371727619));
#11716=CARTESIAN_POINT('Ctrl Pts',(8.81515163398871,-48.0353149836084,-6.63954996860383));
#11717=CARTESIAN_POINT('Ctrl Pts',(8.61257847734597,-48.0622176192497,-6.7820014388806));
#11718=CARTESIAN_POINT('Ctrl Pts',(8.47640368132083,-48.0576820945195,-6.86035571328353));
#11719=CARTESIAN_POINT('Ctrl Pts',(8.2742072908253,-48.0040288509093,-6.94216605747067));
#11720=CARTESIAN_POINT('Ctrl Pts',(8.20706166408489,-47.978559571599,-6.96371688626689));
#11721=CARTESIAN_POINT('Ctrl Pts',(8.07887137867807,-47.9130303234399,-6.99263101932768));
#11722=CARTESIAN_POINT('Ctrl Pts',(8.01782547484023,-47.8729752953138,-7.0000000000001));
#11723=CARTESIAN_POINT('Ctrl Pts',(7.96223123966993,-47.8271743994157,-7.0000000000001));
#11724=CARTESIAN_POINT('',(7.96223123966993,-47.8271743994157,-5.99999999999978));
#11725=CARTESIAN_POINT('Origin',(9.97433326897996,-48.0552675350565,-5.99999999999978));
#11726=CARTESIAN_POINT('Ctrl Pts',(9.43678560047436,-48.898500897824,-7.00000004716533));
#11727=CARTESIAN_POINT('Ctrl Pts',(9.37604679809168,-48.859780890943,-7.00000004344427));
#11728=CARTESIAN_POINT('Ctrl Pts',(9.31908802470954,-48.8141005046837,-6.99263106649336));
#11729=CARTESIAN_POINT('Ctrl Pts',(9.2171530280197,-48.7124339512802,-6.96371693343436));
#11730=CARTESIAN_POINT('Ctrl Pts',(9.17218116336844,-48.6564451062551,-6.94216610463949));
#11731=CARTESIAN_POINT('Ctrl Pts',(9.05867177291452,-48.4807246773193,-6.8603557604583));
#11732=CARTESIAN_POINT('Ctrl Pts',(9.01227790445888,-48.3526163051459,-6.78200148606221));
#11733=CARTESIAN_POINT('Ctrl Pts',(8.97526527296992,-48.1516443734232,-6.63954998740863));
#11734=CARTESIAN_POINT('Ctrl Pts',(8.97080243013028,-48.0652037313486,-6.57203715609015));
#11735=CARTESIAN_POINT('Ctrl Pts',(8.97711383360251,-47.9807464125106,-6.49999999999964));
#11736=CARTESIAN_POINT('Origin',(17.4999999999997,-36.25,-5.99999999999978));
#11737=CARTESIAN_POINT('',(6.98321497292518,-46.9456642668545,-7.00000004716534));
#11738=CARTESIAN_POINT('Origin',(17.4999999999997,-36.25,-6.99999999999978));
#11739=CARTESIAN_POINT('',(6.98321501239163,-46.9456643056609,-5.99999999999978));
#11740=CARTESIAN_POINT('Origin',(6.54604950202456,-44.9684269503111,-5.99999999999978));
#11741=CARTESIAN_POINT('',(6.72440002383149,-45.952393784711,-6.49999999999964));
#11742=CARTESIAN_POINT('',(6.72440002383149,-45.952393784711,-5.99999999999978));
#11743=CARTESIAN_POINT('',(5.76362446645469,-45.5911717324764,-7.00000000000011));
#11744=CARTESIAN_POINT('Ctrl Pts',(6.72440010193751,-45.9523939535746,-6.50000005494731));
#11745=CARTESIAN_POINT('Ctrl Pts',(6.64106520716289,-45.9674989605793,-6.57203717276191));
#11746=CARTESIAN_POINT('Ctrl Pts',(6.55463164298724,-45.9720960668355,-6.63954996860383));
#11747=CARTESIAN_POINT('Ctrl Pts',(6.35089182338044,-45.9562934878296,-6.7820014388806));
#11748=CARTESIAN_POINT('Ctrl Pts',(6.21863576198345,-45.9235447431083,-6.86035571328354));
#11749=CARTESIAN_POINT('Ctrl Pts',(6.03201298434005,-45.8290249581743,-6.94216605747068));
#11750=CARTESIAN_POINT('Ctrl Pts',(5.97163001156947,-45.7901518829378,-6.9637168862669));
#11751=CARTESIAN_POINT('Ctrl Pts',(5.85986528824416,-45.6994023470878,-6.99263101932769));
#11752=CARTESIAN_POINT('Ctrl Pts',(5.80848129249402,-45.6475304603445,-7.0000000000001));
#11753=CARTESIAN_POINT('Ctrl Pts',(5.76362446645469,-45.5911717324764,-7.0000000000001));
#11754=CARTESIAN_POINT('',(5.76362446645469,-45.5911717324764,-5.99999999999978));
#11755=CARTESIAN_POINT('Origin',(7.68433400936093,-46.2326200208589,-5.99999999999978));
#11756=CARTESIAN_POINT('Ctrl Pts',(6.98321497292518,-46.9456642668545,-7.00000004716534));
#11757=CARTESIAN_POINT('Ctrl Pts',(6.93185380120222,-46.8951620779218,-7.00000004344428));
#11758=CARTESIAN_POINT('Ctrl Pts',(6.88563720002212,-46.8386375228209,-6.99263106649336));
#11759=CARTESIAN_POINT('Ctrl Pts',(6.80706739259687,-46.7179991500192,-6.96371693343436));
#11760=CARTESIAN_POINT('Ctrl Pts',(6.77471900652382,-46.6538836191711,-6.94216610463949));
#11761=CARTESIAN_POINT('Ctrl Pts',(6.70022440008182,-46.4584031739147,-6.8603557604583));
#11762=CARTESIAN_POINT('Ctrl Pts',(6.68147957722966,-46.3234484494052,-6.78200148606221));
#11763=CARTESIAN_POINT('Ctrl Pts',(6.68706017467328,-46.1191728777813,-6.63954998740863));
#11764=CARTESIAN_POINT('Ctrl Pts',(6.70066687570634,-46.0336932939294,-6.57203715609015));
#11765=CARTESIAN_POINT('Ctrl Pts',(6.72440002383149,-45.952393784711,-6.49999999999964));
#11766=CARTESIAN_POINT('Origin',(17.4999999999997,-36.25,-5.99999999999978));
#11767=CARTESIAN_POINT('',(4.98927831619274,-44.525375783932,-7.00000004716534));
#11768=CARTESIAN_POINT('Origin',(17.4999999999997,-36.25,-6.99999999999978));
#11769=CARTESIAN_POINT('',(4.98927834672844,-44.525375830096,-5.99999999999978));
#11770=CARTESIAN_POINT('Origin',(4.97275671333813,-42.5004540344517,-5.99999999999978));
#11771=CARTESIAN_POINT('',(4.94263164008452,-43.4999999912688,-6.49999999999964));
#11772=CARTESIAN_POINT('',(4.94263164008452,-43.4999999912688,-5.99999999999978));
#11773=CARTESIAN_POINT('',(4.07795362143348,-42.9469150369127,-7.00000000000011));
#11774=CARTESIAN_POINT('Ctrl Pts',(4.94263168137503,-43.5000001726813,-6.50000005494731));
#11775=CARTESIAN_POINT('Ctrl Pts',(4.85797734644766,-43.4974488001654,-6.57203717276191));
#11776=CARTESIAN_POINT('Ctrl Pts',(4.77247677089178,-43.4839749001491,-6.63954996860383));
#11777=CARTESIAN_POINT('Ctrl Pts',(4.57647469608986,-43.4261577550276,-6.7820014388806));
#11778=CARTESIAN_POINT('Ctrl Pts',(4.45391759383903,-43.3666270676055,-6.86035571328354));
#11779=CARTESIAN_POINT('Ctrl Pts',(4.29102473994624,-43.2353717095055,-6.94216605747068));
#11780=CARTESIAN_POINT('Ctrl Pts',(4.24004344680521,-43.1847937782645,-6.9637168862669));
#11781=CARTESIAN_POINT('Ctrl Pts',(4.14958894027739,-43.0727901449048,-6.99263101932769));
#11782=CARTESIAN_POINT('Ctrl Pts',(4.11011257979698,-43.0113684499039,-7.00000000000011));
#11783=CARTESIAN_POINT('Ctrl Pts',(4.07795362143349,-42.9469150369127,-7.00000000000011));
#11784=CARTESIAN_POINT('',(4.07795362143349,-42.9469150369127,-5.99999999999978));
#11785=CARTESIAN_POINT('Origin',(5.82332645432397,-43.9736841098243,-5.99999999999978));
#11786=CARTESIAN_POINT('Ctrl Pts',(4.98927831619274,-44.525375783932,-7.00000004716535));
#11787=CARTESIAN_POINT('Ctrl Pts',(4.94953950479203,-44.4652986009405,-7.00000004344429));
#11788=CARTESIAN_POINT('Ctrl Pts',(4.9160849630574,-44.4004002712907,-6.99263106649337));
#11789=CARTESIAN_POINT('Ctrl Pts',(4.86431422250098,-44.2660625548693,-6.96371693343437));
#11790=CARTESIAN_POINT('Ctrl Pts',(4.84600309470233,-44.1966224945568,-6.9421661046395));
#11791=CARTESIAN_POINT('Ctrl Pts',(4.81377904403854,-43.9899254664567,-6.86035576045831));
#11792=CARTESIAN_POINT('Ctrl Pts',(4.82350250549614,-43.8540225586568,-6.78200148606223));
#11793=CARTESIAN_POINT('Ctrl Pts',(4.87143243298536,-43.6553711698346,-6.63954998740864));
#11794=CARTESIAN_POINT('Ctrl Pts',(4.90251399976378,-43.5745885121964,-6.57203715609016));
#11795=CARTESIAN_POINT('Ctrl Pts',(4.94263164008451,-43.4999999912687,-6.49999999999964));
#11796=CARTESIAN_POINT('Origin',(17.4999999999997,-36.25,-5.99999999999978));
#11797=CARTESIAN_POINT('',(3.54212023014588,-41.7434136695931,-7.00000004716534));
#11798=CARTESIAN_POINT('Origin',(17.4999999999997,-36.25,-6.99999999999978));
#11799=CARTESIAN_POINT('',(3.54212025041629,-41.7434137210969,-5.99999999999978));
#11800=CARTESIAN_POINT('Origin',(3.94696456866148,-39.7593062842807,-5.99999999999978));
#11801=CARTESIAN_POINT('',(3.70968051060465,-40.7307464088482,-6.49999999999964));
#11802=CARTESIAN_POINT('',(3.70968051060465,-40.7307464088482,-5.99999999999978));
#11803=CARTESIAN_POINT('',(2.97889060927991,-40.0099710188722,-7.00000000000011));
#11804=CARTESIAN_POINT('Ctrl Pts',(3.70968051327506,-40.7307465948813,-6.50000005494731));
#11805=CARTESIAN_POINT('Ctrl Pts',(3.62740653884784,-40.7106503500665,-6.57203717276191));
#11806=CARTESIAN_POINT('Ctrl Pts',(3.54657573734079,-40.6796943178633,-6.63954996860383));
#11807=CARTESIAN_POINT('Ctrl Pts',(3.3668776385349,-40.5823894933056,-6.7820014388806));
#11808=CARTESIAN_POINT('Ctrl Pts',(3.25937582889285,-40.4986786398829,-6.86035571328353));
#11809=CARTESIAN_POINT('Ctrl Pts',(3.1273320981124,-40.3364241975989,-6.94216605747067));
#11810=CARTESIAN_POINT('Ctrl Pts',(3.08798061174658,-40.2763519086485,-6.96371688626689));
#11811=CARTESIAN_POINT('Ctrl Pts',(3.02278961800039,-40.1479892740099,-6.99263101932768));
#11812=CARTESIAN_POINT('Ctrl Pts',(2.99694619917129,-40.0797021935569,-7.0000000000001));
#11813=CARTESIAN_POINT('Ctrl Pts',(2.97889060927992,-40.0099710188722,-7.0000000000001));
#11814=CARTESIAN_POINT('',(2.97889060927992,-40.0099710188722,-5.99999999999978));
#11815=CARTESIAN_POINT('Origin',(4.47264556412928,-41.377186140842,-5.99999999999978));
#11816=CARTESIAN_POINT('Ctrl Pts',(3.54212023014588,-41.7434136695931,-7.00000004716534));
#11817=CARTESIAN_POINT('Ctrl Pts',(3.51574055581362,-41.6763871537216,-7.00000004344428));
#11818=CARTESIAN_POINT('Ctrl Pts',(3.49651019753096,-41.6059514179455,-6.99263106649336));
#11819=CARTESIAN_POINT('Ctrl Pts',(3.47380115362927,-41.4637855607358,-6.96371693343435));
#11820=CARTESIAN_POINT('Ctrl Pts',(3.47032756825635,-41.3920558348049,-6.9421661046395));
#11821=CARTESIAN_POINT('Ctrl Pts',(3.48178241901294,-41.1831758758315,-6.8603557604583));
#11822=CARTESIAN_POINT('Ctrl Pts',(3.51954920285625,-41.0522643939465,-6.78200148606222));
#11823=CARTESIAN_POINT('Ctrl Pts',(3.60773369256649,-40.8679192068527,-6.63954998740864));
#11824=CARTESIAN_POINT('Ctrl Pts',(3.65493171147615,-40.7953640652052,-6.57203715609015));
#11825=CARTESIAN_POINT('Ctrl Pts',(3.70968051060465,-40.7307464088482,-6.49999999999964));
#11826=CARTESIAN_POINT('Origin',(17.4999999999997,-36.25,-5.99999999999978));
#11827=CARTESIAN_POINT('',(2.70498846737978,-38.7213630175694,-7.00000004716534));
#11828=CARTESIAN_POINT('Origin',(17.4999999999997,-36.25,-6.99999999999978));
#11829=CARTESIAN_POINT('',(2.70498847649898,-38.7213630721622,-5.99999999999978));
#11830=CARTESIAN_POINT('Origin',(3.51350510701379,-36.8647850099666,-5.99999999999978));
#11831=CARTESIAN_POINT('',(3.07943251610605,-37.7656627073543,-6.49999999999964));
#11832=CARTESIAN_POINT('',(3.07943251610605,-37.7656627073543,-5.99999999999978));
#11833=CARTESIAN_POINT('',(2.51446975751452,-36.9086982249643,-7.00000000000011));
#11834=CARTESIAN_POINT('Ctrl Pts',(3.07943248003966,-37.7656628898773,-6.50000005494731));
#11835=CARTESIAN_POINT('Ctrl Pts',(3.00313463358938,-37.7289000750944,-6.5720371727619));
#11836=CARTESIAN_POINT('Ctrl Pts',(2.93050630002625,-37.6818148378551,-6.63954996860383));
#11837=CARTESIAN_POINT('Ctrl Pts',(2.77496584642135,-37.5492750216148,-6.7820014388806));
#11838=CARTESIAN_POINT('Ctrl Pts',(2.68721767432034,-37.4450425681754,-6.86035571328353));
#11839=CARTESIAN_POINT('Ctrl Pts',(2.59179401130347,-37.2588803394184,-6.94216605747067));
#11840=CARTESIAN_POINT('Ctrl Pts',(2.56579218049642,-37.1919391400444,-6.96371688626689));
#11841=CARTESIAN_POINT('Ctrl Pts',(2.52871385877965,-37.0528275672129,-6.99263101932768));
#11842=CARTESIAN_POINT('Ctrl Pts',(2.51763286301519,-36.9806595744015,-7.0000000000001));
#11843=CARTESIAN_POINT('Ctrl Pts',(2.51446975751453,-36.9086982249643,-7.0000000000001));
#11844=CARTESIAN_POINT('',(2.51446975751453,-36.9086982249643,-5.99999999999978));
#11845=CARTESIAN_POINT('Origin',(3.6913225749643,-38.5566055345362,-5.99999999999978));
#11846=CARTESIAN_POINT('Ctrl Pts',(2.70498846737978,-38.7213630175694,-7.00000004716534));
#11847=CARTESIAN_POINT('Ctrl Pts',(2.693120848468,-38.6503165491906,-7.00000004344428));
#11848=CARTESIAN_POINT('Ctrl Pts',(2.68895513257176,-38.5774217869297,-6.99263106649337));
#11849=CARTESIAN_POINT('Ctrl Pts',(2.69630027951338,-38.4336411190793,-6.96371693343437));
#11850=CARTESIAN_POINT('Ctrl Pts',(2.7078160489151,-38.3627566607506,-6.9421661046395));
#11851=CARTESIAN_POINT('Ctrl Pts',(2.76244916914753,-38.1608228274283,-6.86035576045831));
#11852=CARTESIAN_POINT('Ctrl Pts',(2.82660868569747,-38.0406242313996,-6.78200148606222));
#11853=CARTESIAN_POINT('Ctrl Pts',(2.95119365227227,-37.8786420152965,-6.63954998740863));
#11854=CARTESIAN_POINT('Ctrl Pts',(3.01244534340559,-37.8174853974879,-6.57203715609015));
#11855=CARTESIAN_POINT('Ctrl Pts',(3.07943251610605,-37.7656627073543,-6.49999999999964));
#11856=CARTESIAN_POINT('Origin',(17.4999999999997,-36.25,-5.99999999999978));
#11857=CARTESIAN_POINT('',(2.49999995283415,-36.25,-7.00000004716535));
#11858=CARTESIAN_POINT('Origin',(17.4999999999997,-36.25,-6.99999999999978));
#11859=CARTESIAN_POINT('',(2.51446970293121,-35.5913019427625,-7.00000004716534));
#11860=CARTESIAN_POINT('Origin',(17.4999999999997,-36.25,-6.99999999999978));
#11861=CARTESIAN_POINT('',(2.51446970050063,-35.5913019980584,-5.99999999999978));
#11862=CARTESIAN_POINT('Origin',(3.69132258683832,-33.9433946806513,-5.99999999999978));
#11863=CARTESIAN_POINT('',(3.07943251821373,-34.7343372725924,-6.49999999999964));
#11864=CARTESIAN_POINT('',(3.07943251821373,-34.7343372725924,-5.99999999999978));
#11865=CARTESIAN_POINT('',(2.70498848589796,-33.7786371578406,-7.00000000000011));
#11866=CARTESIAN_POINT('Ctrl Pts',(3.07943244498682,-34.7343374436282,-6.50000005494731));
#11867=CARTESIAN_POINT('Ctrl Pts',(3.01244530852105,-34.6825147702909,-6.57203717276191));
#11868=CARTESIAN_POINT('Ctrl Pts',(2.95119364958794,-34.6213581788229,-6.63954996860384));
#11869=CARTESIAN_POINT('Ctrl Pts',(2.82660870537248,-34.4593759968661,-6.7820014388806));
#11870=CARTESIAN_POINT('Ctrl Pts',(2.76244918699577,-34.3391774017881,-6.86035571328354));
#11871=CARTESIAN_POINT('Ctrl Pts',(2.70781606370984,-34.1372435692603,-6.94216605747068));
#11872=CARTESIAN_POINT('Ctrl Pts',(2.69630029323846,-34.066359111095,-6.9637168862669));
#11873=CARTESIAN_POINT('Ctrl Pts',(2.68895514413168,-33.9225784433347,-6.99263101932769));
#11874=CARTESIAN_POINT('Ctrl Pts',(2.69312086411927,-33.8496836257511,-7.00000000000011));
#11875=CARTESIAN_POINT('Ctrl Pts',(2.70498848589796,-33.7786371578406,-7.00000000000011));
#11876=CARTESIAN_POINT('',(2.70498848589796,-33.7786371578406,-5.99999999999978));
#11877=CARTESIAN_POINT('Origin',(3.51350505065924,-35.6352151980497,-5.99999999999978));
#11878=CARTESIAN_POINT('Ctrl Pts',(2.5144697029312,-35.5913019427625,-7.00000004716535));
#11879=CARTESIAN_POINT('Ctrl Pts',(2.5176328113335,-35.5193405934632,-7.00000004344429));
#11880=CARTESIAN_POINT('Ctrl Pts',(2.52871379959767,-35.4471726556162,-6.99263106649337));
#11881=CARTESIAN_POINT('Ctrl Pts',(2.56579211921534,-35.3080610822464,-6.96371693343437));
#11882=CARTESIAN_POINT('Ctrl Pts',(2.59179394901005,-35.2411198824903,-6.9421661046395));
#11883=CARTESIAN_POINT('Ctrl Pts',(2.68721760920536,-35.0549576523212,-6.86035576045831));
#11884=CARTESIAN_POINT('Ctrl Pts',(2.77496577971717,-34.9507251975721,-6.78200148606222));
#11885=CARTESIAN_POINT('Ctrl Pts',(2.93050626229221,-34.8181853525804,-6.63954998740864));
#11886=CARTESIAN_POINT('Ctrl Pts',(3.00313463282845,-34.7711000962708,-6.57203715609016));
#11887=CARTESIAN_POINT('Ctrl Pts',(3.07943251821374,-34.7343372725924,-6.49999999999964));
#11888=CARTESIAN_POINT('Origin',(17.4999999999997,-36.25,-5.99999999999978));
#11889=CARTESIAN_POINT('',(2.97889052101701,-32.4900291338409,-7.00000004716534));
#11890=CARTESIAN_POINT('Origin',(17.4999999999997,-36.25,-6.99999999999978));
#11891=CARTESIAN_POINT('',(2.97889050714291,-32.490029187423,-5.99999999999978));
#11892=CARTESIAN_POINT('Origin',(4.47264553100382,-31.1228140721119,-5.99999999999978));
#11893=CARTESIAN_POINT('',(3.70968051683561,-31.7692535719749,-6.49999999999964));
#11894=CARTESIAN_POINT('',(3.70968051683561,-31.7692535719749,-5.99999999999978));
#11895=CARTESIAN_POINT('',(3.54212021178959,-30.756586505834,-7.00000000000011));
#11896=CARTESIAN_POINT('Ctrl Pts',(3.70968040964852,-31.7692537240484,-6.50000005494731));
#11897=CARTESIAN_POINT('Ctrl Pts',(3.65493164247075,-31.7046360916543,-6.57203717276191));
#11898=CARTESIAN_POINT('Ctrl Pts',(3.60773364958113,-31.6320809824666,-6.63954996860384));
#11899=CARTESIAN_POINT('Ctrl Pts',(3.5195491746422,-31.4477358334217,-6.78200143888061));
#11900=CARTESIAN_POINT('Ctrl Pts',(3.48178238881438,-31.3168243520868,-6.86035571328354));
#11901=CARTESIAN_POINT('Ctrl Pts',(3.47032753490581,-31.1079443932558,-6.94216605747068));
#11902=CARTESIAN_POINT('Ctrl Pts',(3.47380111919849,-31.0362146672622,-6.9637168862669));
#11903=CARTESIAN_POINT('Ctrl Pts',(3.49651016096358,-30.8940488096906,-6.99263101932769));
#11904=CARTESIAN_POINT('Ctrl Pts',(3.51574053475044,-30.8236130206513,-7.00000000000011));
#11905=CARTESIAN_POINT('Ctrl Pts',(3.54212021178958,-30.7565865058341,-7.00000000000011));
#11906=CARTESIAN_POINT('',(3.54212021178958,-30.7565865058341,-5.99999999999978));
#11907=CARTESIAN_POINT('Origin',(3.94696447028939,-32.7406939074733,-5.99999999999978));
#11908=CARTESIAN_POINT('Ctrl Pts',(2.97889052101701,-32.4900291338409,-7.00000004716534));
#11909=CARTESIAN_POINT('Ctrl Pts',(2.99694611371793,-32.4202979598943,-7.00000004344428));
#11910=CARTESIAN_POINT('Ctrl Pts',(3.02278951378289,-32.3520109316453,-6.99263106649336));
#11911=CARTESIAN_POINT('Ctrl Pts',(3.08798050558779,-32.2236482960438,-6.96371693343436));
#11912=CARTESIAN_POINT('Ctrl Pts',(3.12733199104284,-32.163576006509,-6.9421661046395));
#11913=CARTESIAN_POINT('Ctrl Pts',(3.25937571935697,-32.0013215622571,-6.86035576045831));
#11914=CARTESIAN_POINT('Ctrl Pts',(3.36687752771686,-31.917610707223,-6.78200148606222));
#11915=CARTESIAN_POINT('Ctrl Pts',(3.54657566083756,-31.8203058605655,-6.63954998740863));
#11916=CARTESIAN_POINT('Ctrl Pts',(3.62740650247469,-31.7893498173959,-6.57203715609015));
#11917=CARTESIAN_POINT('Ctrl Pts',(3.70968051683561,-31.7692535719749,-6.49999999999964));
#11918=CARTESIAN_POINT('Origin',(17.4999999999997,-36.25,-5.99999999999978));
#11919=CARTESIAN_POINT('',(4.07795350334853,-29.5530850941124,-7.00000004716534));
#11920=CARTESIAN_POINT('Origin',(17.4999999999997,-36.25,-6.99999999999978));
#11921=CARTESIAN_POINT('',(4.07795347863725,-29.553085143639,-5.99999999999978));
#11922=CARTESIAN_POINT('Origin',(5.82332637764681,-28.5263160915889,-5.99999999999978));
#11923=CARTESIAN_POINT('',(4.94263165016643,-28.9999999912689,-6.49999999999964));
#11924=CARTESIAN_POINT('',(4.94263165016643,-28.9999999912689,-5.99999999999978));
#11925=CARTESIAN_POINT('',(4.98927826176423,-27.9746243838451,-7.00000000000011));
#11926=CARTESIAN_POINT('Ctrl Pts',(4.94263151370377,-29.0000001177338,-6.50000005494731));
#11927=CARTESIAN_POINT('Ctrl Pts',(4.90251389965342,-28.9254116268883,-6.57203717276191));
#11928=CARTESIAN_POINT('Ctrl Pts',(4.87143235157765,-28.8446290064105,-6.63954996860384));
#11929=CARTESIAN_POINT('Ctrl Pts',(4.82350243062615,-28.6459776578769,-6.78200143888061));
#11930=CARTESIAN_POINT('Ctrl Pts',(4.81377896711304,-28.5100747502024,-6.86035571328354));
#11931=CARTESIAN_POINT('Ctrl Pts',(4.84600301466411,-28.3033777215863,-6.94216605747068));
#11932=CARTESIAN_POINT('Ctrl Pts',(4.86431414141916,-28.2339376609879,-6.9637168862669));
#11933=CARTESIAN_POINT('Ctrl Pts',(4.91608487996093,-28.0995999437681,-6.99263101932769));
#11934=CARTESIAN_POINT('Ctrl Pts',(4.94953944793499,-28.0347015652427,-7.0000000000001));
#11935=CARTESIAN_POINT('Ctrl Pts',(4.98927826176424,-27.9746243838451,-7.0000000000001));
#11936=CARTESIAN_POINT('',(4.98927826176424,-27.9746243838451,-5.99999999999978));
#11937=CARTESIAN_POINT('Origin',(4.97275657724782,-29.9995461326592,-5.99999999999978));
#11938=CARTESIAN_POINT('Ctrl Pts',(4.07795350334852,-29.5530850941123,-7.00000004716535));
#11939=CARTESIAN_POINT('Ctrl Pts',(4.11011246430669,-29.4886316824273,-7.00000004344428));
#11940=CARTESIAN_POINT('Ctrl Pts',(4.14958879557919,-29.4272100345883,-6.99263106649337));
#11941=CARTESIAN_POINT('Ctrl Pts',(4.24004330040836,-29.315206399883,-6.96371693343437));
#11942=CARTESIAN_POINT('Ctrl Pts',(4.29102459277999,-29.2646284678812,-6.9421661046395));
#11943=CARTESIAN_POINT('Ctrl Pts',(4.45391744466952,-29.1333731073435,-6.86035576045831));
#11944=CARTESIAN_POINT('Ctrl Pts',(4.57647454600124,-29.0738424180785,-6.78200148606222));
#11945=CARTESIAN_POINT('Ctrl Pts',(4.77247665896292,-29.0160252584746,-6.63954998740864));
#11946=CARTESIAN_POINT('Ctrl Pts',(4.85797727605199,-29.0025513560751,-6.57203715609015));
#11947=CARTESIAN_POINT('Ctrl Pts',(4.94263165016643,-28.9999999912689,-6.49999999999964));
#11948=CARTESIAN_POINT('Origin',(17.4999999999997,-36.25,-5.99999999999978));
#11949=CARTESIAN_POINT('',(5.76362432370852,-26.9088283711342,-7.00000004716534));
#11950=CARTESIAN_POINT('Origin',(17.4999999999997,-36.25,-6.99999999999978));
#11951=CARTESIAN_POINT('',(5.76362428924008,-26.9088284144408,-5.99999999999978));
#11952=CARTESIAN_POINT('Origin',(7.68433389248319,-26.2673801602108,-5.99999999999978));
#11953=CARTESIAN_POINT('',(6.72440003732372,-26.5476062003043,-6.49999999999964));
#11954=CARTESIAN_POINT('',(6.72440003732372,-26.5476062003043,-5.99999999999978));
#11955=CARTESIAN_POINT('',(6.98321488480325,-25.55433588594,-7.00000000000011));
#11956=CARTESIAN_POINT('Ctrl Pts',(6.72439987754956,-26.5476062956335,-6.50000005494731));
#11957=CARTESIAN_POINT('Ctrl Pts',(6.70066674886628,-26.4663068213018,-6.57203717276191));
#11958=CARTESIAN_POINT('Ctrl Pts',(6.68706005840109,-26.3808272776869,-6.63954996860384));
#11959=CARTESIAN_POINT('Ctrl Pts',(6.68147945897588,-26.1765517468303,-6.7820014388806));
#11960=CARTESIAN_POINT('Ctrl Pts',(6.70022427979136,-26.0415970220162,-6.86035571328354));
#11961=CARTESIAN_POINT('Ctrl Pts',(6.77471888329596,-25.8461165756079,-6.94216605747068));
#11962=CARTESIAN_POINT('Ctrl Pts',(6.80706726840765,-25.7820010442631,-6.9637168862669));
#11963=CARTESIAN_POINT('Ctrl Pts',(6.88563707402825,-25.6613626702617,-6.99263101932769));
#11964=CARTESIAN_POINT('Ctrl Pts',(6.93185371103622,-25.6048380728086,-7.0000000000001));
#11965=CARTESIAN_POINT('Ctrl Pts',(6.98321488480325,-25.55433588594,-7.0000000000001));
#11966=CARTESIAN_POINT('',(6.98321488480325,-25.55433588594,-5.99999999999978));
#11967=CARTESIAN_POINT('Origin',(6.54604933416382,-27.5315731848533,-5.99999999999978));
#11968=CARTESIAN_POINT('Ctrl Pts',(5.76362432370852,-26.9088283711342,-7.00000004716534));
#11969=CARTESIAN_POINT('Ctrl Pts',(5.80848115201425,-26.8524696450832,-7.00000004344428));
#11970=CARTESIAN_POINT('Ctrl Pts',(5.85986510938924,-26.8005977983985,-6.99263106649337));
#11971=CARTESIAN_POINT('Ctrl Pts',(5.97162983133278,-26.7098482608791,-6.96371693343437));
#11972=CARTESIAN_POINT('Ctrl Pts',(6.03201280350896,-26.6709751847385,-6.9421661046395));
#11973=CARTESIAN_POINT('Ctrl Pts',(6.21863557969968,-26.5764553970036,-6.86035576045831));
#11974=CARTESIAN_POINT('Ctrl Pts',(6.35089164058082,-26.5437066502886,-6.78200148606222));
#11975=CARTESIAN_POINT('Ctrl Pts',(6.55463150052457,-26.5279040650505,-6.63954998740864));
#11976=CARTESIAN_POINT('Ctrl Pts',(6.6410651058213,-26.5325011776109,-6.57203715609016));
#11977=CARTESIAN_POINT('Ctrl Pts',(6.72440003732372,-26.5476062003043,-6.49999999999964));
#11978=CARTESIAN_POINT('Origin',(17.4999999999997,-36.25,-5.99999999999978));
#11979=CARTESIAN_POINT('',(7.96223107850126,-24.6728256722521,-7.00000004716534));
#11980=CARTESIAN_POINT('Origin',(17.4999999999997,-36.25,-6.99999999999978));
#11981=CARTESIAN_POINT('',(7.96223103578208,-24.672825707446,-5.99999999999978));
#11982=CARTESIAN_POINT('Origin',(9.97433311700976,-24.4447326177562,-5.99999999999978));
#11983=CARTESIAN_POINT('',(8.97711384991537,-24.5192535756374,-6.49999999999964));
#11984=CARTESIAN_POINT('',(8.97711384991537,-24.5192535756374,-5.99999999999978));
#11985=CARTESIAN_POINT('',(9.43678548251034,-23.60149923331,-7.00000000000011));
#11986=CARTESIAN_POINT('Ctrl Pts',(8.9771136738126,-24.5192536356645,-6.50000005494732));
#11987=CARTESIAN_POINT('Ctrl Pts',(8.97080228210405,-24.4347963549931,-6.57203717276192));
#11988=CARTESIAN_POINT('Ctrl Pts',(8.97526512691491,-24.3483557544732,-6.63954996860384));
#11989=CARTESIAN_POINT('Ctrl Pts',(9.01227774798955,-24.147383862215,-6.78200143888061));
#11990=CARTESIAN_POINT('Ctrl Pts',(9.05867161451636,-24.0192754893202,-6.86035571328354));
#11991=CARTESIAN_POINT('Ctrl Pts',(9.17218100233657,-23.843555058647,-6.94216605747068));
#11992=CARTESIAN_POINT('Ctrl Pts',(9.21715286615074,-23.7875662129361,-6.9637168862669));
#11993=CARTESIAN_POINT('Ctrl Pts',(9.3190878613248,-23.685899657984,-6.99263101932769));
#11994=CARTESIAN_POINT('Ctrl Pts',(9.3760466785574,-23.640219237747,-7.0000000000001));
#11995=CARTESIAN_POINT('Ctrl Pts',(9.43678548251034,-23.60149923331,-7.0000000000001));
#11996=CARTESIAN_POINT('',(9.43678548251033,-23.60149923331,-5.99999999999978));
#11997=CARTESIAN_POINT('Origin',(8.59808229806391,-25.4446373245227,-5.99999999999978));
#11998=CARTESIAN_POINT('Ctrl Pts',(7.96223107850126,-24.6728256722521,-7.00000004716535));
#11999=CARTESIAN_POINT('Ctrl Pts',(8.01782531551063,-24.6270247786026,-7.00000004344429));
#12000=CARTESIAN_POINT('Ctrl Pts',(8.07887117348325,-24.5869697816811,-6.99263106649337));
#12001=CARTESIAN_POINT('Ctrl Pts',(8.20706145788559,-24.5214405316019,-6.96371693343437));
#12002=CARTESIAN_POINT('Ctrl Pts',(8.27420708423258,-24.4959712512836,-6.9421661046395));
#12003=CARTESIAN_POINT('Ctrl Pts',(8.47640347388952,-24.4423180046317,-6.86035576045831));
#12004=CARTESIAN_POINT('Ctrl Pts',(8.61257826982457,-24.4377824778441,-6.78200148606222));
#12005=CARTESIAN_POINT('Ctrl Pts',(8.81515146721853,-24.464685115776,-6.63954998740864));
#12006=CARTESIAN_POINT('Ctrl Pts',(8.89874049741701,-24.4871523274179,-6.57203715609016));
#12007=CARTESIAN_POINT('Ctrl Pts',(8.97711384991537,-24.5192535756374,-6.49999999999964));
#12008=CARTESIAN_POINT('Origin',(17.4999999999997,-36.25,-5.99999999999978));
#12009=CARTESIAN_POINT('',(10.5776841024566,-22.9428010449386,-7.00000004716534));
#12010=CARTESIAN_POINT('Origin',(17.4999999999997,-36.25,-6.99999999999978));
#12011=CARTESIAN_POINT('',(10.5776840533537,-22.9428010704816,-5.99999999999978));
#12012=CARTESIAN_POINT('Origin',(12.5932400964793,-23.1380319078635,-5.99999999999978));
#12013=CARTESIAN_POINT('',(11.6023186846109,-23.0035908600818,-6.49999999999964));
#12014=CARTESIAN_POINT('',(11.6023186846109,-23.0035908600818,-5.99999999999978));
#12015=CARTESIAN_POINT('',(12.2427572462277,-22.2014627584249,-7.00000000000011));
#12016=CARTESIAN_POINT('Ctrl Pts',(11.6023184998761,-23.0035908821833,-6.5000000549473));
#12017=CARTESIAN_POINT('Ctrl Pts',(11.6137046832454,-22.9196669836085,-6.57203717276191));
#12018=CARTESIAN_POINT('Ctrl Pts',(11.6360420155989,-22.8360431952145,-6.63954996860383));
#12019=CARTESIAN_POINT('Ctrl Pts',(11.7140302280262,-22.6471583776165,-6.7820014388806));
#12020=CARTESIAN_POINT('Ctrl Pts',(11.7860455056747,-22.5314953072686,-6.86035571328354));
#12021=CARTESIAN_POINT('Ctrl Pts',(11.9336087728843,-22.3832147183511,-6.94216605747067));
#12022=CARTESIAN_POINT('Ctrl Pts',(11.9892386291533,-22.337799539496,-6.96371688626689));
#12023=CARTESIAN_POINT('Ctrl Pts',(12.1100837654533,-22.2595481198948,-6.99263101932768));
#12024=CARTESIAN_POINT('Ctrl Pts',(12.1752953892788,-22.2267083304373,-7.0000000000001));
#12025=CARTESIAN_POINT('Ctrl Pts',(12.2427572462277,-22.2014627584249,-7.0000000000001));
#12026=CARTESIAN_POINT('',(12.2427572462277,-22.2014627584249,-5.99999999999978));
#12027=CARTESIAN_POINT('Origin',(11.039171781679,-23.8299476629933,-5.99999999999978));
#12028=CARTESIAN_POINT('Ctrl Pts',(10.5776841024566,-22.9428010449386,-7.00000004716533));
#12029=CARTESIAN_POINT('Ctrl Pts',(10.6415860132415,-22.9095597025202,-7.00000004344427));
#12030=CARTESIAN_POINT('Ctrl Pts',(10.7096257748878,-22.8830721509325,-6.99263106649336));
#12031=CARTESIAN_POINT('Ctrl Pts',(10.8486390911954,-22.8456271309662,-6.96371693343436));
#12032=CARTESIAN_POINT('Ctrl Pts',(10.9196127856413,-22.8346747762352,-6.94216610463949));
#12033=CARTESIAN_POINT('Ctrl Pts',(11.1285458362906,-22.8242329750019,-6.8603557604583));
#12034=CARTESIAN_POINT('Ctrl Pts',(11.262687875258,-22.8481088924262,-6.78200148606221));
#12035=CARTESIAN_POINT('Ctrl Pts',(11.455240989322,-22.9165409791572,-6.63954998740863));
#12036=CARTESIAN_POINT('Ctrl Pts',(11.5323322026979,-22.9558963649223,-6.57203715609015));
#12037=CARTESIAN_POINT('Ctrl Pts',(11.6023186846109,-23.0035908600818,-6.49999999999964));
#12038=CARTESIAN_POINT('Origin',(17.4999999999997,-36.25,-5.99999999999978));
#12039=CARTESIAN_POINT('',(13.4956755480915,-21.7943648669864,-7.00000004716534));
#12040=CARTESIAN_POINT('Origin',(17.4999999999997,-36.25,-6.99999999999978));
#12041=CARTESIAN_POINT('',(13.495675494751,-21.7943648817622,-5.99999999999978));
#12042=CARTESIAN_POINT('Origin',(15.426596028979,-22.4043871218008,-5.99999999999978));
#12043=CARTESIAN_POINT('',(14.4852804930038,-22.0668597872638,-6.49999999999964));
#12044=CARTESIAN_POINT('',(14.4852804930038,-22.0668597872638,-5.99999999999978));
#12045=CARTESIAN_POINT('',(15.2784957453346,-21.4154147733577,-7.00000000000011));
#12046=CARTESIAN_POINT('Ctrl Pts',(14.4852803077107,-22.0668597704739,-6.50000005494731));
#12047=CARTESIAN_POINT('Ctrl Pts',(14.5138664353076,-21.987137131075,-6.57203717276191));
#12048=CARTESIAN_POINT('Ctrl Pts',(14.5531020065936,-21.9099849156311,-6.63954996860383));
#12049=CARTESIAN_POINT('Ctrl Pts',(14.6686573512615,-21.7414423455921,-6.7820014388806));
#12050=CARTESIAN_POINT('Ctrl Pts',(14.7631466268307,-21.6432796089785,-6.86035571328353));
#12051=CARTESIAN_POINT('Ctrl Pts',(14.9383145505655,-21.5289194350815,-6.94216605747067));
#12052=CARTESIAN_POINT('Ctrl Pts',(15.0021711076288,-21.4960627843244,-6.96371688626689));
#12053=CARTESIAN_POINT('Ctrl Pts',(15.1366448727192,-21.4446464626027,-6.99263101932768));
#12054=CARTESIAN_POINT('Ctrl Pts',(15.2072592422562,-21.4260825603068,-7.0000000000001));
#12055=CARTESIAN_POINT('Ctrl Pts',(15.2784957453346,-21.4154147733577,-7.0000000000001));
#12056=CARTESIAN_POINT('',(15.2784957453346,-21.4154147733577,-5.99999999999978));
#12057=CARTESIAN_POINT('Origin',(13.7626304609282,-22.7580738866144,-5.99999999999978));
#12058=CARTESIAN_POINT('Ctrl Pts',(13.4956755480916,-21.7943648669864,-7.00000004716534));
#12059=CARTESIAN_POINT('Ctrl Pts',(13.5650923125154,-21.7751358819725,-7.00000004344428));
#12060=CARTESIAN_POINT('Ctrl Pts',(13.6371523137605,-21.7633734088244,-6.99263106649336));
#12061=CARTESIAN_POINT('Ctrl Pts',(13.7809131129906,-21.7556491460246,-6.96371693343435));
#12062=CARTESIAN_POINT('Ctrl Pts',(13.8526129845187,-21.7596923873379,-6.94216610463949));
#12063=CARTESIAN_POINT('Ctrl Pts',(14.0591513192749,-21.7929183883424,-6.8603557604583));
#12064=CARTESIAN_POINT('Ctrl Pts',(14.1853979504869,-21.8441622578178,-6.78200148606222));
#12065=CARTESIAN_POINT('Ctrl Pts',(14.359515486164,-21.9511329827842,-6.63954998740864));
#12066=CARTESIAN_POINT('Ctrl Pts',(14.4267396267681,-22.0056565234665,-6.57203715609015));
#12067=CARTESIAN_POINT('Ctrl Pts',(14.4852804930038,-22.0668597872638,-6.49999999999964));
#12068=CARTESIAN_POINT('Origin',(17.4999999999997,-36.25,-5.99999999999978));
#12069=CARTESIAN_POINT('',(16.5886751871555,-21.2777093101803,-7.00000004716534));
#12070=CARTESIAN_POINT('Origin',(17.4999999999997,-36.25,-6.99999999999978));
#12071=CARTESIAN_POINT('',(16.5886751319085,-21.2777093135431,-5.99999999999978));
#12072=CARTESIAN_POINT('Origin',(18.3505696643084,-22.2758620571372,-5.99999999999978));
#12073=CARTESIAN_POINT('',(17.5000000100816,-21.7500000000001,-6.49999999999964));
#12074=CARTESIAN_POINT('',(17.5000000100816,-21.7500000000001,-5.99999999999978));
#12075=CARTESIAN_POINT('',(18.4113246403305,-21.2777093469324,-7.00000000000011));
#12076=CARTESIAN_POINT('Ctrl Pts',(17.4999998323285,-21.7499999450525,-6.50000005494731));
#12077=CARTESIAN_POINT('Ctrl Pts',(17.5445365532055,-21.6779628267229,-6.57203717276191));
#12078=CARTESIAN_POINT('Ctrl Pts',(17.5989555806856,-21.6106541062614,-6.63954996860383));
#12079=CARTESIAN_POINT('Ctrl Pts',(17.747027734536,-21.4698199028492,-6.7820014388806));
#12080=CARTESIAN_POINT('Ctrl Pts',(17.8598613732737,-21.3934476825969,-6.86035571328353));
#12081=CARTESIAN_POINT('Ctrl Pts',(18.0549782747176,-21.3180060120808,-6.94216605747067));
#12082=CARTESIAN_POINT('Ctrl Pts',(18.1242706946137,-21.2991438827234,-6.9637168862669));
#12083=CARTESIAN_POINT('Ctrl Pts',(18.2664959396833,-21.2768097988634,-6.99263101932768));
#12084=CARTESIAN_POINT('Ctrl Pts',(18.3394268681377,-21.2733331153388,-7.0000000000001));
#12085=CARTESIAN_POINT('Ctrl Pts',(18.4113246403305,-21.2777093469324,-7.0000000000001));
#12086=CARTESIAN_POINT('',(18.4113246403305,-21.2777093469324,-5.99999999999978));
#12087=CARTESIAN_POINT('Origin',(16.6494301229236,-22.275862022835,-5.99999999999978));
#12088=CARTESIAN_POINT('Ctrl Pts',(16.5886751871555,-21.2777093101803,-7.00000004716534));
#12089=CARTESIAN_POINT('Ctrl Pts',(16.6605729595144,-21.2733330814869,-7.00000004344428));
#12090=CARTESIAN_POINT('Ctrl Pts',(16.7335038325215,-21.2768097632976,-6.99263106649336));
#12091=CARTESIAN_POINT('Ctrl Pts',(16.8757290779071,-21.2991438450137,-6.96371693343436));
#12092=CARTESIAN_POINT('Ctrl Pts',(16.9450214980774,-21.3180059733244,-6.9421661046395));
#12093=CARTESIAN_POINT('Ctrl Pts',(17.1401384006307,-21.3934476408868,-6.86035576045831));
#12094=CARTESIAN_POINT('Ctrl Pts',(17.2529720405048,-21.4698198594218,-6.78200148606222));
#12095=CARTESIAN_POINT('Ctrl Pts',(17.4010442259773,-21.6106540886401,-6.63954998740864));
#12096=CARTESIAN_POINT('Ctrl Pts',(17.4554632762879,-21.6779628438787,-6.57203715609015));
#12097=CARTESIAN_POINT('Ctrl Pts',(17.5000000100816,-21.7500000000002,-6.49999999999964));
#12098=CARTESIAN_POINT('Origin',(17.4999999999997,-36.25,-5.99999999999978));
#12099=CARTESIAN_POINT('',(19.7215040935624,-21.4154147015412,-7.00000004716534));
#12100=CARTESIAN_POINT('Origin',(17.4999999999997,-36.25,-6.99999999999978));
#12101=CARTESIAN_POINT('',(19.7215040388235,-21.4154146933439,-5.99999999999978));
#12102=CARTESIAN_POINT('Origin',(21.2373693238214,-22.7580738759302,-5.99999999999978));
#12103=CARTESIAN_POINT('',(20.5147195267188,-22.0668597914561,-6.49999999999964));
#12104=CARTESIAN_POINT('',(20.5147195267188,-22.0668597914561,-5.99999999999978));
#12105=CARTESIAN_POINT('',(21.5043242755231,-21.7943648670678,-7.00000000000011));
#12106=CARTESIAN_POINT('Ctrl Pts',(20.5147193642742,-22.0668597007522,-6.50000005494731));
#12107=CARTESIAN_POINT('Ctrl Pts',(20.5732602100182,-22.0056564712354,-6.57203717276191));
#12108=CARTESIAN_POINT('Ctrl Pts',(20.64048432106,-21.9511329598236,-6.63954996860384));
#12109=CARTESIAN_POINT('Ctrl Pts',(20.8146018204407,-21.8441622535248,-6.7820014388806));
#12110=CARTESIAN_POINT('Ctrl Pts',(20.9408484508982,-21.7929183821333,-6.86035571328354));
#12111=CARTESIAN_POINT('Ctrl Pts',(21.1473867851833,-21.7596923780089,-6.94216605747067));
#12112=CARTESIAN_POINT('Ctrl Pts',(21.2190866566608,-21.7556491356147,-6.9637168862669));
#12113=CARTESIAN_POINT('Ctrl Pts',(21.3628474560276,-21.7633733962518,-6.99263101932769));
#12114=CARTESIAN_POINT('Ctrl Pts',(21.4349075118647,-21.7751358792517,-7.0000000000001));
#12115=CARTESIAN_POINT('Ctrl Pts',(21.5043242755231,-21.7943648670678,-7.0000000000001));
#12116=CARTESIAN_POINT('',(21.5043242755231,-21.7943648670678,-5.99999999999978));
#12117=CARTESIAN_POINT('Origin',(19.5734037700343,-22.4043870440113,-5.99999999999978));
#12118=CARTESIAN_POINT('Ctrl Pts',(19.7215040935624,-21.4154147015412,-7.00000004716535));
#12119=CARTESIAN_POINT('Ctrl Pts',(19.7927405962003,-21.4260824913616,-7.00000004344428));
#12120=CARTESIAN_POINT('Ctrl Pts',(19.863354911858,-21.444646380453,-6.99263106649336));
#12121=CARTESIAN_POINT('Ctrl Pts',(19.9978286777032,-21.4960627001433,-6.96371693343436));
#12122=CARTESIAN_POINT('Ctrl Pts',(20.0616852352523,-21.5289193499336,-6.9421661046395));
#12123=CARTESIAN_POINT('Ctrl Pts',(20.2368531606865,-21.6432795211721,-6.8603557604583));
#12124=CARTESIAN_POINT('Ctrl Pts',(20.3313424377243,-21.7414422563421,-6.78200148606222));
#12125=CARTESIAN_POINT('Ctrl Pts',(20.4468978079578,-21.9099848581978,-6.63954998740864));
#12126=CARTESIAN_POINT('Ctrl Pts',(20.4861333943449,-21.9871371124057,-6.57203715609015));
#12127=CARTESIAN_POINT('Ctrl Pts',(20.5147195267188,-22.0668597914561,-6.49999999999964));
#12128=CARTESIAN_POINT('Origin',(17.4999999999997,-36.25,-5.99999999999978));
#12129=CARTESIAN_POINT('',(22.7572426111212,-22.2014626546827,-7.00000004716534));
#12130=CARTESIAN_POINT('Origin',(17.4999999999997,-36.25,-6.99999999999978));
#12131=CARTESIAN_POINT('',(22.7572425592828,-22.2014626352837,-5.99999999999978));
#12132=CARTESIAN_POINT('Origin',(23.9608280099957,-23.8299476077896,-5.99999999999978));
#12133=CARTESIAN_POINT('',(23.397681333809,-23.0035908682831,-6.49999999999964));
#12134=CARTESIAN_POINT('',(23.397681333809,-23.0035908682831,-5.99999999999978));
#12135=CARTESIAN_POINT('',(24.4223157249955,-22.9428010083457,-7.00000000000011));
#12136=CARTESIAN_POINT('Ctrl Pts',(23.3976811937727,-23.0035907457872,-6.50000005494731));
#12137=CARTESIAN_POINT('Ctrl Pts',(23.4676676485144,-22.9558962798986,-6.57203717276191));
#12138=CARTESIAN_POINT('Ctrl Pts',(23.5447588268884,-22.9165409166181,-6.63954996860383));
#12139=CARTESIAN_POINT('Ctrl Pts',(23.7373119015679,-22.8481088406003,-6.7820014388806));
#12140=CARTESIAN_POINT('Ctrl Pts',(23.8714539401957,-22.8242329211448,-6.86035571328353));
#12141=CARTESIAN_POINT('Ctrl Pts',(24.0803869910328,-22.8346747192285,-6.94216605747067));
#12142=CARTESIAN_POINT('Ctrl Pts',(24.1513606856541,-22.8456270728917,-6.9637168862669));
#12143=CARTESIAN_POINT('Ctrl Pts',(24.2903740025449,-22.8830720907711,-6.99263101932768));
#12144=CARTESIAN_POINT('Ctrl Pts',(24.3584138155419,-22.9095596633455,-7.0000000000001));
#12145=CARTESIAN_POINT('Ctrl Pts',(24.4223157249955,-22.9428010083457,-7.0000000000001));
#12146=CARTESIAN_POINT('',(24.4223157249955,-22.9428010083457,-5.99999999999978));
#12147=CARTESIAN_POINT('Origin',(22.4067597230993,-23.1380317899866,-5.99999999999978));
#12148=CARTESIAN_POINT('Ctrl Pts',(22.7572426111212,-22.2014626546827,-7.00000004716535));
#12149=CARTESIAN_POINT('Ctrl Pts',(22.8247044670424,-22.2267082294121,-7.00000004344429));
#12150=CARTESIAN_POINT('Ctrl Pts',(22.8899160409112,-22.2595479947514,-6.99263106649336));
#12151=CARTESIAN_POINT('Ctrl Pts',(23.0107611783719,-22.3377994125226,-6.96371693343436));
#12152=CARTESIAN_POINT('Ctrl Pts',(23.0663910353172,-22.383214590533,-6.94216610463949));
#12153=CARTESIAN_POINT('Ctrl Pts',(23.2139543047417,-22.5314951772034,-6.8603557604583));
#12154=CARTESIAN_POINT('Ctrl Pts',(23.2859695841268,-22.6471582464445,-6.78200148606222));
#12155=CARTESIAN_POINT('Ctrl Pts',(23.363957814946,-22.8360431004795,-6.63954998740864));
#12156=CARTESIAN_POINT('Ctrl Pts',(23.3862951540111,-22.91966692993,-6.57203715609016));
#12157=CARTESIAN_POINT('Ctrl Pts',(23.397681333809,-23.0035908682831,-6.49999999999964));
#12158=CARTESIAN_POINT('Origin',(17.4999999999997,-36.25,-5.99999999999978));
#12159=CARTESIAN_POINT('',(25.5632143995251,-23.601499102176,-7.00000004716534));
#12160=CARTESIAN_POINT('Origin',(17.4999999999997,-36.25,-6.99999999999978));
#12161=CARTESIAN_POINT('',(25.5632143528528,-23.6014990724232,-5.99999999999978));
#12162=CARTESIAN_POINT('Origin',(26.4019175096407,-25.4446372272122,-5.99999999999978));
#12163=CARTESIAN_POINT('',(26.0228861663969,-24.5192535874894,-6.49999999999964));
#12164=CARTESIAN_POINT('',(26.0228861663969,-24.5192535874894,-5.99999999999978));
#12165=CARTESIAN_POINT('',(27.0377687603295,-24.6728256005843,-7.00000000000011));
#12166=CARTESIAN_POINT('Ctrl Pts',(26.022886054889,-24.5192534385551,-6.5000000549473));
#12167=CARTESIAN_POINT('Ctrl Pts',(26.101259374724,-24.4871522133176,-6.5720371727619));
#12168=CARTESIAN_POINT('Ctrl Pts',(26.1848483660107,-24.4646850163916,-6.63954996860383));
#12169=CARTESIAN_POINT('Ctrl Pts',(26.3874215226535,-24.4377823807503,-6.7820014388806));
#12170=CARTESIAN_POINT('Ctrl Pts',(26.5235963186786,-24.4423179054806,-6.86035571328353));
#12171=CARTESIAN_POINT('Ctrl Pts',(26.7257927091741,-24.4959711490907,-6.94216605747067));
#12172=CARTESIAN_POINT('Ctrl Pts',(26.7929383359145,-24.521440428401,-6.96371688626689));
#12173=CARTESIAN_POINT('Ctrl Pts',(26.9211286213214,-24.5869696765601,-6.99263101932768));
#12174=CARTESIAN_POINT('Ctrl Pts',(26.9821745251592,-24.6270247046862,-7.0000000000001));
#12175=CARTESIAN_POINT('Ctrl Pts',(27.0377687603295,-24.6728256005843,-7.0000000000001));
#12176=CARTESIAN_POINT('',(27.0377687603295,-24.6728256005843,-5.99999999999978));
#12177=CARTESIAN_POINT('Origin',(25.0256667310195,-24.4447324649436,-5.99999999999978));
#12178=CARTESIAN_POINT('Ctrl Pts',(25.5632143995251,-23.601499102176,-7.00000004716534));
#12179=CARTESIAN_POINT('Ctrl Pts',(25.6239532019077,-23.640219109057,-7.00000004344428));
#12180=CARTESIAN_POINT('Ctrl Pts',(25.6809119752899,-23.6858994953163,-6.99263106649336));
#12181=CARTESIAN_POINT('Ctrl Pts',(25.7828469719797,-23.7875660487198,-6.96371693343436));
#12182=CARTESIAN_POINT('Ctrl Pts',(25.827818836631,-23.8435548937449,-6.94216610463949));
#12183=CARTESIAN_POINT('Ctrl Pts',(25.9413282270849,-24.0192753226807,-6.8603557604583));
#12184=CARTESIAN_POINT('Ctrl Pts',(25.9877220955406,-24.1473836948541,-6.78200148606221));
#12185=CARTESIAN_POINT('Ctrl Pts',(26.0247347270295,-24.3483556265768,-6.63954998740863));
#12186=CARTESIAN_POINT('Ctrl Pts',(26.0291975698692,-24.4347962686514,-6.57203715609015));
#12187=CARTESIAN_POINT('Ctrl Pts',(26.0228861663969,-24.5192535874894,-6.49999999999963));
#12188=CARTESIAN_POINT('Origin',(17.4999999999997,-36.25,-5.99999999999978));
#12189=CARTESIAN_POINT('',(28.0167850270743,-25.5543357331455,-7.00000004716534));
#12190=CARTESIAN_POINT('Origin',(17.4999999999997,-36.25,-6.99999999999978));
#12191=CARTESIAN_POINT('',(28.0167849876078,-25.5543356943391,-5.99999999999978));
#12192=CARTESIAN_POINT('Origin',(28.4539504979749,-27.5315730496889,-5.99999999999978));
#12193=CARTESIAN_POINT('',(28.2755999761679,-26.547606215289,-6.49999999999964));
#12194=CARTESIAN_POINT('',(28.2755999761679,-26.547606215289,-5.99999999999978));
#12195=CARTESIAN_POINT('',(29.2363755335447,-26.9088282675237,-7.00000000000011));
#12196=CARTESIAN_POINT('Ctrl Pts',(28.2755998980619,-26.5476060464255,-6.50000005494731));
#12197=CARTESIAN_POINT('Ctrl Pts',(28.3589347928365,-26.5325010394207,-6.57203717276191));
#12198=CARTESIAN_POINT('Ctrl Pts',(28.4453683570122,-26.5279039331645,-6.63954996860383));
#12199=CARTESIAN_POINT('Ctrl Pts',(28.649108176619,-26.5437065121704,-6.7820014388806));
#12200=CARTESIAN_POINT('Ctrl Pts',(28.781364238016,-26.5764552568917,-6.86035571328354));
#12201=CARTESIAN_POINT('Ctrl Pts',(28.9679870156594,-26.6709750418258,-6.94216605747068));
#12202=CARTESIAN_POINT('Ctrl Pts',(29.02836998843,-26.7098481170622,-6.9637168862669));
#12203=CARTESIAN_POINT('Ctrl Pts',(29.1401347117553,-26.8005976529122,-6.99263101932768));
#12204=CARTESIAN_POINT('Ctrl Pts',(29.1915187075054,-26.8524695396555,-7.0000000000001));
#12205=CARTESIAN_POINT('Ctrl Pts',(29.2363755335447,-26.9088282675237,-7.0000000000001));
#12206=CARTESIAN_POINT('',(29.2363755335447,-26.9088282675237,-5.99999999999978));
#12207=CARTESIAN_POINT('Origin',(27.3156659906385,-26.2673799791411,-5.99999999999978));
#12208=CARTESIAN_POINT('Ctrl Pts',(28.0167850270743,-25.5543357331455,-7.00000004716534));
#12209=CARTESIAN_POINT('Ctrl Pts',(28.0681461987972,-25.6048379220782,-7.00000004344428));
#12210=CARTESIAN_POINT('Ctrl Pts',(28.1143627999773,-25.6613624771791,-6.99263106649337));
#12211=CARTESIAN_POINT('Ctrl Pts',(28.1929326074026,-25.7820008499809,-6.96371693343436));
#12212=CARTESIAN_POINT('Ctrl Pts',(28.2252809934756,-25.8461163808289,-6.9421661046395));
#12213=CARTESIAN_POINT('Ctrl Pts',(28.2997755999176,-26.0415968260853,-6.86035576045831));
#12214=CARTESIAN_POINT('Ctrl Pts',(28.3185204227698,-26.1765515505948,-6.78200148606221));
#12215=CARTESIAN_POINT('Ctrl Pts',(28.3129398253262,-26.3808271222188,-6.63954998740863));
#12216=CARTESIAN_POINT('Ctrl Pts',(28.2993331242931,-26.4663067060706,-6.57203715609016));
#12217=CARTESIAN_POINT('Ctrl Pts',(28.2755999761679,-26.547606215289,-6.49999999999964));
#12218=CARTESIAN_POINT('Origin',(17.4999999999997,-36.25,-5.99999999999978));
#12219=CARTESIAN_POINT('',(30.0107216838067,-27.974624216068,-7.00000004716534));
#12220=CARTESIAN_POINT('Origin',(17.4999999999997,-36.25,-6.99999999999978));
#12221=CARTESIAN_POINT('',(30.010721653271,-27.9746241699041,-5.99999999999978));
#12222=CARTESIAN_POINT('Origin',(30.0272432866613,-29.9995459655483,-5.99999999999978));
#12223=CARTESIAN_POINT('',(30.0573683599149,-29.0000000087313,-6.49999999999964));
#12224=CARTESIAN_POINT('',(30.0573683599149,-29.0000000087313,-5.99999999999978));
#12225=CARTESIAN_POINT('',(30.9220463785659,-29.5530849630874,-7.00000000000011));
#12226=CARTESIAN_POINT('Ctrl Pts',(30.0573683186244,-28.9999998273187,-6.50000005494731));
#12227=CARTESIAN_POINT('Ctrl Pts',(30.1420226535518,-29.0025511998346,-6.5720371727619));
#12228=CARTESIAN_POINT('Ctrl Pts',(30.2275232291076,-29.0160250998509,-6.63954996860383));
#12229=CARTESIAN_POINT('Ctrl Pts',(30.4235253039096,-29.0738422449724,-6.7820014388806));
#12230=CARTESIAN_POINT('Ctrl Pts',(30.5460824061604,-29.1333729323945,-6.86035571328353));
#12231=CARTESIAN_POINT('Ctrl Pts',(30.7089752600532,-29.2646282904945,-6.94216605747066));
#12232=CARTESIAN_POINT('Ctrl Pts',(30.7599565531942,-29.3152062217355,-6.96371688626689));
#12233=CARTESIAN_POINT('Ctrl Pts',(30.850411059722,-29.4272098550953,-6.99263101932768));
#12234=CARTESIAN_POINT('Ctrl Pts',(30.8898874202024,-29.4886315500961,-7.0000000000001));
#12235=CARTESIAN_POINT('Ctrl Pts',(30.9220463785659,-29.5530849630873,-7.0000000000001));
#12236=CARTESIAN_POINT('',(30.9220463785659,-29.5530849630873,-5.99999999999978));
#12237=CARTESIAN_POINT('Origin',(29.1766735456754,-28.5263158901757,-5.99999999999978));
#12238=CARTESIAN_POINT('Ctrl Pts',(30.0107216838067,-27.974624216068,-7.00000004716534));
#12239=CARTESIAN_POINT('Ctrl Pts',(30.0504604952074,-28.0347013990595,-7.00000004344428));
#12240=CARTESIAN_POINT('Ctrl Pts',(30.083915036942,-28.0995997287093,-6.99263106649336));
#12241=CARTESIAN_POINT('Ctrl Pts',(30.1356857774984,-28.2339374451307,-6.96371693343435));
#12242=CARTESIAN_POINT('Ctrl Pts',(30.1539969052971,-28.3033775054432,-6.9421661046395));
#12243=CARTESIAN_POINT('Ctrl Pts',(30.1862209559609,-28.5100745335433,-6.86035576045831));
#12244=CARTESIAN_POINT('Ctrl Pts',(30.1764974945033,-28.6459774413433,-6.78200148606221));
#12245=CARTESIAN_POINT('Ctrl Pts',(30.1285675670141,-28.8446288301654,-6.63954998740863));
#12246=CARTESIAN_POINT('Ctrl Pts',(30.0974860002356,-28.9254114878036,-6.57203715609015));
#12247=CARTESIAN_POINT('Ctrl Pts',(30.0573683599149,-29.0000000087313,-6.49999999999964));
#12248=CARTESIAN_POINT('Origin',(17.4999999999997,-36.25,-5.99999999999978));
#12249=CARTESIAN_POINT('',(31.4578797698536,-30.756586330407,-7.00000004716534));
#12250=CARTESIAN_POINT('Origin',(17.4999999999997,-36.25,-6.99999999999978));
#12251=CARTESIAN_POINT('',(31.4578797495831,-30.7565862789031,-5.99999999999978));
#12252=CARTESIAN_POINT('Origin',(31.053035431338,-32.7406937157194,-5.99999999999978));
#12253=CARTESIAN_POINT('',(31.2903194893948,-31.7692535911518,-6.49999999999964));
#12254=CARTESIAN_POINT('',(31.2903194893948,-31.7692535911518,-5.99999999999978));
#12255=CARTESIAN_POINT('',(32.0211093907195,-32.4900289811278,-7.00000000000011));
#12256=CARTESIAN_POINT('Ctrl Pts',(31.2903194867244,-31.7692534051187,-6.50000005494731));
#12257=CARTESIAN_POINT('Ctrl Pts',(31.3725934611516,-31.7893496499336,-6.57203717276191));
#12258=CARTESIAN_POINT('Ctrl Pts',(31.4534242626586,-31.8203056821368,-6.63954996860383));
#12259=CARTESIAN_POINT('Ctrl Pts',(31.6331223614645,-31.9176105066944,-6.7820014388806));
#12260=CARTESIAN_POINT('Ctrl Pts',(31.7406241711066,-32.0013213601171,-6.86035571328354));
#12261=CARTESIAN_POINT('Ctrl Pts',(31.872667901887,-32.1635758024011,-6.94216605747068));
#12262=CARTESIAN_POINT('Ctrl Pts',(31.9120193882529,-32.2236480913516,-6.96371688626689));
#12263=CARTESIAN_POINT('Ctrl Pts',(31.9772103819991,-32.3520107259902,-6.99263101932768));
#12264=CARTESIAN_POINT('Ctrl Pts',(32.0030538008282,-32.4202978064431,-7.0000000000001));
#12265=CARTESIAN_POINT('Ctrl Pts',(32.0211093907195,-32.4900289811278,-7.0000000000001));
#12266=CARTESIAN_POINT('',(32.0211093907195,-32.4900289811278,-5.99999999999978));
#12267=CARTESIAN_POINT('Origin',(30.5273544358702,-31.122813859158,-5.99999999999978));
#12268=CARTESIAN_POINT('Ctrl Pts',(31.4578797698536,-30.756586330407,-7.00000004716533));
#12269=CARTESIAN_POINT('Ctrl Pts',(31.4842594441858,-30.8236128462784,-7.00000004344427));
#12270=CARTESIAN_POINT('Ctrl Pts',(31.5034898024685,-30.8940485820545,-6.99263106649335));
#12271=CARTESIAN_POINT('Ctrl Pts',(31.5261988463702,-31.0362144392642,-6.96371693343435));
#12272=CARTESIAN_POINT('Ctrl Pts',(31.5296724317431,-31.1079441651951,-6.94216610463948));
#12273=CARTESIAN_POINT('Ctrl Pts',(31.5182175809865,-31.3168241241685,-6.86035576045829));
#12274=CARTESIAN_POINT('Ctrl Pts',(31.4804507971432,-31.4477356060535,-6.78200148606221));
#12275=CARTESIAN_POINT('Ctrl Pts',(31.3922663074329,-31.6320807931473,-6.63954998740863));
#12276=CARTESIAN_POINT('Ctrl Pts',(31.3450682885233,-31.7046359347948,-6.57203715609015));
#12277=CARTESIAN_POINT('Ctrl Pts',(31.2903194893948,-31.7692535911518,-6.49999999999964));
#12278=CARTESIAN_POINT('Origin',(17.4999999999997,-36.25,-5.99999999999978));
#12279=CARTESIAN_POINT('',(32.2950115326197,-33.7786369824306,-7.00000004716534));
#12280=CARTESIAN_POINT('Origin',(17.4999999999997,-36.25,-6.99999999999978));
#12281=CARTESIAN_POINT('',(32.2950115235005,-33.7786369278378,-5.99999999999978));
#12282=CARTESIAN_POINT('Origin',(31.4864948929857,-35.6352149900334,-5.99999999999978));
#12283=CARTESIAN_POINT('',(31.9205674838934,-34.7343372926457,-6.49999999999964));
#12284=CARTESIAN_POINT('',(31.9205674838934,-34.7343372926457,-5.99999999999978));
#12285=CARTESIAN_POINT('',(32.4855302424849,-35.5913017750357,-7.00000000000011));
#12286=CARTESIAN_POINT('Ctrl Pts',(31.9205675199598,-34.7343371101227,-6.50000005494731));
#12287=CARTESIAN_POINT('Ctrl Pts',(31.9968653664101,-34.7710999249056,-6.57203717276191));
#12288=CARTESIAN_POINT('Ctrl Pts',(32.0694936999732,-34.8181851621449,-6.63954996860384));
#12289=CARTESIAN_POINT('Ctrl Pts',(32.2250341535781,-34.9507249783852,-6.78200143888061));
#12290=CARTESIAN_POINT('Ctrl Pts',(32.3127823256791,-35.0549574318247,-6.86035571328354));
#12291=CARTESIAN_POINT('Ctrl Pts',(32.408205988696,-35.2411196605816,-6.94216605747068));
#12292=CARTESIAN_POINT('Ctrl Pts',(32.434207819503,-35.3080608599556,-6.96371688626691));
#12293=CARTESIAN_POINT('Ctrl Pts',(32.4712861412198,-35.4471724327871,-6.9926310193277));
#12294=CARTESIAN_POINT('Ctrl Pts',(32.4823671369843,-35.5193404255985,-7.00000000000011));
#12295=CARTESIAN_POINT('Ctrl Pts',(32.4855302424849,-35.5913017750357,-7.00000000000011));
#12296=CARTESIAN_POINT('',(32.4855302424849,-35.5913017750357,-5.99999999999978));
#12297=CARTESIAN_POINT('Origin',(31.3086774250351,-33.9433944654638,-5.99999999999978));
#12298=CARTESIAN_POINT('Ctrl Pts',(32.2950115326197,-33.7786369824306,-7.00000004716535));
#12299=CARTESIAN_POINT('Ctrl Pts',(32.3068791515314,-33.8496834508095,-7.00000004344429));
#12300=CARTESIAN_POINT('Ctrl Pts',(32.3110448674277,-33.9225782130703,-6.99263106649337));
#12301=CARTESIAN_POINT('Ctrl Pts',(32.3036997204861,-34.0663588809207,-6.96371693343437));
#12302=CARTESIAN_POINT('Ctrl Pts',(32.2921839510843,-34.1372433392494,-6.9421661046395));
#12303=CARTESIAN_POINT('Ctrl Pts',(32.2375508308519,-34.3391771725717,-6.86035576045831));
#12304=CARTESIAN_POINT('Ctrl Pts',(32.173391314302,-34.4593757686004,-6.78200148606222));
#12305=CARTESIAN_POINT('Ctrl Pts',(32.0488063477272,-34.6213579847035,-6.63954998740864));
#12306=CARTESIAN_POINT('Ctrl Pts',(31.9875546565939,-34.6825146025121,-6.57203715609016));
#12307=CARTESIAN_POINT('Ctrl Pts',(31.9205674838934,-34.7343372926457,-6.49999999999964));
#12308=CARTESIAN_POINT('Origin',(17.4999999999997,-36.25,-5.99999999999978));
#12309=CARTESIAN_POINT('',(32.4855302970682,-36.9086980572375,-7.00000004716534));
#12310=CARTESIAN_POINT('Origin',(17.4999999999997,-36.25,-6.99999999999978));
#12311=CARTESIAN_POINT('',(32.4855302994988,-36.9086980019417,-5.99999999999978));
#12312=CARTESIAN_POINT('Origin',(31.3086774131611,-38.5566053193487,-5.99999999999978));
#12313=CARTESIAN_POINT('',(31.9205674817857,-37.7656627274076,-6.49999999999964));
#12314=CARTESIAN_POINT('',(31.9205674817857,-37.7656627274076,-5.99999999999978));
#12315=CARTESIAN_POINT('',(32.2950115141015,-38.7213628421594,-7.00000000000011));
#12316=CARTESIAN_POINT('Ctrl Pts',(31.9205675550126,-37.7656625563718,-6.50000005494731));
#12317=CARTESIAN_POINT('Ctrl Pts',(31.9875546914784,-37.8174852297091,-6.57203717276191));
#12318=CARTESIAN_POINT('Ctrl Pts',(32.0488063504115,-37.8786418211771,-6.63954996860384));
#12319=CARTESIAN_POINT('Ctrl Pts',(32.173391294627,-38.0406240031339,-6.7820014388806));
#12320=CARTESIAN_POINT('Ctrl Pts',(32.2375508130037,-38.1608225982119,-6.86035571328354));
#12321=CARTESIAN_POINT('Ctrl Pts',(32.2921839362896,-38.3627564307397,-6.94216605747068));
#12322=CARTESIAN_POINT('Ctrl Pts',(32.303699706761,-38.433640888905,-6.9637168862669));
#12323=CARTESIAN_POINT('Ctrl Pts',(32.3110448558678,-38.5774215566653,-6.99263101932769));
#12324=CARTESIAN_POINT('Ctrl Pts',(32.3068791358802,-38.6503163742489,-7.0000000000001));
#12325=CARTESIAN_POINT('Ctrl Pts',(32.2950115141015,-38.7213628421594,-7.0000000000001));
#12326=CARTESIAN_POINT('',(32.2950115141015,-38.7213628421594,-5.99999999999978));
#12327=CARTESIAN_POINT('Origin',(31.4864949493402,-36.8647848019503,-5.99999999999978));
#12328=CARTESIAN_POINT('Ctrl Pts',(32.4855302970682,-36.9086980572375,-7.00000004716534));
#12329=CARTESIAN_POINT('Ctrl Pts',(32.4823671886659,-36.9806594065368,-7.00000004344428));
#12330=CARTESIAN_POINT('Ctrl Pts',(32.4712862004018,-37.0528273443838,-6.99263106649336));
#12331=CARTESIAN_POINT('Ctrl Pts',(32.4342078807841,-37.1919389177536,-6.96371693343436));
#12332=CARTESIAN_POINT('Ctrl Pts',(32.4082060509894,-37.2588801175097,-6.9421661046395));
#12333=CARTESIAN_POINT('Ctrl Pts',(32.3127823907941,-37.4450423476788,-6.86035576045831));
#12334=CARTESIAN_POINT('Ctrl Pts',(32.2250342202823,-37.5492748024279,-6.78200148606222));
#12335=CARTESIAN_POINT('Ctrl Pts',(32.0694937377072,-37.6818146474196,-6.63954998740864));
#12336=CARTESIAN_POINT('Ctrl Pts',(31.996865367171,-37.7288999037292,-6.57203715609015));
#12337=CARTESIAN_POINT('Ctrl Pts',(31.9205674817857,-37.7656627274076,-6.49999999999964));
#12338=CARTESIAN_POINT('Origin',(17.4999999999997,-36.25,-5.99999999999978));
#12339=CARTESIAN_POINT('',(32.0211094789824,-40.0099708661591,-7.00000004716534));
#12340=CARTESIAN_POINT('Origin',(17.4999999999997,-36.25,-6.99999999999978));
#12341=CARTESIAN_POINT('',(32.0211094928565,-40.009970812577,-5.99999999999978));
#12342=CARTESIAN_POINT('Origin',(30.5273544689956,-41.3771859278881,-5.99999999999978));
#12343=CARTESIAN_POINT('',(31.2903194831638,-40.7307464280252,-6.49999999999964));
#12344=CARTESIAN_POINT('',(31.2903194831638,-40.7307464280252,-5.99999999999978));
#12345=CARTESIAN_POINT('',(31.4578797882099,-41.743413494166,-7.00000000000011));
#12346=CARTESIAN_POINT('Ctrl Pts',(31.2903195903509,-40.7307462759516,-6.50000005494731));
#12347=CARTESIAN_POINT('Ctrl Pts',(31.3450683575287,-40.7953639083458,-6.5720371727619));
#12348=CARTESIAN_POINT('Ctrl Pts',(31.3922663504183,-40.8679190175334,-6.63954996860383));
#12349=CARTESIAN_POINT('Ctrl Pts',(31.4804508253572,-41.0522641665783,-6.7820014388806));
#12350=CARTESIAN_POINT('Ctrl Pts',(31.518217611185,-41.1831756479132,-6.86035571328353));
#12351=CARTESIAN_POINT('Ctrl Pts',(31.5296724650936,-41.3920556067443,-6.94216605747067));
#12352=CARTESIAN_POINT('Ctrl Pts',(31.5261988808009,-41.4637853327378,-6.96371688626689));
#12353=CARTESIAN_POINT('Ctrl Pts',(31.5034898390358,-41.6059511903095,-6.99263101932768));
#12354=CARTESIAN_POINT('Ctrl Pts',(31.484259465249,-41.6763869793487,-7.0000000000001));
#12355=CARTESIAN_POINT('Ctrl Pts',(31.4578797882098,-41.743413494166,-7.0000000000001));
#12356=CARTESIAN_POINT('',(31.4578797882098,-41.743413494166,-5.99999999999978));
#12357=CARTESIAN_POINT('Origin',(31.05303552971,-39.7593060925267,-5.99999999999978));
#12358=CARTESIAN_POINT('Ctrl Pts',(32.0211094789824,-40.0099708661591,-7.00000004716534));
#12359=CARTESIAN_POINT('Ctrl Pts',(32.0030538862815,-40.0797020401057,-7.00000004344428));
#12360=CARTESIAN_POINT('Ctrl Pts',(31.9772104862165,-40.1479890683547,-6.99263106649336));
#12361=CARTESIAN_POINT('Ctrl Pts',(31.9120194944117,-40.2763517039563,-6.96371693343436));
#12362=CARTESIAN_POINT('Ctrl Pts',(31.8726680089566,-40.336423993491,-6.94216610463949));
#12363=CARTESIAN_POINT('Ctrl Pts',(31.7406242806425,-40.4986784377429,-6.8603557604583));
#12364=CARTESIAN_POINT('Ctrl Pts',(31.6331224722826,-40.5823892927771,-6.78200148606221));
#12365=CARTESIAN_POINT('Ctrl Pts',(31.4534243391619,-40.6796941394345,-6.63954998740863));
#12366=CARTESIAN_POINT('Ctrl Pts',(31.3725934975247,-40.7106501826041,-6.57203715609015));
#12367=CARTESIAN_POINT('Ctrl Pts',(31.2903194831638,-40.7307464280252,-6.49999999999963));
#12368=CARTESIAN_POINT('Origin',(17.4999999999997,-36.25,-5.99999999999978));
#12369=CARTESIAN_POINT('',(30.9220464966509,-42.9469149058877,-7.00000004716534));
#12370=CARTESIAN_POINT('Origin',(17.4999999999997,-36.25,-6.99999999999978));
#12371=CARTESIAN_POINT('',(30.9220465213622,-42.946914856361,-5.99999999999978));
#12372=CARTESIAN_POINT('Origin',(29.1766736223526,-43.9736839084112,-5.99999999999978));
#12373=CARTESIAN_POINT('',(30.057368349833,-43.5000000087311,-6.49999999999964));
#12374=CARTESIAN_POINT('',(30.057368349833,-43.5000000087311,-5.99999999999978));
#12375=CARTESIAN_POINT('',(30.0107217382352,-44.5253756161549,-7.00000000000011));
#12376=CARTESIAN_POINT('Ctrl Pts',(30.0573684862957,-43.4999998822662,-6.50000005494731));
#12377=CARTESIAN_POINT('Ctrl Pts',(30.097486100346,-43.5745883731118,-6.57203717276191));
#12378=CARTESIAN_POINT('Ctrl Pts',(30.1285676484218,-43.6553709935895,-6.63954996860384));
#12379=CARTESIAN_POINT('Ctrl Pts',(30.1764975693733,-43.8540223421231,-6.78200143888061));
#12380=CARTESIAN_POINT('Ctrl Pts',(30.1862210328864,-43.9899252497976,-6.86035571328353));
#12381=CARTESIAN_POINT('Ctrl Pts',(30.1539969853353,-44.1966222784137,-6.94216605747067));
#12382=CARTESIAN_POINT('Ctrl Pts',(30.1356858585803,-44.2660623390121,-6.9637168862669));
#12383=CARTESIAN_POINT('Ctrl Pts',(30.0839151200385,-44.4004000562319,-6.99263101932769));
#12384=CARTESIAN_POINT('Ctrl Pts',(30.0504605520644,-44.4652984347573,-7.0000000000001));
#12385=CARTESIAN_POINT('Ctrl Pts',(30.0107217382352,-44.525375616155,-7.0000000000001));
#12386=CARTESIAN_POINT('',(30.0107217382352,-44.5253756161549,-5.99999999999978));
#12387=CARTESIAN_POINT('Origin',(30.0272434227516,-42.5004538673408,-5.99999999999978));
#12388=CARTESIAN_POINT('Ctrl Pts',(30.9220464966509,-42.9469149058877,-7.00000004716534));
#12389=CARTESIAN_POINT('Ctrl Pts',(30.8898875356927,-43.0113683175727,-7.00000004344428));
#12390=CARTESIAN_POINT('Ctrl Pts',(30.8504112044202,-43.0727899654117,-6.99263106649336));
#12391=CARTESIAN_POINT('Ctrl Pts',(30.7599566995911,-43.184793600117,-6.96371693343436));
#12392=CARTESIAN_POINT('Ctrl Pts',(30.7089754072194,-43.2353715321188,-6.94216610463949));
#12393=CARTESIAN_POINT('Ctrl Pts',(30.5460825553299,-43.3666268926565,-6.8603557604583));
#12394=CARTESIAN_POINT('Ctrl Pts',(30.4235254539982,-43.4261575819215,-6.78200148606221));
#12395=CARTESIAN_POINT('Ctrl Pts',(30.2275233410365,-43.4839747415254,-6.63954998740863));
#12396=CARTESIAN_POINT('Ctrl Pts',(30.1420227239474,-43.4974486439249,-6.57203715609015));
#12397=CARTESIAN_POINT('Ctrl Pts',(30.057368349833,-43.5000000087311,-6.49999999999964));
#12398=CARTESIAN_POINT('Origin',(17.4999999999997,-36.25,-5.99999999999978));
#12399=CARTESIAN_POINT('',(29.2363756762909,-45.5911716288658,-7.00000004716534));
#12400=CARTESIAN_POINT('Origin',(17.4999999999997,-36.25,-6.99999999999978));
#12401=CARTESIAN_POINT('',(29.2363757107594,-45.5911715855592,-5.99999999999978));
#12402=CARTESIAN_POINT('Origin',(27.3156661075162,-46.2326198397892,-5.99999999999978));
#12403=CARTESIAN_POINT('',(28.2755999626757,-45.9523937996957,-6.49999999999964));
#12404=CARTESIAN_POINT('',(28.2755999626757,-45.9523937996957,-5.99999999999978));
#12405=CARTESIAN_POINT('',(28.0167851151962,-46.94566411406,-7.00000000000011));
#12406=CARTESIAN_POINT('Ctrl Pts',(28.2756001224499,-45.9523937043665,-6.50000005494731));
#12407=CARTESIAN_POINT('Ctrl Pts',(28.2993332511332,-46.0336931786982,-6.57203717276191));
#12408=CARTESIAN_POINT('Ctrl Pts',(28.3129399415983,-46.1191727223132,-6.63954996860383));
#12409=CARTESIAN_POINT('Ctrl Pts',(28.3185205410236,-46.3234482531697,-6.7820014388806));
#12410=CARTESIAN_POINT('Ctrl Pts',(28.2997757202081,-46.4584029779838,-6.86035571328354));
#12411=CARTESIAN_POINT('Ctrl Pts',(28.2252811167035,-46.6538834243922,-6.94216605747068));
#12412=CARTESIAN_POINT('Ctrl Pts',(28.1929327315918,-46.7179989557369,-6.9637168862669));
#12413=CARTESIAN_POINT('Ctrl Pts',(28.1143629259712,-46.8386373297383,-6.99263101932769));
#12414=CARTESIAN_POINT('Ctrl Pts',(28.0681462889632,-46.8951619271915,-7.0000000000001));
#12415=CARTESIAN_POINT('Ctrl Pts',(28.0167851151962,-46.9456641140601,-7.0000000000001));
#12416=CARTESIAN_POINT('',(28.0167851151962,-46.94566411406,-5.99999999999978));
#12417=CARTESIAN_POINT('Origin',(28.4539506658356,-44.9684268151467,-5.99999999999978));
#12418=CARTESIAN_POINT('Ctrl Pts',(29.2363756762909,-45.5911716288658,-7.00000004716534));
#12419=CARTESIAN_POINT('Ctrl Pts',(29.1915188479852,-45.6475303549168,-7.00000004344428));
#12420=CARTESIAN_POINT('Ctrl Pts',(29.1401348906102,-45.6994022016015,-6.99263106649336));
#12421=CARTESIAN_POINT('Ctrl Pts',(29.0283701686666,-45.7901517391209,-6.96371693343436));
#12422=CARTESIAN_POINT('Ctrl Pts',(28.9679871964905,-45.8290248152615,-6.94216610463949));
#12423=CARTESIAN_POINT('Ctrl Pts',(28.7813644202997,-45.9235446029965,-6.8603557604583));
#12424=CARTESIAN_POINT('Ctrl Pts',(28.6491083594186,-45.9562933497114,-6.78200148606221));
#12425=CARTESIAN_POINT('Ctrl Pts',(28.4453684994749,-45.9720959349495,-6.63954998740863));
#12426=CARTESIAN_POINT('Ctrl Pts',(28.3589348941781,-45.9674988223891,-6.57203715609015));
#12427=CARTESIAN_POINT('Ctrl Pts',(28.2755999626757,-45.9523937996957,-6.49999999999964));
#12428=CARTESIAN_POINT('Origin',(17.4999999999997,-36.25,-5.99999999999978));
#12429=CARTESIAN_POINT('',(27.0377689214982,-47.8271743277479,-7.00000004716534));
#12430=CARTESIAN_POINT('Origin',(17.4999999999997,-36.25,-6.99999999999978));
#12431=CARTESIAN_POINT('',(27.0377689642173,-47.827174292554,-5.99999999999978));
#12432=CARTESIAN_POINT('Origin',(25.0256668829897,-48.0552673822438,-5.99999999999978));
#12433=CARTESIAN_POINT('',(26.0228861500841,-47.9807464243626,-6.49999999999964));
#12434=CARTESIAN_POINT('',(26.0228861500841,-47.9807464243626,-5.99999999999978));
#12435=CARTESIAN_POINT('',(25.5632145174891,-48.89850076669,-7.00000000000011));
#12436=CARTESIAN_POINT('Ctrl Pts',(26.0228863261868,-47.9807463643355,-6.50000005494731));
#12437=CARTESIAN_POINT('Ctrl Pts',(26.0291977178954,-48.065203645007,-6.57203717276192));
#12438=CARTESIAN_POINT('Ctrl Pts',(26.0247348730845,-48.1516442455268,-6.63954996860383));
#12439=CARTESIAN_POINT('Ctrl Pts',(25.9877222520099,-48.352616137785,-6.7820014388806));
#12440=CARTESIAN_POINT('Ctrl Pts',(25.9413283854831,-48.4807245106798,-6.86035571328353));
#12441=CARTESIAN_POINT('Ctrl Pts',(25.8278189976628,-48.6564449413531,-6.94216605747067));
#12442=CARTESIAN_POINT('Ctrl Pts',(25.7828471338487,-48.7124337870639,-6.9637168862669));
#12443=CARTESIAN_POINT('Ctrl Pts',(25.6809121386746,-48.814100342016,-6.99263101932769));
#12444=CARTESIAN_POINT('Ctrl Pts',(25.623953321442,-48.859780762253,-7.0000000000001));
#12445=CARTESIAN_POINT('Ctrl Pts',(25.5632145174891,-48.89850076669,-7.0000000000001));
#12446=CARTESIAN_POINT('',(25.5632145174891,-48.89850076669,-5.99999999999978));
#12447=CARTESIAN_POINT('Origin',(26.4019177019355,-47.0553626754773,-5.99999999999978));
#12448=CARTESIAN_POINT('Ctrl Pts',(27.0377689214982,-47.8271743277479,-7.00000004716534));
#12449=CARTESIAN_POINT('Ctrl Pts',(26.9821746844888,-47.8729752213974,-7.00000004344428));
#12450=CARTESIAN_POINT('Ctrl Pts',(26.9211288265162,-47.9130302183189,-6.99263106649336));
#12451=CARTESIAN_POINT('Ctrl Pts',(26.7929385421139,-47.9785594683981,-6.96371693343436));
#12452=CARTESIAN_POINT('Ctrl Pts',(26.7257929157669,-48.0040287487164,-6.94216610463949));
#12453=CARTESIAN_POINT('Ctrl Pts',(26.5235965261099,-48.0576819953683,-6.86035576045831));
#12454=CARTESIAN_POINT('Ctrl Pts',(26.3874217301749,-48.0622175221559,-6.78200148606222));
#12455=CARTESIAN_POINT('Ctrl Pts',(26.1848485327809,-48.035314884224,-6.63954998740864));
#12456=CARTESIAN_POINT('Ctrl Pts',(26.1012595025824,-48.0128476725821,-6.57203715609015));
#12457=CARTESIAN_POINT('Ctrl Pts',(26.0228861500841,-47.9807464243626,-6.49999999999964));
#12458=CARTESIAN_POINT('Origin',(17.4999999999997,-36.25,-5.99999999999978));
#12459=CARTESIAN_POINT('',(24.4223158975429,-49.5571989550614,-7.00000004716534));
#12460=CARTESIAN_POINT('Origin',(17.4999999999997,-36.25,-6.99999999999978));
#12461=CARTESIAN_POINT('',(24.4223159466457,-49.5571989295184,-5.99999999999978));
#12462=CARTESIAN_POINT('Origin',(22.4067599035201,-49.3619680921365,-5.99999999999978));
#12463=CARTESIAN_POINT('',(23.3976813153885,-49.4964091399183,-6.49999999999964));
#12464=CARTESIAN_POINT('',(23.3976813153885,-49.4964091399183,-5.99999999999978));
#12465=CARTESIAN_POINT('',(22.7572427537717,-50.2985372415751,-7.00000000000011));
#12466=CARTESIAN_POINT('Ctrl Pts',(23.3976815001233,-49.4964091178167,-6.50000005494731));
#12467=CARTESIAN_POINT('Ctrl Pts',(23.3862953167541,-49.5803330163915,-6.57203717276191));
#12468=CARTESIAN_POINT('Ctrl Pts',(23.3639579844005,-49.6639568047855,-6.63954996860383));
#12469=CARTESIAN_POINT('Ctrl Pts',(23.2859697719732,-49.8528416223836,-6.7820014388806));
#12470=CARTESIAN_POINT('Ctrl Pts',(23.2139544943248,-49.9685046927314,-6.86035571328354));
#12471=CARTESIAN_POINT('Ctrl Pts',(23.0663912271152,-50.116785281649,-6.94216605747068));
#12472=CARTESIAN_POINT('Ctrl Pts',(23.0107613708461,-50.162200460504,-6.9637168862669));
#12473=CARTESIAN_POINT('Ctrl Pts',(22.8899162345461,-50.2404518801052,-6.99263101932769));
#12474=CARTESIAN_POINT('Ctrl Pts',(22.8247046107207,-50.2732916695627,-7.00000000000009));
#12475=CARTESIAN_POINT('Ctrl Pts',(22.7572427537717,-50.2985372415751,-7.00000000000009));
#12476=CARTESIAN_POINT('',(22.7572427537717,-50.2985372415751,-5.99999999999978));
#12477=CARTESIAN_POINT('Origin',(23.9608282183204,-48.6700523370067,-5.99999999999978));
#12478=CARTESIAN_POINT('Ctrl Pts',(24.4223158975429,-49.5571989550614,-7.00000004716534));
#12479=CARTESIAN_POINT('Ctrl Pts',(24.3584139867579,-49.5904402974798,-7.00000004344428));
#12480=CARTESIAN_POINT('Ctrl Pts',(24.2903742251116,-49.6169278490675,-6.99263106649336));
#12481=CARTESIAN_POINT('Ctrl Pts',(24.1513609088041,-49.6543728690338,-6.96371693343436));
#12482=CARTESIAN_POINT('Ctrl Pts',(24.0803872143581,-49.6653252237648,-6.9421661046395));
#12483=CARTESIAN_POINT('Ctrl Pts',(23.8714541637089,-49.6757670249981,-6.86035576045831));
#12484=CARTESIAN_POINT('Ctrl Pts',(23.7373121247414,-49.6518911075738,-6.78200148606222));
#12485=CARTESIAN_POINT('Ctrl Pts',(23.5447590106774,-49.5834590208428,-6.63954998740864));
#12486=CARTESIAN_POINT('Ctrl Pts',(23.4676677973016,-49.5441036350777,-6.57203715609016));
#12487=CARTESIAN_POINT('Ctrl Pts',(23.3976813153885,-49.4964091399183,-6.49999999999964));
#12488=CARTESIAN_POINT('Origin',(17.4999999999997,-36.25,-5.99999999999978));
#12489=CARTESIAN_POINT('',(21.5043244519079,-50.7056351330136,-7.00000004716534));
#12490=CARTESIAN_POINT('Origin',(17.4999999999997,-36.25,-6.99999999999978));
#12491=CARTESIAN_POINT('',(21.5043245052484,-50.7056351182379,-5.99999999999978));
#12492=CARTESIAN_POINT('Origin',(19.5734039710204,-50.0956128781992,-5.99999999999978));
#12493=CARTESIAN_POINT('',(20.5147195069956,-50.4331402127362,-6.49999999999964));
#12494=CARTESIAN_POINT('',(20.5147195069956,-50.4331402127362,-5.99999999999978));
#12495=CARTESIAN_POINT('',(19.7215042546648,-51.0845852266423,-7.00000000000011));
#12496=CARTESIAN_POINT('Ctrl Pts',(20.5147196922887,-50.4331402295262,-6.50000005494731));
#12497=CARTESIAN_POINT('Ctrl Pts',(20.4861335646919,-50.5128628689251,-6.57203717276191));
#12498=CARTESIAN_POINT('Ctrl Pts',(20.4468979934058,-50.5900150843689,-6.63954996860384));
#12499=CARTESIAN_POINT('Ctrl Pts',(20.331342648738,-50.7585576544079,-6.7820014388806));
#12500=CARTESIAN_POINT('Ctrl Pts',(20.2368533731688,-50.8567203910215,-6.86035571328353));
#12501=CARTESIAN_POINT('Ctrl Pts',(20.061685449434,-50.9710805649185,-6.94216605747067));
#12502=CARTESIAN_POINT('Ctrl Pts',(19.9978288923707,-51.0039372156756,-6.96371688626689));
#12503=CARTESIAN_POINT('Ctrl Pts',(19.8633551272803,-51.0553535373973,-6.99263101932768));
#12504=CARTESIAN_POINT('Ctrl Pts',(19.7927407577433,-51.0739174396932,-7.0000000000001));
#12505=CARTESIAN_POINT('Ctrl Pts',(19.7215042546648,-51.0845852266423,-7.0000000000001));
#12506=CARTESIAN_POINT('',(19.7215042546648,-51.0845852266423,-5.99999999999978));
#12507=CARTESIAN_POINT('Origin',(21.2373695390713,-49.7419261133856,-5.99999999999978));
#12508=CARTESIAN_POINT('Ctrl Pts',(21.5043244519079,-50.7056351330136,-7.00000004716535));
#12509=CARTESIAN_POINT('Ctrl Pts',(21.434907687484,-50.7248641180275,-7.00000004344428));
#12510=CARTESIAN_POINT('Ctrl Pts',(21.362847686239,-50.7366265911756,-6.99263106649337));
#12511=CARTESIAN_POINT('Ctrl Pts',(21.2190868870088,-50.7443508539754,-6.96371693343437));
#12512=CARTESIAN_POINT('Ctrl Pts',(21.1473870154807,-50.7403076126621,-6.9421661046395));
#12513=CARTESIAN_POINT('Ctrl Pts',(20.9408486807246,-50.7070816116576,-6.86035576045831));
#12514=CARTESIAN_POINT('Ctrl Pts',(20.8146020495125,-50.6558377421822,-6.78200148606223));
#12515=CARTESIAN_POINT('Ctrl Pts',(20.6404845138354,-50.5488670172158,-6.63954998740864));
#12516=CARTESIAN_POINT('Ctrl Pts',(20.5732603732314,-50.4943434765336,-6.57203715609016));
#12517=CARTESIAN_POINT('Ctrl Pts',(20.5147195069956,-50.4331402127362,-6.49999999999964));
#12518=CARTESIAN_POINT('Origin',(17.4999999999997,-36.25,-6.49999999999978));
#12519=CARTESIAN_POINT('',(16.588675359669,-51.2222906530676,-7.00000000000011));
#12520=CARTESIAN_POINT('Origin',(17.4999999999997,-36.25,-6.99999999999978));
#12521=CARTESIAN_POINT('',(17.4999999899178,-50.7499999999999,-6.49999999999964));
#12522=CARTESIAN_POINT('Ctrl Pts',(16.588675359669,-51.2222906530676,-7.00000000000011));
#12523=CARTESIAN_POINT('Ctrl Pts',(16.6605731318617,-51.2266668846612,-7.00000000000011));
#12524=CARTESIAN_POINT('Ctrl Pts',(16.7335040603162,-51.2231902011366,-6.99263101932768));
#12525=CARTESIAN_POINT('Ctrl Pts',(16.8757293053858,-51.2008561172766,-6.96371688626689));
#12526=CARTESIAN_POINT('Ctrl Pts',(16.9450217252819,-51.1819939879192,-6.94216605747067));
#12527=CARTESIAN_POINT('Ctrl Pts',(17.1401386267257,-51.1065523174031,-6.86035571328353));
#12528=CARTESIAN_POINT('Ctrl Pts',(17.2529722654634,-51.0301800971508,-6.7820014388806));
#12529=CARTESIAN_POINT('Ctrl Pts',(17.4010444193139,-50.8893458937386,-6.63954996860383));
#12530=CARTESIAN_POINT('Ctrl Pts',(17.455463446794,-50.8220371732771,-6.57203717276191));
#12531=CARTESIAN_POINT('Ctrl Pts',(17.500000167671,-50.7500000549475,-6.50000005494731));
#12532=CARTESIAN_POINT('',(18.4113248128439,-51.2222906898197,-7.00000004716534));
#12533=CARTESIAN_POINT('Ctrl Pts',(17.4999999899178,-50.7499999999999,-6.49999999999964));
#12534=CARTESIAN_POINT('Ctrl Pts',(17.5445367237115,-50.8220371561213,-6.57203715609015));
#12535=CARTESIAN_POINT('Ctrl Pts',(17.5989557740222,-50.88934591136,-6.63954998740863));
#12536=CARTESIAN_POINT('Ctrl Pts',(17.7470279594946,-51.0301801405783,-6.78200148606221));
#12537=CARTESIAN_POINT('Ctrl Pts',(17.8598615993688,-51.1065523591132,-6.86035576045831));
#12538=CARTESIAN_POINT('Ctrl Pts',(18.0549785019221,-51.1819940266756,-6.9421661046395));
#12539=CARTESIAN_POINT('Ctrl Pts',(18.1242709220924,-51.2008561549863,-6.96371693343436));
#12540=CARTESIAN_POINT('Ctrl Pts',(18.2664961674779,-51.2231902367024,-6.99263106649336));
#12541=CARTESIAN_POINT('Ctrl Pts',(18.3394270404851,-51.2266669185131,-7.00000004344428));
#12542=CARTESIAN_POINT('Ctrl Pts',(18.4113248128439,-51.2222906898197,-7.00000004716534));
#12543=CARTESIAN_POINT('Origin',(17.4999999999997,-36.25,-6.99999999999978));
#12544=CARTESIAN_POINT('',(3.49999999999972,-36.25,-5.99999999999978));
#12545=CARTESIAN_POINT('',(2.99999999999972,-36.25,-6.49999999999978));
#12546=CARTESIAN_POINT('Origin',(17.4999999999997,-36.25,-5.99999999999978));
#12547=CARTESIAN_POINT('Origin',(17.4999999999997,-36.25,-5.99999999999978));
#12548=CARTESIAN_POINT('',(16.588675359669,-51.2222906530676,-5.99999999999978));
#12549=CARTESIAN_POINT('Origin',(17.4999999999997,-36.25,-5.99999999999978));
#12550=CARTESIAN_POINT('',(18.4113248680909,-51.222290686457,-5.99999999999978));
#12551=CARTESIAN_POINT('Origin',(16.649430335691,-50.2241379428629,-5.99999999999978));
#12552=CARTESIAN_POINT('',(17.4999999899178,-50.7499999999999,-5.99999999999978));
#12553=CARTESIAN_POINT('Origin',(18.3505698770759,-50.224137977165,-5.99999999999978));
#12554=CARTESIAN_POINT('Origin',(17.4999999999997,-36.25,-10.9999999999998));
#12555=CARTESIAN_POINT('Ctrl Pts',(26.2699997766852,-33.2683439304748,-10.9999999999998));
#12556=CARTESIAN_POINT('Ctrl Pts',(26.2053811278862,-33.0462322543692,-10.9999999999998));
#12557=CARTESIAN_POINT('Ctrl Pts',(26.1323963981431,-32.8270060117136,-10.9999999999998));
#12558=CARTESIAN_POINT('Ctrl Pts',(26.0514194353048,-32.6110390448892,-10.9999999999998));
#12559=CARTESIAN_POINT('Ctrl Pts',(25.9692636426735,-32.3919281185252,-10.9999999999998));
#12560=CARTESIAN_POINT('Ctrl Pts',(25.8788810550328,-32.176171502628,-10.9999999999998));
#12561=CARTESIAN_POINT('Ctrl Pts',(25.7806080329302,-31.9641634472821,-10.9999999999998));
#12562=CARTESIAN_POINT('Ctrl Pts',(25.6814431495686,-31.7502313463832,-10.9999999999998));
#12563=CARTESIAN_POINT('Ctrl Pts',(25.5742437339619,-31.5401155614359,-10.9999999999998));
#12564=CARTESIAN_POINT('Ctrl Pts',(25.4593038862382,-31.3342337322825,-10.9999999999998));
#12565=CARTESIAN_POINT('Ctrl Pts',(25.3443730105526,-31.1283679739667,-10.9999999999998));
#12566=CARTESIAN_POINT('Ctrl Pts',(25.2217026059443,-30.9267349214038,-10.9999999999998));
#12567=CARTESIAN_POINT('Ctrl Pts',(25.0915395959413,-30.7297734770482,-10.9999999999998));
#12568=CARTESIAN_POINT('Ctrl Pts',(25.0056146901403,-30.599752716524,-10.9999999999998));
#12569=CARTESIAN_POINT('Ctrl Pts',(24.9164237328119,-30.4717681810452,-10.9999999999998));
#12570=CARTESIAN_POINT('Ctrl Pts',(24.8240274799915,-30.345953143472,-10.9999999999998));
#12571=CARTESIAN_POINT('Ctrl Pts',(24.7777920182283,-30.282994785515,-10.9999999999998));
#12572=CARTESIAN_POINT('Ctrl Pts',(24.7307538139245,-30.2205797760816,-10.9999999999998));
#12573=CARTESIAN_POINT('Ctrl Pts',(24.6829197648146,-30.1587254468027,-10.9999999999998));
#12574=CARTESIAN_POINT('Ctrl Pts',(24.6617964703858,-30.1314108616197,-10.9999999999998));
#12575=CARTESIAN_POINT('Ctrl Pts',(24.6405179750065,-30.1042056185691,-10.9999999999998));
#12576=CARTESIAN_POINT('Ctrl Pts',(24.6190848442899,-30.077111238876,-10.9999999999998));
#12577=CARTESIAN_POINT('Ctrl Pts',(24.6030807238055,-30.0568798633111,-10.9999999999998));
#12578=CARTESIAN_POINT('Ctrl Pts',(24.5869915097203,-30.0367117759278,-10.9999999999998));
#12579=CARTESIAN_POINT('Ctrl Pts',(24.570824930168,-30.0166167101688,-10.9999999999998));
#12580=CARTESIAN_POINT('Ctrl Pts',(24.4205420605272,-29.8298150346447,-10.9999999999998));
#12581=CARTESIAN_POINT('Ctrl Pts',(24.2634036509521,-29.6491010335373,-10.9999999999998));
#12582=CARTESIAN_POINT('Ctrl Pts',(24.0997373788148,-29.4748830080257,-10.9999999999998));
#12583=CARTESIAN_POINT('Ctrl Pts',(24.0378745535045,-29.4090318150011,-10.9999999999998));
#12584=CARTESIAN_POINT('Ctrl Pts',(23.9750785916958,-29.3441088896271,-10.9999999999998));
#12585=CARTESIAN_POINT('Ctrl Pts',(23.9113654203247,-29.2801370646897,-10.9999999999998));
#12586=CARTESIAN_POINT('Ctrl Pts',(23.7442748063432,-29.1123681202739,-10.9999999999998));
#12587=CARTESIAN_POINT('Ctrl Pts',(23.5708789687369,-28.9511383033677,-10.9999999999998));
#12588=CARTESIAN_POINT('Ctrl Pts',(23.3916649367965,-28.7966381142049,-10.9999999999998));
#12589=CARTESIAN_POINT('Ctrl Pts',(23.2109034017249,-28.6408038245595,-10.9999999999998));
#12590=CARTESIAN_POINT('Ctrl Pts',(23.0242222748657,-28.4918154782254,-10.9999999999998));
#12591=CARTESIAN_POINT('Ctrl Pts',(22.8320812490256,-28.3499036792169,-10.9999999999998));
#12592=CARTESIAN_POINT('Ctrl Pts',(22.6396402178662,-28.2077703018424,-10.9999999999998));
#12593=CARTESIAN_POINT('Ctrl Pts',(22.4417216832168,-28.072735202106,-10.9999999999998));
#12594=CARTESIAN_POINT('Ctrl Pts',(22.2387552738566,-27.9450710504509,-10.9999999999998));
#12595=CARTESIAN_POINT('Ctrl Pts',(22.1455667224282,-27.886456241234,-10.9999999999998));
#12596=CARTESIAN_POINT('Ctrl Pts',(22.0513136676081,-27.8293958532295,-10.9999999999998));
#12597=CARTESIAN_POINT('Ctrl Pts',(21.9560359041412,-27.7739195117361,-10.9999999999998));
#12598=CARTESIAN_POINT('Ctrl Pts',(21.9166322565481,-27.7509763807219,-10.9999999999998));
#12599=CARTESIAN_POINT('Ctrl Pts',(21.8770533343782,-27.7283042052981,-10.9999999999998));
#12600=CARTESIAN_POINT('Ctrl Pts',(21.8373019062703,-27.705905189847,-10.9999999999998));
#12601=CARTESIAN_POINT('Ctrl Pts',(21.8095677411649,-27.6902776256993,-10.9999999999998));
#12602=CARTESIAN_POINT('Ctrl Pts',(21.7817479310335,-27.6747821707281,-10.9999999999998));
#12603=CARTESIAN_POINT('Ctrl Pts',(21.7538630954806,-27.6594302421527,-10.9999999999998));
#12604=CARTESIAN_POINT('Ctrl Pts',(21.541931271804,-27.5427516906953,-10.9999999999998));
#12605=CARTESIAN_POINT('Ctrl Pts',(21.3259976901777,-27.4342190241609,-10.9999999999998));
#12606=CARTESIAN_POINT('Ctrl Pts',(21.1065624710865,-27.3340210095384,-10.9999999999998));
#12607=CARTESIAN_POINT('Ctrl Pts',(20.8857533362203,-27.2331956405947,-10.9999999999998));
#12608=CARTESIAN_POINT('Ctrl Pts',(20.6613980406172,-27.1408092233327,-10.9999999999998));
#12609=CARTESIAN_POINT('Ctrl Pts',(20.4339710424559,-27.0570933890968,-10.9999999999998));
#12610=CARTESIAN_POINT('Ctrl Pts',(20.2383403239255,-26.9850817592713,-10.9999999999998));
#12611=CARTESIAN_POINT('Ctrl Pts',(20.0404359894349,-26.9194862423727,-10.9999999999998));
#12612=CARTESIAN_POINT('Ctrl Pts',(19.8405440641039,-26.8604806812438,-10.9999999999998));
#12613=CARTESIAN_POINT('Ctrl Pts',(19.6087835753086,-26.7920679243692,-10.9999999999998));
#12614=CARTESIAN_POINT('Ctrl Pts',(19.3743511393701,-26.7325126023271,-10.9999999999998));
#12615=CARTESIAN_POINT('Ctrl Pts',(19.1377546787837,-26.6818022720556,-10.9999999999998));
#12616=CARTESIAN_POINT('Ctrl Pts',(18.9682868945602,-26.6454798043101,-10.9999999999998));
#12617=CARTESIAN_POINT('Ctrl Pts',(18.7977084361352,-26.6136962796895,-10.9999999999998));
#12618=CARTESIAN_POINT('Ctrl Pts',(18.6262026800942,-26.5864632097427,-10.9999999999998));
#12619=CARTESIAN_POINT('Ctrl Pts',(18.5511689118263,-26.574548741641,-10.9999999999998));
#12620=CARTESIAN_POINT('Ctrl Pts',(18.4759576314985,-26.5635054336252,-10.9999999999998));
#12621=CARTESIAN_POINT('Ctrl Pts',(18.4005841356934,-26.5533350693594,-10.9999999999998));
#12622=CARTESIAN_POINT('Ctrl Pts',(18.3586988155556,-26.5476833617048,-10.9999999999998));
#12623=CARTESIAN_POINT('Ctrl Pts',(18.3167634019621,-26.5423012336285,-10.9999999999998));
#12624=CARTESIAN_POINT('Ctrl Pts',(18.2747805200301,-26.5371890584122,-10.9999999999998));
#12625=CARTESIAN_POINT('Ctrl Pts',(18.2485609221765,-26.5339963481417,-10.9999999999998));
#12626=CARTESIAN_POINT('Ctrl Pts',(18.2223232885086,-26.5309090257997,-10.9999999999998));
#12627=CARTESIAN_POINT('Ctrl Pts',(18.1960817058523,-26.5279285973586,-10.9999999999998));
#12628=CARTESIAN_POINT('Ctrl Pts',(17.9549630562836,-26.500543172849,-10.9999999999998));
#12629=CARTESIAN_POINT('Ctrl Pts',(17.7132208967855,-26.4821423104697,-10.9999999999998));
#12630=CARTESIAN_POINT('Ctrl Pts',(17.4713786015011,-26.4726360974024,-10.9999999999998));
#12631=CARTESIAN_POINT('Ctrl Pts',(17.2260579612619,-26.4629931593333,-10.9999999999998));
#12632=CARTESIAN_POINT('Ctrl Pts',(16.9806336732259,-26.4625024143672,-10.9999999999998));
#12633=CARTESIAN_POINT('Ctrl Pts',(16.7356344438471,-26.4711204336763,-10.9999999999998));
#12634=CARTESIAN_POINT('Ctrl Pts',(16.4903204388581,-26.4797495254378,-10.9999999999998));
#12635=CARTESIAN_POINT('Ctrl Pts',(16.2454319192155,-26.4975107448858,-10.9999999999998));
#12636=CARTESIAN_POINT('Ctrl Pts',(16.0014918355705,-26.5244121202502,-10.9999999999998));
#12637=CARTESIAN_POINT('Ctrl Pts',(15.759545420421,-26.5510936366077,-10.9999999999998));
#12638=CARTESIAN_POINT('Ctrl Pts',(15.518531350025,-26.5867665321537,-10.9999999999998));
#12639=CARTESIAN_POINT('Ctrl Pts',(15.2789620317363,-26.63148959406,-10.9999999999998));
#12640=CARTESIAN_POINT('Ctrl Pts',(15.1878080033588,-26.6485063276019,-10.9999999999998));
#12641=CARTESIAN_POINT('Ctrl Pts',(15.0968632102758,-26.6668338142532,-10.9999999999998));
#12642=CARTESIAN_POINT('Ctrl Pts',(15.0061562636553,-26.6864772495815,-10.9999999999998));
#12643=CARTESIAN_POINT('Ctrl Pts',(14.9046914818775,-26.7084503944531,-10.9999999999998));
#12644=CARTESIAN_POINT('Ctrl Pts',(14.8035242954463,-26.7320701221885,-10.9999999999998));
#12645=CARTESIAN_POINT('Ctrl Pts',(14.7026888123854,-26.7573204369539,-10.9999999999998));
#12646=CARTESIAN_POINT('Ctrl Pts',(14.6361387834751,-26.7739852966503,-10.9999999999998));
#12647=CARTESIAN_POINT('Ctrl Pts',(14.569733248748,-26.7913604431645,-10.9999999999998));
#12648=CARTESIAN_POINT('Ctrl Pts',(14.5034821565464,-26.8094416502933,-10.9999999999998));
#12649=CARTESIAN_POINT('Ctrl Pts',(14.4691235890662,-26.8188187692903,-10.9999999999998));
#12650=CARTESIAN_POINT('Ctrl Pts',(14.4348048509876,-26.8283863434816,-10.9999999999998));
#12651=CARTESIAN_POINT('Ctrl Pts',(14.4005485157619,-26.8381375986917,-10.9999999999998));
#12652=CARTESIAN_POINT('Ctrl Pts',(14.1640504571213,-26.9054580785765,-10.9999999999998));
#12653=CARTESIAN_POINT('Ctrl Pts',(13.9303000853701,-26.9815893033678,-10.9999999999998));
#12654=CARTESIAN_POINT('Ctrl Pts',(13.6997287068791,-27.0662156986508,-10.9999999999998));
#12655=CARTESIAN_POINT('Ctrl Pts',(13.467109437845,-27.1515937292657,-10.9999999999998));
#12656=CARTESIAN_POINT('Ctrl Pts',(13.2377252827617,-27.2456186966043,-10.9999999999998));
#12657=CARTESIAN_POINT('Ctrl Pts',(13.0120281820711,-27.3480188305448,-10.9999999999998));
#12658=CARTESIAN_POINT('Ctrl Pts',(12.7930810977752,-27.4473564413922,-10.9999999999998));
#12659=CARTESIAN_POINT('Ctrl Pts',(12.5776033663092,-27.5545762120076,-10.9999999999998));
#12660=CARTESIAN_POINT('Ctrl Pts',(12.3660237224818,-27.6694737013784,-10.9999999999998));
#12661=CARTESIAN_POINT('Ctrl Pts',(12.335652093698,-27.685966894354,-10.9999999999998));
#12662=CARTESIAN_POINT('Ctrl Pts',(12.3053588945622,-27.7026194362123,-10.9999999999998));
#12663=CARTESIAN_POINT('Ctrl Pts',(12.2751516735913,-27.7194273104803,-10.9999999999998));
#12664=CARTESIAN_POINT('Ctrl Pts',(12.0564024959337,-27.8411435278657,-10.9999999999998));
#12665=CARTESIAN_POINT('Ctrl Pts',(11.8424221112669,-27.9708546173793,-10.9999999999998));
#12666=CARTESIAN_POINT('Ctrl Pts',(11.6336631869771,-28.1082716395251,-10.9999999999998));
#12667=CARTESIAN_POINT('Ctrl Pts',(11.4251558354484,-28.2455230621412,-10.9999999999998));
#12668=CARTESIAN_POINT('Ctrl Pts',(11.2218567674586,-28.3904621440282,-10.9999999999998));
#12669=CARTESIAN_POINT('Ctrl Pts',(11.0242368643416,-28.5428487184466,-10.9999999999998));
#12670=CARTESIAN_POINT('Ctrl Pts',(10.8760248118285,-28.657136432456,-10.9999999999998));
#12671=CARTESIAN_POINT('Ctrl Pts',(10.7310075148047,-28.7756142007558,-10.9999999999998));
#12672=CARTESIAN_POINT('Ctrl Pts',(10.589394044013,-28.8981969095577,-10.9999999999998));
#12673=CARTESIAN_POINT('Ctrl Pts',(10.5123342630855,-28.9649009923894,-10.9999999999998));
#12674=CARTESIAN_POINT('Ctrl Pts',(10.4362825489484,-29.0328208079498,-10.9999999999998));
#12675=CARTESIAN_POINT('Ctrl Pts',(10.361257932152,-29.101927214214,-10.9999999999998));
#12676=CARTESIAN_POINT('Ctrl Pts',(7.74102119104704,-33.6418138761943,-10.9999999999998));
#12677=CARTESIAN_POINT('Ctrl Pts',(7.68703350548302,-33.8829630321022,-10.9999999999998));
#12678=CARTESIAN_POINT('Ctrl Pts',(7.64217574866272,-34.1256737518271,-10.9999999999998));
#12679=CARTESIAN_POINT('Ctrl Pts',(7.60634487529315,-34.3694330114083,-10.9999999999998));
#12680=CARTESIAN_POINT('Ctrl Pts',(7.57015351936008,-34.6156446522603,-10.9999999999998));
#12681=CARTESIAN_POINT('Ctrl Pts',(7.54317156971391,-34.8629266759475,-10.9999999999998));
#12682=CARTESIAN_POINT('Ctrl Pts',(7.52534519130112,-35.1107614298464,-10.9999999999998));
#12683=CARTESIAN_POINT('Ctrl Pts',(7.50746576414259,-35.359333704432,-10.9999999999998));
#12684=CARTESIAN_POINT('Ctrl Pts',(7.49879650757717,-35.6084626658734,-10.9999999999998));
#12685=CARTESIAN_POINT('Ctrl Pts',(7.49933538965536,-35.8576272115802,-10.9999999999998));
#12686=CARTESIAN_POINT('Ctrl Pts',(7.49986908311331,-36.1043926791585,-10.9999999999998));
#12687=CARTESIAN_POINT('Ctrl Pts',(7.50943456925993,-36.3511936740384,-10.9999999999998));
#12688=CARTESIAN_POINT('Ctrl Pts',(7.52807980997465,-36.5975155755337,-10.9999999999998));
#12689=CARTESIAN_POINT('Ctrl Pts',(7.54079025497989,-36.765433009824,-10.9999999999998));
#12690=CARTESIAN_POINT('Ctrl Pts',(7.55772121543303,-36.9331276254807,-10.9999999999998));
#12691=CARTESIAN_POINT('Ctrl Pts',(7.57890099428206,-37.1004318774663,-10.9999999999998));
#12692=CARTESIAN_POINT('Ctrl Pts',(7.59589970062687,-37.2347088153897,-10.9999999999998));
#12693=CARTESIAN_POINT('Ctrl Pts',(7.61563549865576,-37.3687342447465,-10.9999999999998));
#12694=CARTESIAN_POINT('Ctrl Pts',(7.63812794226803,-37.5024191376818,-10.9999999999998));
#12695=CARTESIAN_POINT('Ctrl Pts',(7.64231847735949,-37.5273257794278,-10.9999999999998));
#12696=CARTESIAN_POINT('Ctrl Pts',(7.6466041185219,-37.5522169518331,-10.9999999999998));
#12697=CARTESIAN_POINT('Ctrl Pts',(7.65098345178488,-37.5770840736889,-10.9999999999998));
#12698=CARTESIAN_POINT('Ctrl Pts',(7.69375547509426,-37.819956002309,-10.9999999999998));
#12699=CARTESIAN_POINT('Ctrl Pts',(7.74549881447059,-38.0607629752943,-10.9999999999998));
#12700=CARTESIAN_POINT('Ctrl Pts',(7.80618060047437,-38.2990093203202,-10.9999999999998));
#12701=CARTESIAN_POINT('Ctrl Pts',(7.83058980274726,-38.3948437314259,-10.9999999999998));
#12702=CARTESIAN_POINT('Ctrl Pts',(7.85644587058868,-38.4902637578605,-10.9999999999998));
#12703=CARTESIAN_POINT('Ctrl Pts',(7.88374901201942,-38.5852367364543,-10.9999999999998));
#12704=CARTESIAN_POINT('Ctrl Pts',(7.9516040907762,-38.8212681454624,-10.9999999999998));
#12705=CARTESIAN_POINT('Ctrl Pts',(8.02839349825016,-39.0545397126438,-10.9999999999998));
#12706=CARTESIAN_POINT('Ctrl Pts',(8.11382315221078,-39.2846130543129,-10.9999999999998));
#12707=CARTESIAN_POINT('Ctrl Pts',(8.19945415697909,-39.5152286603016,-10.9999999999998));
#12708=CARTESIAN_POINT('Ctrl Pts',(8.29376653317026,-39.7426315245055,-10.9999999999998));
#12709=CARTESIAN_POINT('Ctrl Pts',(8.39651097036161,-39.9663568414201,-10.9999999999998));
#12710=CARTESIAN_POINT('Ctrl Pts',(8.4987093127979,-40.1888930407,-10.9999999999998));
#12711=CARTESIAN_POINT('Ctrl Pts',(8.6092507066433,-40.4077912160401,-10.9999999999998));
#12712=CARTESIAN_POINT('Ctrl Pts',(8.7279305224828,-40.6225626327139,-10.9999999999998));
#12713=CARTESIAN_POINT('Ctrl Pts',(8.78208212839818,-40.7205592215637,-10.9999999999998));
#12714=CARTESIAN_POINT('Ctrl Pts',(8.83792863377574,-40.8176961621887,-10.9999999999998));
#12715=CARTESIAN_POINT('Ctrl Pts',(8.89545310988121,-40.9139243802779,-10.9999999999998));
#12716=CARTESIAN_POINT('Ctrl Pts',(8.91595497843923,-40.9482203602226,-10.9999999999998));
#12717=CARTESIAN_POINT('Ctrl Pts',(8.93667000118648,-40.9824008950372,-10.9999999999998));
#12718=CARTESIAN_POINT('Ctrl Pts',(8.95759745643071,-41.0164637061479,-10.9999999999998));
#12719=CARTESIAN_POINT('Ctrl Pts',(8.97192438193831,-41.0397830897838,-10.9999999999998));
#12720=CARTESIAN_POINT('Ctrl Pts',(8.98635201332529,-41.063049122742,-10.9999999999998));
#12721=CARTESIAN_POINT('Ctrl Pts',(9.00087645489206,-41.0862552084935,-10.9999999999998));
#12722=CARTESIAN_POINT('Ctrl Pts',(9.13026022373296,-41.292975089652,-10.9999999999998));
#12723=CARTESIAN_POINT('Ctrl Pts',(9.26704811701193,-41.4945048085398,-10.9999999999998));
#12724=CARTESIAN_POINT('Ctrl Pts',(9.41094744184394,-41.6904277026109,-10.9999999999998));
#12725=CARTESIAN_POINT('Ctrl Pts',(9.55442480885459,-41.8857760894864,-10.9999999999998));
#12726=CARTESIAN_POINT('Ctrl Pts',(9.70497235671205,-42.0755510129619,-10.9999999999998));
#12727=CARTESIAN_POINT('Ctrl Pts',(9.86234300651023,-42.2593112552185,-10.9999999999998));
#12728=CARTESIAN_POINT('Ctrl Pts',(10.0118622700161,-42.4339035068176,-10.9999999999998));
#12729=CARTESIAN_POINT('Ctrl Pts',(10.1675413698854,-42.6030664489533,-10.9999999999998));
#12730=CARTESIAN_POINT('Ctrl Pts',(10.3291998359815,-42.7663914510334,-10.9999999999998));
#12731=CARTESIAN_POINT('Ctrl Pts',(10.5000265641558,-42.9389792307406,-10.9999999999998));
#12732=CARTESIAN_POINT('Ctrl Pts',(10.6775304702947,-43.1050487177685,-10.9999999999998));
#12733=CARTESIAN_POINT('Ctrl Pts',(10.8612770329133,-43.2643081428961,-10.9999999999998));
#12734=CARTESIAN_POINT('Ctrl Pts',(10.9891581661905,-43.3751470912833,-10.9999999999998));
#12735=CARTESIAN_POINT('Ctrl Pts',(11.1200636807122,-43.482686591516,-10.9999999999998));
#12736=CARTESIAN_POINT('Ctrl Pts',(11.2538535645654,-43.5868148457421,-10.9999999999998));
#12737=CARTESIAN_POINT('Ctrl Pts',(11.3123866387512,-43.6323709569661,-10.9999999999998));
#12738=CARTESIAN_POINT('Ctrl Pts',(11.3714718566434,-43.6772739857573,-10.9999999999998));
#12739=CARTESIAN_POINT('Ctrl Pts',(11.4310977296417,-43.7215138579364,-10.9999999999998));
#12740=CARTESIAN_POINT('Ctrl Pts',(11.4637805068763,-43.7457630942932,-10.9999999999998));
#12741=CARTESIAN_POINT('Ctrl Pts',(11.4966257247413,-43.7698130792272,-10.9999999999998));
#12742=CARTESIAN_POINT('Ctrl Pts',(11.5296315058856,-43.793662096253,-10.9999999999998));
#12743=CARTESIAN_POINT('Ctrl Pts',(11.5548795047624,-43.8119055655545,-10.9999999999998));
#12744=CARTESIAN_POINT('Ctrl Pts',(11.5802227107975,-43.830032256762,-10.9999999999998));
#12745=CARTESIAN_POINT('Ctrl Pts',(11.6056429877431,-43.8480293337132,-10.9999999999998));
#12746=CARTESIAN_POINT('Ctrl Pts',(11.8013557878943,-43.9865903073877,-10.9999999999998));
#12747=CARTESIAN_POINT('Ctrl Pts',(12.0018642775864,-44.1176393487001,-10.9999999999998));
#12748=CARTESIAN_POINT('Ctrl Pts',(12.2067063232097,-44.2409649645408,-10.9999999999998));
#12749=CARTESIAN_POINT('Ctrl Pts',(12.4125552921083,-44.3648968008117,-10.9999999999998));
#12750=CARTESIAN_POINT('Ctrl Pts',(12.6227811005838,-44.4810294328167,-10.9999999999998));
#12751=CARTESIAN_POINT('Ctrl Pts',(12.8369437592031,-44.589104739833,-10.9999999999998));
#12752=CARTESIAN_POINT('Ctrl Pts',(13.0501154965364,-44.6966799871149,-10.9999999999998));
#12753=CARTESIAN_POINT('Ctrl Pts',(13.2671883316181,-44.7962725673479,-10.9999999999998));
#12754=CARTESIAN_POINT('Ctrl Pts',(13.4877481882075,-44.8875805006012,-10.9999999999998));
#12755=CARTESIAN_POINT('Ctrl Pts',(13.7050151165286,-44.9775252189921,-10.9999999999998));
#12756=CARTESIAN_POINT('Ctrl Pts',(13.9256662871939,-45.0594309916936,-10.9999999999998));
#12757=CARTESIAN_POINT('Ctrl Pts',(14.1493165699594,-45.1329599183401,-10.9999999999998));
#12758=CARTESIAN_POINT('Ctrl Pts',(14.2302034529465,-45.1595528902438,-10.9999999999998));
#12759=CARTESIAN_POINT('Ctrl Pts',(14.3114826897876,-45.185049662023,-10.9999999999998));
#12760=CARTESIAN_POINT('Ctrl Pts',(14.3931361962187,-45.2094325598639,-10.9999999999998));
#12761=CARTESIAN_POINT('Ctrl Pts',(14.486603363908,-45.2373431849045,-10.9999999999998));
#12762=CARTESIAN_POINT('Ctrl Pts',(14.580560946145,-45.2637943254829,-10.9999999999998));
#12763=CARTESIAN_POINT('Ctrl Pts',(14.674974159307,-45.2887798710507,-10.9999999999998));
#12764=CARTESIAN_POINT('Ctrl Pts',(14.744962535735,-45.3073016193303,-10.9999999999998));
#12765=CARTESIAN_POINT('Ctrl Pts',(14.8152012911696,-45.325017959448,-10.9999999999998));
#12766=CARTESIAN_POINT('Ctrl Pts',(14.8856761933017,-45.3419258978426,-10.9999999999998));
#12767=CARTESIAN_POINT('Ctrl Pts',(14.9142378034703,-45.3487782371943,-10.9999999999998));
#12768=CARTESIAN_POINT('Ctrl Pts',(14.942837879599,-45.3554976733562,-10.9999999999998));
#12769=CARTESIAN_POINT('Ctrl Pts',(14.9714620154426,-45.3620810349333,-10.9999999999998));
#12770=CARTESIAN_POINT('Ctrl Pts',(15.2031993579768,-45.4153790881964,-10.9999999999998));
#12771=CARTESIAN_POINT('Ctrl Pts',(15.4367375527888,-45.459817224382,-10.9999999999998));
#12772=CARTESIAN_POINT('Ctrl Pts',(15.671555731287,-45.4954075250725,-10.9999999999998));
#12773=CARTESIAN_POINT('Ctrl Pts',(15.9069269211763,-45.5310816431311,-10.9999999999998));
#12774=CARTESIAN_POINT('Ctrl Pts',(16.14358481099,-45.5578662150016,-10.9999999999998));
#12775=CARTESIAN_POINT('Ctrl Pts',(16.3810088237957,-45.5757213374302,-10.9999999999998));
#12776=CARTESIAN_POINT('Ctrl Pts',(16.6022725703203,-45.5923611508869,-10.9999999999998));
#12777=CARTESIAN_POINT('Ctrl Pts',(16.8242021709597,-45.601245218771,-10.9999999999998));
#12778=CARTESIAN_POINT('Ctrl Pts',(17.0463715733378,-45.6023005112668,-10.9999999999998));
#12779=CARTESIAN_POINT('Ctrl Pts',(17.094464443913,-45.6025289497686,-10.9999999999998));
#12780=CARTESIAN_POINT('Ctrl Pts',(17.1425743054224,-45.6023902528413,-10.9999999999998));
#12781=CARTESIAN_POINT('Ctrl Pts',(17.1906637900917,-45.6018840230444,-10.9999999999998));
#12782=CARTESIAN_POINT('Ctrl Pts',(17.4268767152566,-45.5993974498992,-10.9999999999998));
#12783=CARTESIAN_POINT('Ctrl Pts',(17.6627238563718,-45.5880502214472,-10.9999999999998));
#12784=CARTESIAN_POINT('Ctrl Pts',(17.8976962513965,-45.5678141896494,-10.9999999999998));
#12785=CARTESIAN_POINT('Ctrl Pts',(18.1301713065346,-45.5477932309853,-10.9999999999998));
#12786=CARTESIAN_POINT('Ctrl Pts',(18.3617907368524,-45.5190713104464,-10.9999999999998));
#12787=CARTESIAN_POINT('Ctrl Pts',(18.5920532019668,-45.4815712707086,-10.9999999999998));
#12788=CARTESIAN_POINT('Ctrl Pts',(18.7383244989095,-45.4577498482934,-10.9999999999998));
#12789=CARTESIAN_POINT('Ctrl Pts',(18.8840480256587,-45.4303852290671,-10.9999999999998));
#12790=CARTESIAN_POINT('Ctrl Pts',(19.0290917442715,-45.3994472473167,-10.9999999999998));
#12791=CARTESIAN_POINT('Ctrl Pts',(19.1206294618221,-45.3799221533509,-10.9999999999998));
#12792=CARTESIAN_POINT('Ctrl Pts',(19.2118963532211,-45.3589736409327,-10.9999999999998));
#12793=CARTESIAN_POINT('Ctrl Pts',(19.3028620043363,-45.336613657284,-10.9999999999998));
#12794=CARTESIAN_POINT('Origin',(17.4999999999997,-36.25,-5.99999999999978));
#12795=CARTESIAN_POINT('Ctrl Pts',(14.8792660365371,-46.0056166254499,-5.99999999999978));
#12796=CARTESIAN_POINT('Ctrl Pts',(14.643430870002,-45.9317967457225,-5.99999999999978));
#12797=CARTESIAN_POINT('Ctrl Pts',(14.4108083139218,-45.8492893353954,-5.99999999999978));
#12798=CARTESIAN_POINT('Ctrl Pts',(14.1817911377997,-45.7584401453758,-5.99999999999978));
#12799=CARTESIAN_POINT('Ctrl Pts',(13.950469909491,-45.6666769572079,-5.99999999999978));
#12800=CARTESIAN_POINT('Ctrl Pts',(13.7228264055505,-45.5664029994776,-5.99999999999978));
#12801=CARTESIAN_POINT('Ctrl Pts',(13.4992820090795,-45.4579237200241,-5.99999999999978));
#12802=CARTESIAN_POINT('Ctrl Pts',(13.2750723907089,-45.3491216286661,-5.99999999999978));
#12803=CARTESIAN_POINT('Ctrl Pts',(13.0549857524135,-45.2320649538775,-5.99999999999978));
#12804=CARTESIAN_POINT('Ctrl Pts',(12.8394723665286,-45.1070160056179,-5.99999999999978));
#12805=CARTESIAN_POINT('Ctrl Pts',(12.6260340653676,-44.983171099331,-5.99999999999978));
#12806=CARTESIAN_POINT('Ctrl Pts',(12.4170808922822,-44.8514866693263,-5.99999999999978));
#12807=CARTESIAN_POINT('Ctrl Pts',(12.213082502914,-44.7121784886618,-5.99999999999978));
#12808=CARTESIAN_POINT('Ctrl Pts',(12.0740169657528,-44.6172122144915,-5.99999999999978));
#12809=CARTESIAN_POINT('Ctrl Pts',(11.9372546528183,-44.5187022761077,-5.99999999999978));
#12810=CARTESIAN_POINT('Ctrl Pts',(11.8029548138975,-44.4167079346205,-5.99999999999978));
#12811=CARTESIAN_POINT('Ctrl Pts',(11.695166905551,-44.3348481437195,-5.99999999999978));
#12812=CARTESIAN_POINT('Ctrl Pts',(11.5889653565751,-44.250743714939,-5.99999999999978));
#12813=CARTESIAN_POINT('Ctrl Pts',(11.4844370443936,-44.1644222278754,-5.99999999999978));
#12814=CARTESIAN_POINT('Ctrl Pts',(11.464962497118,-44.1483397728387,-5.99999999999978));
#12815=CARTESIAN_POINT('Ctrl Pts',(11.4455488999597,-44.1321826879854,-5.99999999999978));
#12816=CARTESIAN_POINT('Ctrl Pts',(11.4262029774411,-44.1159564884216,-5.99999999999978));
#12817=CARTESIAN_POINT('Ctrl Pts',(11.2372557356857,-43.9574788738863,-5.99999999999978));
#12818=CARTESIAN_POINT('Ctrl Pts',(11.0545824562862,-43.7922643480796,-5.99999999999978));
#12819=CARTESIAN_POINT('Ctrl Pts',(10.8785959695486,-43.6205892118878,-5.99999999999978));
#12820=CARTESIAN_POINT('Ctrl Pts',(10.8078055944892,-43.5515330729496,-5.99999999999978));
#12821=CARTESIAN_POINT('Ctrl Pts',(10.738097518251,-43.4814311052385,-5.99999999999978));
#12822=CARTESIAN_POINT('Ctrl Pts',(10.6695001319252,-43.4102994600825,-5.99999999999978));
#12823=CARTESIAN_POINT('Ctrl Pts',(10.499018482408,-43.2335195439865,-5.99999999999978));
#12824=CARTESIAN_POINT('Ctrl Pts',(10.3353940904966,-43.0503821904501,-5.99999999999978));
#12825=CARTESIAN_POINT('Ctrl Pts',(10.178859566283,-42.861361274711,-5.99999999999978));
#12826=CARTESIAN_POINT('Ctrl Pts',(10.02195609702,-42.671894844914,-5.99999999999978));
#12827=CARTESIAN_POINT('Ctrl Pts',(9.87217562990939,-42.4765164953644,-5.99999999999978));
#12828=CARTESIAN_POINT('Ctrl Pts',(9.72979604293807,-42.2756745387353,-5.99999999999978));
#12829=CARTESIAN_POINT('Ctrl Pts',(9.58817321115958,-42.0759000679506,-5.99999999999978));
#12830=CARTESIAN_POINT('Ctrl Pts',(9.45387252685877,-41.8707193127288,-5.99999999999978));
#12831=CARTESIAN_POINT('Ctrl Pts',(9.3272149318663,-41.6605538554864,-5.99999999999978));
#12832=CARTESIAN_POINT('Ctrl Pts',(9.26942319977042,-41.5646588892075,-5.99999999999978));
#12833=CARTESIAN_POINT('Ctrl Pts',(9.21322339468256,-41.4677259208231,-5.99999999999978));
#12834=CARTESIAN_POINT('Ctrl Pts',(9.15864955182025,-41.3697941482764,-5.99999999999978));
#12835=CARTESIAN_POINT('Ctrl Pts',(9.1391993003713,-41.3348910243442,-5.99999999999978));
#12836=CARTESIAN_POINT('Ctrl Pts',(9.11995560435566,-41.2998610260666,-5.99999999999978));
#12837=CARTESIAN_POINT('Ctrl Pts',(9.10092007622848,-41.2647059177367,-5.99999999999978));
#12838=CARTESIAN_POINT('Ctrl Pts',(9.08788836167715,-41.2406387453569,-5.99999999999978));
#12839=CARTESIAN_POINT('Ctrl Pts',(9.07495320309675,-41.2165110344782,-5.99999999999978));
#12840=CARTESIAN_POINT('Ctrl Pts',(9.06211836538262,-41.1923294571107,-5.99999999999978));
#12841=CARTESIAN_POINT('Ctrl Pts',(8.94778558537354,-40.9769198799102,-5.99999999999978));
#12842=CARTESIAN_POINT('Ctrl Pts',(8.84164967968043,-40.7576932237531,-5.99999999999978));
#12843=CARTESIAN_POINT('Ctrl Pts',(8.74392514202799,-40.5351113001165,-5.99999999999978));
#12844=CARTESIAN_POINT('Ctrl Pts',(8.64648715953759,-40.3131820477611,-5.99999999999978));
#12845=CARTESIAN_POINT('Ctrl Pts',(8.55741102854541,-40.0879165711174,-5.99999999999978));
#12846=CARTESIAN_POINT('Ctrl Pts',(8.47695531528417,-39.8597494564752,-5.99999999999978));
#12847=CARTESIAN_POINT('Ctrl Pts',(8.40051361664855,-39.6429658234794,-5.99999999999978));
#12848=CARTESIAN_POINT('Ctrl Pts',(8.33185375716871,-39.4235622710023,-5.99999999999978));
#12849=CARTESIAN_POINT('Ctrl Pts',(8.27123938617302,-39.2018994068001,-5.99999999999978));
#12850=CARTESIAN_POINT('Ctrl Pts',(8.20718735039275,-38.967665223127,-5.99999999999978));
#12851=CARTESIAN_POINT('Ctrl Pts',(8.15211891030751,-38.7309075819014,-5.99999999999978));
#12852=CARTESIAN_POINT('Ctrl Pts',(8.10606948480054,-38.4921486740043,-5.99999999999978));
#12853=CARTESIAN_POINT('Ctrl Pts',(8.07402070731955,-38.325980887402,-5.99999999999978));
#12854=CARTESIAN_POINT('Ctrl Pts',(8.04634152621778,-38.1588436346112,-5.99999999999978));
#12855=CARTESIAN_POINT('Ctrl Pts',(8.02305875534139,-37.9909140683041,-5.99999999999978));
#12856=CARTESIAN_POINT('Ctrl Pts',(8.01287254308297,-37.9174448830448,-5.99999999999978));
#12857=CARTESIAN_POINT('Ctrl Pts',(8.0035279886284,-37.8438240686394,-5.99999999999978));
#12858=CARTESIAN_POINT('Ctrl Pts',(7.99502807217459,-37.7700666115867,-5.99999999999978));
#12859=CARTESIAN_POINT('Ctrl Pts',(7.99036900619252,-37.7296378778521,-5.99999999999978));
#12860=CARTESIAN_POINT('Ctrl Pts',(7.98596371731305,-37.6891680921472,-5.99999999999978));
#12861=CARTESIAN_POINT('Ctrl Pts',(7.98181275338095,-37.6486597385467,-5.99999999999978));
#12862=CARTESIAN_POINT('Ctrl Pts',(7.97863744507162,-37.6176725958279,-5.99999999999978));
#12863=CARTESIAN_POINT('Ctrl Pts',(7.97561087312946,-37.5866613903564,-5.99999999999978));
#12864=CARTESIAN_POINT('Ctrl Pts',(7.97273508587318,-37.5556482466633,-5.99999999999978));
#12865=CARTESIAN_POINT('Ctrl Pts',(7.95059416294727,-37.3168754992363,-5.99999999999978));
#12866=CARTESIAN_POINT('Ctrl Pts',(7.937356609082,-37.0777055299718,-5.99999999999978));
#12867=CARTESIAN_POINT('Ctrl Pts',(7.93297451594441,-36.8386443045167,-5.99999999999978));
#12868=CARTESIAN_POINT('Ctrl Pts',(7.92857088220918,-36.5984079507598,-5.99999999999978));
#12869=CARTESIAN_POINT('Ctrl Pts',(7.93310997715853,-36.3582807454759,-5.99999999999978));
#12870=CARTESIAN_POINT('Ctrl Pts',(7.94659534524737,-36.1187727906801,-5.99999999999978));
#12871=CARTESIAN_POINT('Ctrl Pts',(7.96001831712585,-35.8803730287519,-5.99999999999978));
#12872=CARTESIAN_POINT('Ctrl Pts',(7.9823050302741,-35.6425861508229,-5.99999999999978));
#12873=CARTESIAN_POINT('Ctrl Pts',(8.01350996893086,-35.4059217470351,-5.99999999999978));
#12874=CARTESIAN_POINT('Ctrl Pts',(8.04424902241349,-35.1727907082119,-5.99999999999978));
#12875=CARTESIAN_POINT('Ctrl Pts',(8.08364212841007,-34.9407483022743,-5.99999999999978));
#12876=CARTESIAN_POINT('Ctrl Pts',(8.13178935216701,-34.7102970116382,-5.99999999999978));
#12877=CARTESIAN_POINT('Ctrl Pts',(8.14920260300092,-34.6269504380309,-5.99999999999978));
#12878=CARTESIAN_POINT('Ctrl Pts',(8.16776136772219,-34.5438121759802,-5.99999999999978));
#12879=CARTESIAN_POINT('Ctrl Pts',(8.18747191017194,-34.4609067238014,-5.99999999999978));
#12880=CARTESIAN_POINT('Ctrl Pts',(8.21003418358343,-34.3660064700855,-5.99999999999978));
#12881=CARTESIAN_POINT('Ctrl Pts',(8.23410561489899,-34.2714112470342,-5.99999999999978));
#12882=CARTESIAN_POINT('Ctrl Pts',(8.25967410419662,-34.1771542334329,-5.99999999999978));
#12883=CARTESIAN_POINT('Ctrl Pts',(8.27862798793584,-34.1072816470392,-5.99999999999978));
#12884=CARTESIAN_POINT('Ctrl Pts',(8.29840456512286,-34.037594930094,-5.99999999999978));
#12885=CARTESIAN_POINT('Ctrl Pts',(8.31899931210266,-33.9681079049237,-5.99999999999978));
#12886=CARTESIAN_POINT('Ctrl Pts',(8.32734581746599,-33.939946654444,-5.99999999999978));
#12887=CARTESIAN_POINT('Ctrl Pts',(8.33582665335653,-33.9118185430551,-5.99999999999978));
#12888=CARTESIAN_POINT('Ctrl Pts',(8.34443736316049,-33.8837376326289,-5.99999999999978));
#12889=CARTESIAN_POINT('Ctrl Pts',(8.41414856648495,-33.6563981796887,-5.99999999999978));
#12890=CARTESIAN_POINT('Ctrl Pts',(8.49243310931735,-33.4319291009665,-5.99999999999978));
#12891=CARTESIAN_POINT('Ctrl Pts',(8.5790200943882,-33.2107754412673,-5.99999999999978));
#12892=CARTESIAN_POINT('Ctrl Pts',(8.66581099694026,-32.9891009515934,-5.99999999999978));
#12893=CARTESIAN_POINT('Ctrl Pts',(8.76094382232309,-32.7707569198355,-5.99999999999978));
#12894=CARTESIAN_POINT('Ctrl Pts',(8.86419283928823,-32.5562141306281,-5.99999999999978));
#12895=CARTESIAN_POINT('Ctrl Pts',(8.96041421122275,-32.3562741978037,-5.99999999999978));
#12896=CARTESIAN_POINT('Ctrl Pts',(9.06368518288299,-32.1596354909938,-5.99999999999978));
#12897=CARTESIAN_POINT('Ctrl Pts',(9.17385597374686,-31.966703497413,-5.99999999999978));
#12898=CARTESIAN_POINT('Ctrl Pts',(9.19770457450653,-31.9249396319402,-5.99999999999978));
#12899=CARTESIAN_POINT('Ctrl Pts',(9.2218796193141,-31.8833446195851,-5.99999999999978));
#12900=CARTESIAN_POINT('Ctrl Pts',(9.24636276847776,-31.8419510205084,-5.99999999999978));
#12901=CARTESIAN_POINT('Ctrl Pts',(9.36662266640385,-31.6386279117664,-5.99999999999978));
#12902=CARTESIAN_POINT('Ctrl Pts',(9.49437322488359,-31.4400519089248,-5.99999999999978));
#12903=CARTESIAN_POINT('Ctrl Pts',(9.62938433980062,-31.2466778602147,-5.99999999999978));
#12904=CARTESIAN_POINT('Ctrl Pts',(9.762960524822,-31.0553590363927,-5.99999999999978));
#12905=CARTESIAN_POINT('Ctrl Pts',(9.90364415130746,-30.8691316863701,-5.99999999999978));
#12906=CARTESIAN_POINT('Ctrl Pts',(10.0512513692603,-30.6884685624549,-5.99999999999978));
#12907=CARTESIAN_POINT('Ctrl Pts',(10.1450169762775,-30.5737046117857,-5.99999999999978));
#12908=CARTESIAN_POINT('Ctrl Pts',(10.2415771967415,-30.4611866426198,-5.99999999999978));
#12909=CARTESIAN_POINT('Ctrl Pts',(10.3408921359491,-30.3510440860732,-5.99999999999978));
#12910=CARTESIAN_POINT('Ctrl Pts',(10.4035702220681,-30.2815326439914,-5.99999999999978));
#12911=CARTESIAN_POINT('Ctrl Pts',(10.4673456116463,-30.2129674535245,-5.99999999999978));
#12912=CARTESIAN_POINT('Ctrl Pts',(10.53219275102,-30.145368880467,-5.99999999999978));
#12913=CARTESIAN_POINT('Ctrl Pts',(24.4671897898994,-30.1457854369691,-5.99999999999978));
#12914=CARTESIAN_POINT('Ctrl Pts',(24.6272347929494,-30.3128026387491,-5.99999999999978));
#12915=CARTESIAN_POINT('Ctrl Pts',(24.7805978965357,-30.485622362999,-5.99999999999978));
#12916=CARTESIAN_POINT('Ctrl Pts',(24.9271422683908,-30.6637339263295,-5.99999999999978));
#12917=CARTESIAN_POINT('Ctrl Pts',(25.0758199803872,-30.8444383735957,-5.99999999999978));
#12918=CARTESIAN_POINT('Ctrl Pts',(25.2174793766775,-31.0305902796871,-5.99999999999978));
#12919=CARTESIAN_POINT('Ctrl Pts',(25.3519472077621,-31.2217012222293,-5.99999999999978));
#12920=CARTESIAN_POINT('Ctrl Pts',(25.487635388396,-31.4145465732966,-5.99999999999978));
#12921=CARTESIAN_POINT('Ctrl Pts',(25.61600127618,-31.612441876054,-5.99999999999978));
#12922=CARTESIAN_POINT('Ctrl Pts',(25.736830235267,-31.8149236117468,-5.99999999999978));
#12923=CARTESIAN_POINT('Ctrl Pts',(25.8576497746434,-32.0173895621564,-5.99999999999978));
#12924=CARTESIAN_POINT('Ctrl Pts',(25.9709339179872,-32.224441789246,-5.99999999999978));
#12925=CARTESIAN_POINT('Ctrl Pts',(26.0764260271182,-32.4356469989607,-5.99999999999978));
#12926=CARTESIAN_POINT('Ctrl Pts',(26.1460648612033,-32.5750705509059,-5.99999999999978));
#12927=CARTESIAN_POINT('Ctrl Pts',(26.2123072463122,-32.7163044742589,-5.99999999999978));
#12928=CARTESIAN_POINT('Ctrl Pts',(26.27506814297,-32.8592295160675,-5.99999999999978));
#12929=CARTESIAN_POINT('Ctrl Pts',(26.3064739285132,-32.9307497372694,-5.99999999999978));
#12930=CARTESIAN_POINT('Ctrl Pts',(26.3370077903438,-33.00269347904,-5.99999999999978));
#12931=CARTESIAN_POINT('Ctrl Pts',(26.366658167746,-33.0750461019515,-5.99999999999978));
#12932=CARTESIAN_POINT('Ctrl Pts',(26.3797516574614,-33.1069967348599,-5.99999999999978));
#12933=CARTESIAN_POINT('Ctrl Pts',(26.3926728533392,-33.1390271047996,-5.99999999999978));
#12934=CARTESIAN_POINT('Ctrl Pts',(26.4054207207659,-33.171135961317,-5.99999999999978));
#12935=CARTESIAN_POINT('Ctrl Pts',(26.4149395432073,-33.1951116188726,-5.99999999999978));
#12936=CARTESIAN_POINT('Ctrl Pts',(26.4243610097635,-33.2191293255919,-5.99999999999978));
#12937=CARTESIAN_POINT('Ctrl Pts',(26.4336805550638,-33.2431775219186,-5.99999999999978));
#12938=CARTESIAN_POINT('Ctrl Pts',(26.5203141115288,-33.4667271380443,-5.99999999999978));
#12939=CARTESIAN_POINT('Ctrl Pts',(26.5982478195026,-33.693169987323,-5.99999999999978));
#12940=CARTESIAN_POINT('Ctrl Pts',(26.6672919192728,-33.9220181415552,-5.99999999999978));
#12941=CARTESIAN_POINT('Ctrl Pts',(26.6933893388433,-34.0085186002305,-5.99999999999978));
#12942=CARTESIAN_POINT('Ctrl Pts',(26.718216284669,-34.0953630453901,-5.99999999999978));
#12943=CARTESIAN_POINT('Ctrl Pts',(26.7417609464522,-34.1825262673974,-5.99999999999978));
#12944=CARTESIAN_POINT('Ctrl Pts',(26.8035078112923,-34.4111154795874,-5.99999999999978));
#12945=CARTESIAN_POINT('Ctrl Pts',(26.8564390144835,-34.6418956100126,-5.99999999999978));
#12946=CARTESIAN_POINT('Ctrl Pts',(26.900633092094,-34.8743496292095,-5.99999999999978));
#12947=CARTESIAN_POINT('Ctrl Pts',(26.9452087811812,-35.1088108658055,-5.99999999999978));
#12948=CARTESIAN_POINT('Ctrl Pts',(26.9808959144889,-35.3449756459885,-5.99999999999978));
#12949=CARTESIAN_POINT('Ctrl Pts',(27.0077246289296,-35.5823305625612,-5.99999999999978));
#12950=CARTESIAN_POINT('Ctrl Pts',(27.0345952320995,-35.8200560707197,-5.99999999999978));
#12951=CARTESIAN_POINT('Ctrl Pts',(27.0525797958819,-36.0589760959611,-5.99999999999978));
#12952=CARTESIAN_POINT('Ctrl Pts',(27.0616569945769,-36.2985822341443,-5.99999999999978));
#12953=CARTESIAN_POINT('Ctrl Pts',(27.0658246347142,-36.4085932840491,-5.99999999999978));
#12954=CARTESIAN_POINT('Ctrl Pts',(27.0681138552069,-36.5187490101536,-5.99999999999978));
#12955=CARTESIAN_POINT('Ctrl Pts',(27.0685188971128,-36.6290001366066,-5.99999999999978));
#12956=CARTESIAN_POINT('Ctrl Pts',(27.0686864088921,-36.6745963134309,-5.99999999999978));
#12957=CARTESIAN_POINT('Ctrl Pts',(27.0685316282282,-36.7202088047155,-5.99999999999978));
#12958=CARTESIAN_POINT('Ctrl Pts',(27.0680540303837,-36.7658341105492,-5.99999999999978));
#12959=CARTESIAN_POINT('Ctrl Pts',(27.067720816188,-36.7976663303916,-5.99999999999978));
#12960=CARTESIAN_POINT('Ctrl Pts',(27.0672303701051,-36.8295066663281,-5.99999999999978));
#12961=CARTESIAN_POINT('Ctrl Pts',(27.0665831143323,-36.8613315527669,-5.99999999999978));
#12962=CARTESIAN_POINT('Ctrl Pts',(27.061663797775,-37.1032091803883,-5.99999999999978));
#12963=CARTESIAN_POINT('Ctrl Pts',(27.047689058022,-37.3444794891927,-5.99999999999978));
#12964=CARTESIAN_POINT('Ctrl Pts',(27.0247454777532,-37.5846149790798,-5.99999999999978));
#12965=CARTESIAN_POINT('Ctrl Pts',(27.0016582457649,-37.82625397782,-5.99999999999978));
#12966=CARTESIAN_POINT('Ctrl Pts',(26.9694895864326,-38.0667445661792,-5.99999999999978));
#12967=CARTESIAN_POINT('Ctrl Pts',(26.9282761296421,-38.3055600361823,-5.99999999999978));
#12968=CARTESIAN_POINT('Ctrl Pts',(26.8928246827763,-38.5109869672106,-5.99999999999978));
#12969=CARTESIAN_POINT('Ctrl Pts',(26.8506799137523,-38.7151748521014,-5.99999999999978));
#12970=CARTESIAN_POINT('Ctrl Pts',(26.8018342824551,-38.9177890650029,-5.99999999999978));
#12971=CARTESIAN_POINT('Ctrl Pts',(26.745201229774,-39.1527059058431,-5.99999999999978));
#12972=CARTESIAN_POINT('Ctrl Pts',(26.6795614389123,-39.3855080047491,-5.99999999999978));
#12973=CARTESIAN_POINT('Ctrl Pts',(26.6051796473743,-39.6157617092177,-5.99999999999978));
#12974=CARTESIAN_POINT('Ctrl Pts',(26.5519019372282,-39.7806863483406,-5.99999999999978));
#12975=CARTESIAN_POINT('Ctrl Pts',(26.4941380493492,-39.9443033885022,-5.99999999999978));
#12976=CARTESIAN_POINT('Ctrl Pts',(26.4319697028318,-40.1064482650465,-5.99999999999978));
#12977=CARTESIAN_POINT('Ctrl Pts',(26.4047710512304,-40.1773866485346,-5.99999999999978));
#12978=CARTESIAN_POINT('Ctrl Pts',(26.3767291967413,-40.2480431820149,-5.99999999999978));
#12979=CARTESIAN_POINT('Ctrl Pts',(26.3478502429653,-40.3184037264179,-5.99999999999978));
#12980=CARTESIAN_POINT('Ctrl Pts',(26.331802106342,-40.3575033294792,-5.99999999999978));
#12981=CARTESIAN_POINT('Ctrl Pts',(26.3154954602297,-40.396511524989,-5.99999999999978));
#12982=CARTESIAN_POINT('Ctrl Pts',(26.2989312939168,-40.4354258528876,-5.99999999999978));
#12983=CARTESIAN_POINT('Ctrl Pts',(26.2885864626392,-40.4597290474333,-5.99999999999978));
#12984=CARTESIAN_POINT('Ctrl Pts',(26.2781413448073,-40.4839951674956,-5.99999999999978));
#12985=CARTESIAN_POINT('Ctrl Pts',(26.2676016796264,-40.5082112605332,-5.99999999999978));
#12986=CARTESIAN_POINT('Ctrl Pts',(26.1707588327154,-40.7307188402875,-5.99999999999978));
#12987=CARTESIAN_POINT('Ctrl Pts',(26.0658233716726,-40.9492741154068,-5.99999999999978));
#12988=CARTESIAN_POINT('Ctrl Pts',(25.9531348505832,-41.1634687867676,-5.99999999999978));
#12989=CARTESIAN_POINT('Ctrl Pts',(25.8388255616266,-41.3807441609125,-5.99999999999978));
#12990=CARTESIAN_POINT('Ctrl Pts',(25.7165384167676,-41.593533200698,-5.99999999999978));
#12991=CARTESIAN_POINT('Ctrl Pts',(25.5865753799617,-41.8013997470564,-5.99999999999978));
#12992=CARTESIAN_POINT('Ctrl Pts',(25.4564453650644,-42.0095333628834,-5.99999999999978));
#12993=CARTESIAN_POINT('Ctrl Pts',(25.3186194381073,-42.2127324339595,-5.99999999999978));
#12994=CARTESIAN_POINT('Ctrl Pts',(25.1733521220321,-42.4105400573503,-5.99999999999978));
#12995=CARTESIAN_POINT('Ctrl Pts',(25.0292720430379,-42.606731043553,-5.99999999999978));
#12996=CARTESIAN_POINT('Ctrl Pts',(24.8778713736614,-42.797618905814,-5.99999999999978));
#12997=CARTESIAN_POINT('Ctrl Pts',(24.7193554066586,-42.982730492493,-5.99999999999978));
#12998=CARTESIAN_POINT('Ctrl Pts',(24.6590414574171,-43.0531638441236,-5.99999999999978));
#12999=CARTESIAN_POINT('Ctrl Pts',(24.597696979983,-43.1227606157466,-5.99999999999978));
#13000=CARTESIAN_POINT('Ctrl Pts',(24.5353317804668,-43.1914934315491,-5.99999999999978));
#13001=CARTESIAN_POINT('Ctrl Pts',(24.4655700875538,-43.2683779380728,-5.99999999999978));
#13002=CARTESIAN_POINT('Ctrl Pts',(24.3945312097992,-43.3441814279413,-5.99999999999978));
#13003=CARTESIAN_POINT('Ctrl Pts',(24.3222460540059,-43.4188823606657,-5.99999999999978));
#13004=CARTESIAN_POINT('Ctrl Pts',(24.2745388477619,-43.4681839463784,-5.99999999999978));
#13005=CARTESIAN_POINT('Ctrl Pts',(24.2262887622152,-43.5170052530165,-5.99999999999978));
#13006=CARTESIAN_POINT('Ctrl Pts',(24.1775044315342,-43.5653397781671,-5.99999999999978));
#13007=CARTESIAN_POINT('Ctrl Pts',(24.1522043246013,-43.5904066108527,-5.99999999999978));
#13008=CARTESIAN_POINT('Ctrl Pts',(24.126759193341,-43.6153437226599,-5.99999999999978));
#13009=CARTESIAN_POINT('Ctrl Pts',(24.1011861910871,-43.6401349514943,-5.99999999999978));
#13010=CARTESIAN_POINT('Ctrl Pts',(23.9246359156599,-43.8112880384662,-5.99999999999978));
#13011=CARTESIAN_POINT('Ctrl Pts',(23.7418291550867,-43.97565618591,-5.99999999999978));
#13012=CARTESIAN_POINT('Ctrl Pts',(23.553254857914,-44.1330236588835,-5.99999999999978));
#13013=CARTESIAN_POINT('Ctrl Pts',(23.3630056806046,-44.2917888390664,-5.99999999999978));
#13014=CARTESIAN_POINT('Ctrl Pts',(23.1668855936592,-44.4434288597455,-5.99999999999978));
#13015=CARTESIAN_POINT('Ctrl Pts',(22.9653559270259,-44.5876882142046,-5.99999999999978));
#13016=CARTESIAN_POINT('Ctrl Pts',(22.7698534909326,-44.7276331448799,-5.99999999999978));
#13017=CARTESIAN_POINT('Ctrl Pts',(22.5692595807812,-44.8606324478145,-5.99999999999978));
#13018=CARTESIAN_POINT('Ctrl Pts',(22.3639656149974,-44.9864170483916,-5.99999999999978));
#13019=CARTESIAN_POINT('Ctrl Pts',(22.3344962762643,-45.0044730540207,-5.99999999999978));
#13020=CARTESIAN_POINT('Ctrl Pts',(22.3049281521732,-45.0223814631362,-5.99999999999978));
#13021=CARTESIAN_POINT('Ctrl Pts',(22.2752684953498,-45.0401377467676,-5.99999999999978));
#13022=CARTESIAN_POINT('Ctrl Pts',(22.0604845714272,-45.1687219814178,-5.99999999999978));
#13023=CARTESIAN_POINT('Ctrl Pts',(21.8411612816766,-45.2891788841182,-5.99999999999978));
#13024=CARTESIAN_POINT('Ctrl Pts',(21.6177751886316,-45.4012609032884,-5.99999999999978));
#13025=CARTESIAN_POINT('Ctrl Pts',(21.3946582946785,-45.5132078541678,-5.99999999999978));
#13026=CARTESIAN_POINT('Ctrl Pts',(21.1674878341822,-45.6168004696224,-5.99999999999978));
#13027=CARTESIAN_POINT('Ctrl Pts',(20.9367072382097,-45.7117510379486,-5.99999999999978));
#13028=CARTESIAN_POINT('Ctrl Pts',(20.7636251487745,-45.7829625827914,-5.99999999999978));
#13029=CARTESIAN_POINT('Ctrl Pts',(20.5885117435281,-45.849312361201,-5.99999999999978));
#13030=CARTESIAN_POINT('Ctrl Pts',(20.4115452685023,-45.9106618695503,-5.99999999999978));
#13031=CARTESIAN_POINT('Ctrl Pts',(20.3152479478959,-45.944045555775,-5.99999999999978));
#13032=CARTESIAN_POINT('Ctrl Pts',(20.2184018052159,-45.9759483642384,-5.99999999999978));
#13033=CARTESIAN_POINT('Ctrl Pts',(20.121041593475,-46.0063683850079,-5.99999999999978));
#13034=CARTESIAN_POINT('Origin',(17.4999999999997,-36.25,-2.68765350436819));
#13035=CARTESIAN_POINT('Ctrl Pts',(7.39868681493695,-36.2497396646869,-6.43765350436819));
#13036=CARTESIAN_POINT('Ctrl Pts',(7.39824365910014,-35.7984369499496,-6.44831891865706));
#13037=CARTESIAN_POINT('Ctrl Pts',(7.53853887159695,-33.6658290794855,-6.49872424744387));
#13038=CARTESIAN_POINT('Ctrl Pts',(9.01181700985062,-30.0166703642511,-6.58886949072861));
#13039=CARTESIAN_POINT('Ctrl Pts',(13.0334837218662,-26.7130268700029,-6.70808923422243));
#13040=CARTESIAN_POINT('Ctrl Pts',(18.1460833227137,-25.7387576391274,-6.82730897771625));
#13041=CARTESIAN_POINT('Ctrl Pts',(23.1008790781791,-27.3318283355219,-6.94652872121006));
#13042=CARTESIAN_POINT('Ctrl Pts',(26.6876772114264,-31.1031347039342,-7.06574846470388));
#13043=CARTESIAN_POINT('Ctrl Pts',(28.0304132573253,-36.1315474444262,-7.18496820819769));
#13044=CARTESIAN_POINT('Ctrl Pts',(26.80112802726,-41.1888917436264,-7.3041879516915));
#13045=CARTESIAN_POINT('Ctrl Pts',(23.3000706889159,-45.0399268756362,-7.42340769518533));
#13046=CARTESIAN_POINT('Ctrl Pts',(18.3823638005993,-46.7440491913544,-7.54262743867914));
#13047=CARTESIAN_POINT('Ctrl Pts',(13.2491422495807,-45.8850320590482,-7.66184718217295));
#13048=CARTESIAN_POINT('Ctrl Pts',(9.15417971948357,-42.6726877710766,-7.78106692566676));
#13049=CARTESIAN_POINT('Ctrl Pts',(7.56830813893577,-38.9858032733108,-7.87300236639852));
#13050=CARTESIAN_POINT('Ctrl Pts',(7.39844620477332,-36.7773249214781,-7.92519789263232));
#13051=CARTESIAN_POINT('Ctrl Pts',(7.39890372713133,-36.2502378584282,-7.93765350436819));
#13052=CARTESIAN_POINT('Ctrl Pts',(7.39914744710917,-36.2497990287269,-6.31234649563137));
#13053=CARTESIAN_POINT('Ctrl Pts',(7.39876708167701,-35.6105991192993,-6.32745074058132));
#13054=CARTESIAN_POINT('Ctrl Pts',(7.61569143023123,-33.2899026940066,-6.38229490002921));
#13055=CARTESIAN_POINT('Ctrl Pts',(9.37250660407316,-29.5531029771006,-6.47687897397504));
#13056=CARTESIAN_POINT('Ctrl Pts',(13.5721397348556,-26.4788640583834,-6.59609871746886));
#13057=CARTESIAN_POINT('Ctrl Pts',(18.7310854156049,-25.791117374983,-6.71531846096267));
#13058=CARTESIAN_POINT('Ctrl Pts',(23.589368507375,-27.6579577020928,-6.83453820445649));
#13059=CARTESIAN_POINT('Ctrl Pts',(26.9603294816914,-31.6233606094748,-6.9537579479503));
#13060=CARTESIAN_POINT('Ctrl Pts',(28.0206397892968,-36.718814361005,-7.07297769144411));
#13061=CARTESIAN_POINT('Ctrl Pts',(26.5113131589364,-41.6997576960094,-7.19219743493793));
#13062=CARTESIAN_POINT('Ctrl Pts',(22.8010021460033,-45.3496162301575,-7.31141717843174));
#13063=CARTESIAN_POINT('Ctrl Pts',(17.7959369195122,-46.7769204080649,-7.43063692192557));
#13064=CARTESIAN_POINT('Ctrl Pts',(12.7185903040437,-45.6330568522347,-7.54985666541937));
#13065=CARTESIAN_POINT('Ctrl Pts',(8.80908825959312,-42.1974101214797,-7.66907640891319));
#13066=CARTESIAN_POINT('Ctrl Pts',(7.49775672287428,-38.6098480844553,-7.75657301898386));
#13067=CARTESIAN_POINT('Ctrl Pts',(7.39798395123516,-36.5894493343612,-7.80432971455658));
#13068=CARTESIAN_POINT('Ctrl Pts',(7.39833484839361,-36.250256230683,-7.81234649563137));
#13069=CARTESIAN_POINT('Ctrl Pts',(24.4671897898994,-30.1457854369691,-5.99999999999978));
#13070=CARTESIAN_POINT('Ctrl Pts',(25.4833105591712,-31.3055589304913,-6.03973991449772));
#13071=CARTESIAN_POINT('Ctrl Pts',(26.9239213193639,-34.1413962481391,-6.1192197434936));
#13072=CARTESIAN_POINT('Ctrl Pts',(26.7827034830482,-38.9124360702777,-6.2384394869874));
#13073=CARTESIAN_POINT('Ctrl Pts',(24.3741524209497,-43.0323965237409,-6.35765923048123));
#13074=CARTESIAN_POINT('Ctrl Pts',(20.2866169492435,-45.4961714245078,-6.47687897397504));
#13075=CARTESIAN_POINT('Ctrl Pts',(15.5184526313898,-45.7014135284285,-6.59609871746885));
#13076=CARTESIAN_POINT('Ctrl Pts',(11.2342777540555,-43.5982642651737,-6.71531846096267));
#13077=CARTESIAN_POINT('Ctrl Pts',(8.4804851392939,-39.7002824259708,-6.83453820445648));
#13078=CARTESIAN_POINT('Ctrl Pts',(7.9296820692318,-34.9595993272391,-6.9537579479503));
#13079=CARTESIAN_POINT('Ctrl Pts',(9.71639963987982,-30.5340833127811,-7.07297769144411));
#13080=CARTESIAN_POINT('Ctrl Pts',(13.4042379563081,-27.5046669204412,-7.19219743493794));
#13081=CARTESIAN_POINT('Ctrl Pts',(18.0924535780128,-26.6112693175506,-7.31141717843174));
#13082=CARTESIAN_POINT('Ctrl Pts',(22.6359642529498,-28.0721032393149,-7.43063692192557));
#13083=CARTESIAN_POINT('Ctrl Pts',(25.9250313329151,-31.5303629918867,-7.54985666541937));
#13084=CARTESIAN_POINT('Ctrl Pts',(27.1563102512106,-36.1413798918695,-7.6690764089132));
#13085=CARTESIAN_POINT('Ctrl Pts',(26.0290648830876,-40.7789268149495,-7.788296152407));
#13086=CARTESIAN_POINT('Ctrl Pts',(22.81862147121,-44.3102972478362,-7.90751589590083));
#13087=CARTESIAN_POINT('Ctrl Pts',(18.3091210102412,-45.8729646745054,-8.02673563939463));
#13088=CARTESIAN_POINT('Ctrl Pts',(13.6019952143608,-45.0852523845926,-8.14595538288846));
#13089=CARTESIAN_POINT('Ctrl Pts',(9.84694518057478,-42.1395566820257,-8.26517512638226));
#13090=CARTESIAN_POINT('Ctrl Pts',(7.96113040990608,-37.7553547523622,-8.38439486987609));
#13091=CARTESIAN_POINT('Ctrl Pts',(8.40515539966079,-33.0034745213815,-8.50361461336989));
#13092=CARTESIAN_POINT('Ctrl Pts',(11.0705684024578,-29.0445482224956,-8.62283435686371));
#13093=CARTESIAN_POINT('Ctrl Pts',(15.306350433927,-26.8455315105526,-8.74205410035753));
#13094=CARTESIAN_POINT('Ctrl Pts',(20.077924671364,-26.9435275010247,-8.86127384385134));
#13095=CARTESIAN_POINT('Ctrl Pts',(24.2198486820939,-29.3146009720139,-8.98049358734516));
#13096=CARTESIAN_POINT('Ctrl Pts',(26.7204701785487,-33.3796244716482,-9.09971333083898));
#13097=CARTESIAN_POINT('Ctrl Pts',(26.9690199977368,-38.145728425269,-9.21893307433279));
#13098=CARTESIAN_POINT('Ctrl Pts',(24.9047906070977,-42.4488065039447,-9.33815281782661));
#13099=CARTESIAN_POINT('Ctrl Pts',(21.0319637267045,-45.2378450236547,-9.45737256132043));
#13100=CARTESIAN_POINT('Ctrl Pts',(16.2964654993362,-45.8316298604782,-9.57659230481424));
#13101=CARTESIAN_POINT('Ctrl Pts',(11.8549268875401,-44.0851308495823,-9.69581204830805));
#13102=CARTESIAN_POINT('Ctrl Pts',(8.7921801613272,-40.4249251074423,-9.81503179180188));
#13103=CARTESIAN_POINT('Ctrl Pts',(7.85629178801465,-35.7450065633578,-9.93425153529567));
#13104=CARTESIAN_POINT('Ctrl Pts',(9.2758497816167,-31.1884313279898,-10.0534712787895));
#13105=CARTESIAN_POINT('Ctrl Pts',(12.7041311483981,-27.8681283492809,-10.1726910222833));
#13106=CARTESIAN_POINT('Ctrl Pts',(17.3037892473855,-26.5950728261924,-10.2919107657771));
#13107=CARTESIAN_POINT('Ctrl Pts',(21.9513703499417,-27.6802018606654,-10.4111305092709));
#13108=CARTESIAN_POINT('Ctrl Pts',(25.5117196823589,-30.8584819462846,-10.5303502527648));
#13109=CARTESIAN_POINT('Ctrl Pts',(27.115227074734,-35.3536153488866,-10.6495699962586));
#13110=CARTESIAN_POINT('Ctrl Pts',(26.3702528036737,-40.0677058782814,-10.7687897397524));
#13111=CARTESIAN_POINT('Ctrl Pts',(23.4587291571467,-43.8492956575707,-10.8880094832462));
#13112=CARTESIAN_POINT('Ctrl Pts',(19.0918405509017,-45.7748602978574,-11.00722922674));
#13113=CARTESIAN_POINT('Ctrl Pts',(14.336074021447,-45.3738394612107,-11.1264489702338));
#13114=CARTESIAN_POINT('Ctrl Pts',(10.3532554356565,-42.7447049135852,-11.2456687137276));
#13115=CARTESIAN_POINT('Ctrl Pts',(8.11571389523285,-38.5285252071916,-11.3648884572215));
#13116=CARTESIAN_POINT('Ctrl Pts',(8.15296394687507,-35.3479678522302,-11.4443682862173));
#13117=CARTESIAN_POINT('Ctrl Pts',(8.55108937213963,-33.8583128184119,-11.4841082007153));
#13118=CARTESIAN_POINT('Ctrl Pts',(24.6774164493269,-29.9615980278828,-5.83863059976128));
#13119=CARTESIAN_POINT('Ctrl Pts',(25.724197453405,-31.1563663061874,-5.87837051425922));
#13120=CARTESIAN_POINT('Ctrl Pts',(27.2082769286441,-34.0777716396273,-5.9578503432551));
#13121=CARTESIAN_POINT('Ctrl Pts',(27.0627980121978,-38.992771909816,-6.07707008674891));
#13122=CARTESIAN_POINT('Ctrl Pts',(24.5815717885041,-43.2370472663066,-6.19628983024272));
#13123=CARTESIAN_POINT('Ctrl Pts',(20.370699799002,-45.775163642272,-6.31550957373654));
#13124=CARTESIAN_POINT('Ctrl Pts',(15.4586617980176,-45.9865986823954,-6.43472931723036));
#13125=CARTESIAN_POINT('Ctrl Pts',(11.0452170428667,-43.8199893933306,-6.55394906072417));
#13126=CARTESIAN_POINT('Ctrl Pts',(8.20833201357144,-39.8043905915822,-6.67316880421798));
#13127=CARTESIAN_POINT('Ctrl Pts',(7.64090911644656,-34.9206630227982,-6.7923885477118));
#13128=CARTESIAN_POINT('Ctrl Pts',(9.48153876320342,-30.3616123299378,-6.91160829120561));
#13129=CARTESIAN_POINT('Ctrl Pts',(13.2806532114941,-27.2407869036285,-7.03082803469944));
#13130=CARTESIAN_POINT('Ctrl Pts',(18.1103301595798,-26.3204320914096,-7.15004777819324));
#13131=CARTESIAN_POINT('Ctrl Pts',(22.7909358613596,-27.8253449380506,-7.26926752168706));
#13132=CARTESIAN_POINT('Ctrl Pts',(26.1792466257522,-31.3879535625692,-7.38848726518087));
#13133=CARTESIAN_POINT('Ctrl Pts',(27.4476779199155,-36.1381024093884,-7.5077070086747));
#13134=CARTESIAN_POINT('Ctrl Pts',(26.2864192644784,-40.9155817911751,-7.6269267521685));
#13135=CARTESIAN_POINT('Ctrl Pts',(22.9791045437786,-44.5535071237696,-7.74614649566233));
#13136=CARTESIAN_POINT('Ctrl Pts',(18.3335352736939,-46.1633261801217,-7.86536623915613));
#13137=CARTESIAN_POINT('Ctrl Pts',(13.4843775594341,-45.3518456094112,-7.98458598264996));
#13138=CARTESIAN_POINT('Ctrl Pts',(9.61602336021104,-42.3172670450426,-8.10380572614376));
#13139=CARTESIAN_POINT('Ctrl Pts',(7.67330637337027,-37.8007770403127,-8.22302546963759));
#13140=CARTESIAN_POINT('Ctrl Pts',(8.13072928870379,-32.905514479141,-8.34224521313139));
#13141=CARTESIAN_POINT('Ctrl Pts',(10.8765679564346,-28.8271322911761,-8.46146495662521));
#13142=CARTESIAN_POINT('Ctrl Pts',(15.2401596691944,-26.5617628672621,-8.58068470011903));
#13143=CARTESIAN_POINT('Ctrl Pts',(20.1557104800271,-26.66271577011,-8.69990444361284));
#13144=CARTESIAN_POINT('Ctrl Pts',(24.4226121179835,-29.1053335609892,-8.81912418710666));
#13145=CARTESIAN_POINT('Ctrl Pts',(26.9986868918063,-33.2930143064562,-8.93834393060048));
#13146=CARTESIAN_POINT('Ctrl Pts',(27.2547364059595,-38.2029297741692,-9.05756367409429));
#13147=CARTESIAN_POINT('Ctrl Pts',(25.1282213503433,-42.635848112263,-9.17678341758811));
#13148=CARTESIAN_POINT('Ctrl Pts',(21.138536528347,-45.5090425497382,-9.29600316108192));
#13149=CARTESIAN_POINT('Ctrl Pts',(16.2601502782484,-46.1207441372788,-9.41522290457574));
#13150=CARTESIAN_POINT('Ctrl Pts',(11.6845935252457,-44.3215465974457,-9.53444264806955));
#13151=CARTESIAN_POINT('Ctrl Pts',(8.52943206190919,-40.5508985034835,-9.65366239156337));
#13152=CARTESIAN_POINT('Ctrl Pts',(7.5653043708442,-35.72976898746,-9.77288213505718));
#13153=CARTESIAN_POINT('Ctrl Pts',(9.0276958373181,-31.0357045176878,-9.892101878551));
#13154=CARTESIAN_POINT('Ctrl Pts',(12.559421513936,-27.6152153484846,-10.0113216220448));
#13155=CARTESIAN_POINT('Ctrl Pts',(17.2978688214592,-26.303746890202,-10.1305413655386));
#13156=CARTESIAN_POINT('Ctrl Pts',(22.085685152145,-27.4216184017489,-10.2497611090324));
#13157=CARTESIAN_POINT('Ctrl Pts',(25.7534637880719,-30.6957993061018,-10.3689808525263));
#13158=CARTESIAN_POINT('Ctrl Pts',(27.4053551074867,-35.3265680089334,-10.4882005960201));
#13159=CARTESIAN_POINT('Ctrl Pts',(26.6379021244798,-40.1829006092518,-10.6074203395139));
#13160=CARTESIAN_POINT('Ctrl Pts',(23.63852671727,-44.0785953592107,-10.7266400830077));
#13161=CARTESIAN_POINT('Ctrl Pts',(19.1398724448861,-46.0622616206741,-10.8458598265015));
#13162=CARTESIAN_POINT('Ctrl Pts',(14.2406063208095,-45.6491404575844,-10.9650795699953));
#13163=CARTESIAN_POINT('Ctrl Pts',(10.1376109246197,-42.9406749042305,-11.0842993134891));
#13164=CARTESIAN_POINT('Ctrl Pts',(7.83255423137855,-38.5972769933743,-11.203519056983));
#13165=CARTESIAN_POINT('Ctrl Pts',(7.87092825899336,-35.3207501057871,-11.2829988859788));
#13166=CARTESIAN_POINT('Ctrl Pts',(8.28106664510877,-33.7861465043394,-11.3227388004768));
#13167=CARTESIAN_POINT('Ctrl Pts',(24.8876431087544,-29.7774106187964,-5.67726119952278));
#13168=CARTESIAN_POINT('Ctrl Pts',(25.9650843476389,-31.0071736818834,-5.71700111402072));
#13169=CARTESIAN_POINT('Ctrl Pts',(27.4926325379242,-34.0141470311155,-5.7964809430166));
#13170=CARTESIAN_POINT('Ctrl Pts',(27.3428925413473,-39.0731077493542,-5.9157006865104));
#13171=CARTESIAN_POINT('Ctrl Pts',(24.7889911560584,-43.4416980088722,-6.03492043000423));
#13172=CARTESIAN_POINT('Ctrl Pts',(20.4547826487606,-46.0541558600362,-6.15414017349803));
#13173=CARTESIAN_POINT('Ctrl Pts',(15.3988709646454,-46.2717838363624,-6.27335991699186));
#13174=CARTESIAN_POINT('Ctrl Pts',(10.8561563316779,-44.0417145214873,-6.39257966048566));
#13175=CARTESIAN_POINT('Ctrl Pts',(7.93617888784896,-39.9084987571936,-6.51179940397949));
#13176=CARTESIAN_POINT('Ctrl Pts',(7.35213616366132,-34.8817267183572,-6.6310191474733));
#13177=CARTESIAN_POINT('Ctrl Pts',(9.24667788652702,-30.1891413470944,-6.75023889096711));
#13178=CARTESIAN_POINT('Ctrl Pts',(13.1570684666801,-26.9769068868157,-6.86945863446093));
#13179=CARTESIAN_POINT('Ctrl Pts',(18.1282067411467,-26.0295948652685,-6.98867837795475));
#13180=CARTESIAN_POINT('Ctrl Pts',(22.9459074697693,-27.5785866367863,-7.10789812144856));
#13181=CARTESIAN_POINT('Ctrl Pts',(26.4334619185893,-31.2455441332517,-7.22711786494237));
#13182=CARTESIAN_POINT('Ctrl Pts',(27.7390455886204,-36.1348249269073,-7.3463376084362));
#13183=CARTESIAN_POINT('Ctrl Pts',(26.5437736458692,-41.0522367674008,-7.46555735193));
#13184=CARTESIAN_POINT('Ctrl Pts',(23.1395876163472,-44.7967169997029,-7.58477709542383));
#13185=CARTESIAN_POINT('Ctrl Pts',(18.3579495371466,-46.4536876857381,-7.70399683891763));
#13186=CARTESIAN_POINT('Ctrl Pts',(13.3667599045074,-45.6184388342297,-7.82321658241146));
#13187=CARTESIAN_POINT('Ctrl Pts',(9.38510153984731,-42.4949774080596,-7.94243632590526));
#13188=CARTESIAN_POINT('Ctrl Pts',(7.38548233683446,-37.8461993282632,-8.06165606939909));
#13189=CARTESIAN_POINT('Ctrl Pts',(7.85630317774678,-32.8075544369005,-8.18087581289289));
#13190=CARTESIAN_POINT('Ctrl Pts',(10.6825675104114,-28.6097163598566,-8.30009555638671));
#13191=CARTESIAN_POINT('Ctrl Pts',(15.1739689044619,-26.2779942239715,-8.41931529988053));
#13192=CARTESIAN_POINT('Ctrl Pts',(20.2334962886902,-26.3819040391952,-8.53853504337434));
#13193=CARTESIAN_POINT('Ctrl Pts',(24.6253755538731,-28.8960661499645,-8.65775478686816));
#13194=CARTESIAN_POINT('Ctrl Pts',(27.2769036050638,-33.2064041412641,-8.77697453036197));
#13195=CARTESIAN_POINT('Ctrl Pts',(27.5404528141823,-38.2601311230694,-8.89619427385579));
#13196=CARTESIAN_POINT('Ctrl Pts',(25.3516520935889,-42.8228897205813,-9.0154140173496));
#13197=CARTESIAN_POINT('Ctrl Pts',(21.2451093299894,-45.7802400758217,-9.13463376084342));
#13198=CARTESIAN_POINT('Ctrl Pts',(16.2238350571607,-46.4098584140793,-9.25385350433723));
#13199=CARTESIAN_POINT('Ctrl Pts',(11.5142601629514,-44.5579623453091,-9.37307324783106));
#13200=CARTESIAN_POINT('Ctrl Pts',(8.26668396249119,-40.6768718995247,-9.49229299132486));
#13201=CARTESIAN_POINT('Ctrl Pts',(7.27431695367376,-35.7145314115622,-9.61151273481868));
#13202=CARTESIAN_POINT('Ctrl Pts',(8.77954189301948,-30.8829777073859,-9.7307324783125));
#13203=CARTESIAN_POINT('Ctrl Pts',(12.4147118794739,-27.3623023476883,-9.84995222180632));
#13204=CARTESIAN_POINT('Ctrl Pts',(17.2919483955329,-26.0124209542116,-9.96917196530013));
#13205=CARTESIAN_POINT('Ctrl Pts',(22.2199999543483,-27.1630349428323,-10.0883917087939));
#13206=CARTESIAN_POINT('Ctrl Pts',(25.9952078937848,-30.533116665919,-10.2076114522878));
#13207=CARTESIAN_POINT('Ctrl Pts',(27.6954831402394,-35.2995206689803,-10.3268311957816));
#13208=CARTESIAN_POINT('Ctrl Pts',(26.9055514452859,-40.2980953402223,-10.4460509392754));
#13209=CARTESIAN_POINT('Ctrl Pts',(23.8183242773934,-44.3078950608506,-10.5652706827692));
#13210=CARTESIAN_POINT('Ctrl Pts',(19.1879043388704,-46.3496629434908,-10.684490426263));
#13211=CARTESIAN_POINT('Ctrl Pts',(14.145138620172,-45.9244414539579,-10.8037101697568));
#13212=CARTESIAN_POINT('Ctrl Pts',(9.92196641358288,-43.1366448948757,-10.9229299132507));
#13213=CARTESIAN_POINT('Ctrl Pts',(7.54939456752426,-38.6660287795569,-11.0421496567445));
#13214=CARTESIAN_POINT('Ctrl Pts',(7.58889257111164,-35.2935323593441,-11.1216294857403));
#13215=CARTESIAN_POINT('Ctrl Pts',(8.0110439180779,-33.7139801902669,-11.1613694002383));
#13216=CARTESIAN_POINT('Ctrl Pts',(25.0978697681819,-29.59322320971,-5.51589179928428));
#13217=CARTESIAN_POINT('Ctrl Pts',(26.2059712418728,-30.8579810575794,-5.55563171378222));
#13218=CARTESIAN_POINT('Ctrl Pts',(27.7769881472044,-33.9505224226036,-5.6351115427781));
#13219=CARTESIAN_POINT('Ctrl Pts',(27.6229870704968,-39.1534435888925,-5.7543312862719));
#13220=CARTESIAN_POINT('Ctrl Pts',(24.9964105236127,-43.6463487514378,-5.87355102976572));
#13221=CARTESIAN_POINT('Ctrl Pts',(20.5388654985192,-46.3331480778004,-5.99277077325953));
#13222=CARTESIAN_POINT('Ctrl Pts',(15.3390801312733,-46.5569689903293,-6.11199051675336));
#13223=CARTESIAN_POINT('Ctrl Pts',(10.6670956204892,-44.2634396496441,-6.23121026024717));
#13224=CARTESIAN_POINT('Ctrl Pts',(7.66402576212649,-40.0126069228051,-6.35043000374098));
#13225=CARTESIAN_POINT('Ctrl Pts',(7.06336321087609,-34.8427904139163,-6.4696497472348));
#13226=CARTESIAN_POINT('Ctrl Pts',(9.01181700985062,-30.0166703642511,-6.58886949072861));
#13227=CARTESIAN_POINT('Ctrl Pts',(13.0334837218662,-26.7130268700029,-6.70808923422243));
#13228=CARTESIAN_POINT('Ctrl Pts',(18.1460833227137,-25.7387576391274,-6.82730897771625));
#13229=CARTESIAN_POINT('Ctrl Pts',(23.1008790781791,-27.3318283355219,-6.94652872121006));
#13230=CARTESIAN_POINT('Ctrl Pts',(26.6876772114264,-31.1031347039342,-7.06574846470388));
#13231=CARTESIAN_POINT('Ctrl Pts',(28.0304132573253,-36.1315474444262,-7.18496820819769));
#13232=CARTESIAN_POINT('Ctrl Pts',(26.80112802726,-41.1888917436264,-7.3041879516915));
#13233=CARTESIAN_POINT('Ctrl Pts',(23.3000706889159,-45.0399268756362,-7.42340769518533));
#13234=CARTESIAN_POINT('Ctrl Pts',(18.3823638005993,-46.7440491913544,-7.54262743867914));
#13235=CARTESIAN_POINT('Ctrl Pts',(13.2491422495807,-45.8850320590482,-7.66184718217295));
#13236=CARTESIAN_POINT('Ctrl Pts',(9.15417971948357,-42.6726877710766,-7.78106692566676));
#13237=CARTESIAN_POINT('Ctrl Pts',(7.09765830029866,-37.8916216162137,-7.90028666916059));
#13238=CARTESIAN_POINT('Ctrl Pts',(7.58187706678978,-32.70959439466,-8.01950641265439));
#13239=CARTESIAN_POINT('Ctrl Pts',(10.4885670643882,-28.3923004285371,-8.13872615614821));
#13240=CARTESIAN_POINT('Ctrl Pts',(15.1077781397294,-25.9942255806809,-8.25794589964203));
#13241=CARTESIAN_POINT('Ctrl Pts',(20.3112820973533,-26.1010923082804,-8.37716564313584));
#13242=CARTESIAN_POINT('Ctrl Pts',(24.8281389897627,-28.6867987389397,-8.49638538662966));
#13243=CARTESIAN_POINT('Ctrl Pts',(27.5551203183213,-33.119793976072,-8.61560513012347));
#13244=CARTESIAN_POINT('Ctrl Pts',(27.8261692224051,-38.3173324719696,-8.73482487361729));
#13245=CARTESIAN_POINT('Ctrl Pts',(25.5750828368345,-43.0099313288997,-8.8540446171111));
#13246=CARTESIAN_POINT('Ctrl Pts',(21.3516821316319,-46.0514376019052,-8.97326436060493));
#13247=CARTESIAN_POINT('Ctrl Pts',(16.187519836073,-46.6989726908799,-9.09248410409873));
#13248=CARTESIAN_POINT('Ctrl Pts',(11.3439268006571,-44.7943780931724,-9.21170384759255));
#13249=CARTESIAN_POINT('Ctrl Pts',(8.00393586307319,-40.802845295566,-9.33092359108637));
#13250=CARTESIAN_POINT('Ctrl Pts',(6.98332953650331,-35.6992938356643,-9.45014333458018));
#13251=CARTESIAN_POINT('Ctrl Pts',(8.53138794872087,-30.730250897084,-9.56936307807399));
#13252=CARTESIAN_POINT('Ctrl Pts',(12.2700022450117,-27.109389346892,-9.68858282156782));
#13253=CARTESIAN_POINT('Ctrl Pts',(17.2860279696065,-25.7210950182211,-9.80780256506162));
#13254=CARTESIAN_POINT('Ctrl Pts',(22.3543147565515,-26.9044514839157,-9.92702230855544));
#13255=CARTESIAN_POINT('Ctrl Pts',(26.2369519994978,-30.3704340257362,-10.0462420520493));
#13256=CARTESIAN_POINT('Ctrl Pts',(27.9856111729921,-35.2724733290271,-10.1654617955431));
#13257=CARTESIAN_POINT('Ctrl Pts',(27.173200766092,-40.4132900711928,-10.2846815390369));
#13258=CARTESIAN_POINT('Ctrl Pts',(23.9981218375167,-44.5371947624906,-10.4039012825307));
#13259=CARTESIAN_POINT('Ctrl Pts',(19.2359362328548,-46.6370642663076,-10.5231210260245));
#13260=CARTESIAN_POINT('Ctrl Pts',(14.0496709195344,-46.1997424503314,-10.6423407695183));
#13261=CARTESIAN_POINT('Ctrl Pts',(9.70632190254607,-43.332614885521,-10.7615605130122));
#13262=CARTESIAN_POINT('Ctrl Pts',(7.26623490366996,-38.7347805657396,-10.880780256506));
#13263=CARTESIAN_POINT('Ctrl Pts',(7.30685688322992,-35.2663146129011,-10.9602600855018));
#13264=CARTESIAN_POINT('Ctrl Pts',(7.74102119104704,-33.6418138761943,-10.9999999999998));
#13265=CARTESIAN_POINT('Ctrl Pts',(8.23641288639645,-36.2498434702638,-9.92176170508369));
#13266=CARTESIAN_POINT('Ctrl Pts',(8.23750944632233,-37.6299693252964,-9.88618506732308));
#13267=CARTESIAN_POINT('Ctrl Pts',(8.55003560671248,-39.0105751420413,-9.85060842956248));
#13268=CARTESIAN_POINT('Ctrl Pts',(9.14665655347725,-40.2549729737849,-9.81503179180187));
#13269=CARTESIAN_POINT('Ctrl Pts',(9.81309573673149,-41.6449936881556,-9.77529187730393));
#13270=CARTESIAN_POINT('Ctrl Pts',(10.8340113121358,-42.865062268869,-9.73555196280599));
#13271=CARTESIAN_POINT('Ctrl Pts',(12.0847255351373,-43.7661797277083,-9.69581204830805));
#13272=CARTESIAN_POINT('Ctrl Pts',(13.3354397581388,-44.6672971865476,-9.65607213381011));
#13273=CARTESIAN_POINT('Ctrl Pts',(14.8159526287375,-45.2494635235129,-9.61633221931218));
#13274=CARTESIAN_POINT('Ctrl Pts',(16.3454587685982,-45.441582552525,-9.57659230481424));
#13275=CARTESIAN_POINT('Ctrl Pts',(17.8749649084589,-45.6337015815371,-9.5368523903163));
#13276=CARTESIAN_POINT('Ctrl Pts',(19.4534643175817,-45.4357733025959,-9.49711247581836));
#13277=CARTESIAN_POINT('Ctrl Pts',(20.8881851688753,-44.8719694098403,-9.45737256132043));
#13278=CARTESIAN_POINT('Ctrl Pts',(22.3229060201689,-44.3081655170847,-9.41763264682249));
#13279=CARTESIAN_POINT('Ctrl Pts',(23.6138483136333,-43.3784860105147,-9.37789273232455));
#13280=CARTESIAN_POINT('Ctrl Pts',(24.6033576921387,-42.1964665774504,-9.33815281782661));
#13281=CARTESIAN_POINT('Ctrl Pts',(25.5928670706441,-41.0144471443861,-9.29841290332867));
#13282=CARTESIAN_POINT('Ctrl Pts',(26.2809435341904,-39.5800877848276,-9.25867298883073));
#13283=CARTESIAN_POINT('Ctrl Pts',(26.5835567960989,-38.0685574461115,-9.21893307433279));
#13284=CARTESIAN_POINT('Ctrl Pts',(26.8861700580074,-36.5570271073954,-9.17919315983485));
#13285=CARTESIAN_POINT('Ctrl Pts',(26.8033201182781,-34.9683257895218,-9.13945324533691));
#13286=CARTESIAN_POINT('Ctrl Pts',(26.3451248990043,-33.4964712139793,-9.09971333083898));
#13287=CARTESIAN_POINT('Ctrl Pts',(25.8869296797305,-32.0246166384368,-9.05997341634104));
#13288=CARTESIAN_POINT('Ctrl Pts',(25.0533891809122,-30.6696088052254,-9.0202335018431));
#13289=CARTESIAN_POINT('Ctrl Pts',(23.9462982630481,-29.5969259767881,-8.98049358734516));
#13290=CARTESIAN_POINT('Ctrl Pts',(22.8392073451839,-28.5242431483509,-8.94075367284722));
#13291=CARTESIAN_POINT('Ctrl Pts',(21.4585660082739,-27.7338853246878,-8.90101375834928));
#13292=CARTESIAN_POINT('Ctrl Pts',(19.9729829669128,-27.3223737477776,-8.86127384385134));
#13293=CARTESIAN_POINT('Ctrl Pts',(18.4873999255516,-26.9108621708674,-8.82153392935341));
#13294=CARTESIAN_POINT('Ctrl Pts',(16.8968751797393,-26.87819684071,-8.78179401485547));
#13295=CARTESIAN_POINT('Ctrl Pts',(15.3956491349216,-27.2283669609551,-8.74205410035753));
#13296=CARTESIAN_POINT('Ctrl Pts',(13.8944230901039,-27.5785370812003,-8.70231418585959));
#13297=CARTESIAN_POINT('Ctrl Pts',(12.4824957462809,-28.3115426518479,-8.66257427136165));
#13298=CARTESIAN_POINT('Ctrl Pts',(11.3322965739032,-29.3378664869861,-8.62283435686371));
#13299=CARTESIAN_POINT('Ctrl Pts',(10.1820974015255,-30.3641903221242,-8.58309444236577));
#13300=CARTESIAN_POINT('Ctrl Pts',(9.29362640059315,-31.6838324217529,-8.54335452786783));
#13301=CARTESIAN_POINT('Ctrl Pts',(8.77538673516785,-33.135633510064,-8.5036146133699));
#13302=CARTESIAN_POINT('Ctrl Pts',(8.41957801958768,-34.132399128315,-8.47633031060783));
#13303=CARTESIAN_POINT('Ctrl Pts',(8.2382892367786,-35.1914619526855,-8.44904600784576));
#13304=CARTESIAN_POINT('Ctrl Pts',(8.2373702147619,-36.2502181144009,-8.42176170508369));
#13305=CARTESIAN_POINT('Ctrl Pts',(14.8792660365371,-46.0056166254499,-5.99999999999978));
#13306=CARTESIAN_POINT('Ctrl Pts',(13.2553249761739,-45.5693635770825,-6.03973991449772));
#13307=CARTESIAN_POINT('Ctrl Pts',(10.2312342883799,-43.870310605198,-6.11921974349359));
#13308=CARTESIAN_POINT('Ctrl Pts',(7.46943655926981,-39.4582157188515,-6.23843948698741));
#13309=CARTESIAN_POINT('Ctrl Pts',(7.15810574720763,-34.2632014656944,-6.35765923048122));
#13310=CARTESIAN_POINT('Ctrl Pts',(9.37250660407316,-29.5531029771006,-6.47687897397504));
#13311=CARTESIAN_POINT('Ctrl Pts',(13.5721397348556,-26.4788640583834,-6.59609871746886));
#13312=CARTESIAN_POINT('Ctrl Pts',(18.7310854156049,-25.791117374983,-6.71531846096267));
#13313=CARTESIAN_POINT('Ctrl Pts',(23.589368507375,-27.6579577020928,-6.83453820445649));
#13314=CARTESIAN_POINT('Ctrl Pts',(26.9603294816914,-31.6233606094748,-6.9537579479503));
#13315=CARTESIAN_POINT('Ctrl Pts',(28.0206397892968,-36.718814361005,-7.07297769144411));
#13316=CARTESIAN_POINT('Ctrl Pts',(26.5113131589364,-41.6997576960094,-7.19219743493793));
#13317=CARTESIAN_POINT('Ctrl Pts',(22.8010021460033,-45.3496162301575,-7.31141717843174));
#13318=CARTESIAN_POINT('Ctrl Pts',(17.7959369195122,-46.7769204080649,-7.43063692192557));
#13319=CARTESIAN_POINT('Ctrl Pts',(12.7185903040437,-45.6330568522347,-7.54985666541937));
#13320=CARTESIAN_POINT('Ctrl Pts',(8.80908825959312,-42.1974101214797,-7.66907640891319));
#13321=CARTESIAN_POINT('Ctrl Pts',(7.0223149284125,-37.3091267299657,-7.78829615240701));
#13322=CARTESIAN_POINT('Ctrl Pts',(7.7946841393866,-32.1621548248391,-7.90751589590082));
#13323=CARTESIAN_POINT('Ctrl Pts',(10.9375471191721,-28.0136266385727,-8.02673563939464));
#13324=CARTESIAN_POINT('Ctrl Pts',(15.6832691625785,-25.8768074773297,-8.14595538288845));
#13325=CARTESIAN_POINT('Ctrl Pts',(20.8727221671596,-26.2736089091621,-8.26517512638227));
#13326=CARTESIAN_POINT('Ctrl Pts',(25.238398082918,-29.1071133893045,-8.38439486987608));
#13327=CARTESIAN_POINT('Ctrl Pts',(27.7139939049981,-33.6852461069239,-8.5036146133699));
#13328=CARTESIAN_POINT('Ctrl Pts',(27.6948529145027,-38.8898121282389,-8.62283435686372));
#13329=CARTESIAN_POINT('Ctrl Pts',(25.1856502405164,-43.4496121009376,-8.74205410035753));
#13330=CARTESIAN_POINT('Ctrl Pts',(20.7992509712521,-46.2509288093375,-8.86127384385135));
#13331=CARTESIAN_POINT('Ctrl Pts',(15.6070197302662,-46.6095492045644,-8.98049358734516));
#13332=CARTESIAN_POINT('Ctrl Pts',(10.8771431374132,-44.4378813499376,-9.09971333083898));
#13333=CARTESIAN_POINT('Ctrl Pts',(7.7648791045651,-40.2663484865576,-9.21893307433279));
#13334=CARTESIAN_POINT('Ctrl Pts',(7.03038861166922,-35.1138347719804,-9.33815281782661));
#13335=CARTESIAN_POINT('Ctrl Pts',(8.85306872548344,-30.2388259469798,-9.45737256132043));
#13336=CARTESIAN_POINT('Ctrl Pts',(12.7877353800764,-26.8320280164903,-9.57659230481424));
#13337=CARTESIAN_POINT('Ctrl Pts',(17.8733582965403,-25.7255409891105,-9.69581204830805));
#13338=CARTESIAN_POINT('Ctrl Pts',(22.8677895425523,-27.1896208986886,-9.81503179180187));
#13339=CARTESIAN_POINT('Ctrl Pts',(26.5511546879296,-30.8666707895563,-9.93425153529569));
#13340=CARTESIAN_POINT('Ctrl Pts',(28.0238027393532,-35.858582267598,-10.0534712787895));
#13341=CARTESIAN_POINT('Ctrl Pts',(26.9260445567507,-40.9460966027356,-10.1726910222833));
#13342=CARTESIAN_POINT('Ctrl Pts',(23.5260028569179,-44.88660311477,-10.2919107657771));
#13343=CARTESIAN_POINT('Ctrl Pts',(18.6541303186908,-46.7176469031346,-10.4111305092709));
#13344=CARTESIAN_POINT('Ctrl Pts',(13.5003608599987,-45.9919973671674,-10.5303502527648));
#13345=CARTESIAN_POINT('Ctrl Pts',(9.32349971745589,-42.8869000894394,-10.6495699962586));
#13346=CARTESIAN_POINT('Ctrl Pts',(7.14370551169975,-38.1607489463575,-10.7687897397524));
#13347=CARTESIAN_POINT('Ctrl Pts',(7.49344311216408,-32.9679270113907,-10.8880094832462));
#13348=CARTESIAN_POINT('Ctrl Pts',(10.2871703518966,-28.5766912545112,-11.00722922674));
#13349=CARTESIAN_POINT('Ctrl Pts',(14.8427794041416,-26.0597436805152,-11.1264489702338));
#13350=CARTESIAN_POINT('Ctrl Pts',(20.0470375708093,-26.0315142682451,-11.2456687137276));
#13351=CARTESIAN_POINT('Ctrl Pts',(24.6299004040116,-28.4996058862155,-11.3648884572215));
#13352=CARTESIAN_POINT('Ctrl Pts',(26.5226110027594,-31.4064172111315,-11.4443682862173));
#13353=CARTESIAN_POINT('Ctrl Pts',(27.0638726918046,-32.9984401612536,-11.4841082007153));
#13354=CARTESIAN_POINT('Ctrl Pts',(14.9517795387682,-45.7356869272057,-5.83863059976128));
#13355=CARTESIAN_POINT('Ctrl Pts',(13.3727715602614,-45.3115046333817,-5.87837051425922));
#13356=CARTESIAN_POINT('Ctrl Pts',(10.4323549156528,-43.6594630267045,-5.95785034325509));
#13357=CARTESIAN_POINT('Ctrl Pts',(7.74697380440014,-39.3694470910815,-6.07707008674891));
#13358=CARTESIAN_POINT('Ctrl Pts',(7.44425725378144,-34.3181745083454,-6.19628983024272));
#13359=CARTESIAN_POINT('Ctrl Pts',(9.59738750336153,-29.7384004792438,-6.31550957373654));
#13360=CARTESIAN_POINT('Ctrl Pts',(13.6808203213138,-26.7492231630394,-6.43472931723035));
#13361=CARTESIAN_POINT('Ctrl Pts',(18.6970223186726,-26.0805058513174,-6.55394906072417));
#13362=CARTESIAN_POINT('Ctrl Pts',(23.4208808077451,-27.8956922783701,-6.67316880421799));
#13363=CARTESIAN_POINT('Ctrl Pts',(26.6985701300968,-31.7513758259923,-6.7923885477118));
#13364=CARTESIAN_POINT('Ctrl Pts',(27.7295425442234,-36.7058426623562,-6.91160829120561));
#13365=CARTESIAN_POINT('Ctrl Pts',(26.2619777109413,-41.548967489007,-7.03082803469943));
#13366=CARTESIAN_POINT('Ctrl Pts',(22.6543278798242,-45.0978375105288,-7.15004777819325));
#13367=CARTESIAN_POINT('Ctrl Pts',(17.7877485941146,-46.4856493835582,-7.26926752168706));
#13368=CARTESIAN_POINT('Ctrl Pts',(12.850887884603,-45.3734355692372,-7.38848726518088));
#13369=CARTESIAN_POINT('Ctrl Pts',(9.04955847010083,-42.0328502908651,-7.50770700867469));
#13370=CARTESIAN_POINT('Ctrl Pts',(7.31222365261274,-37.2798215850837,-7.62692675216851));
#13371=CARTESIAN_POINT('Ctrl Pts',(8.06322205781864,-32.2752620590576,-7.74614649566232));
#13372=CARTESIAN_POINT('Ctrl Pts',(11.1191246651001,-28.2415201548345,-7.86536623915614));
#13373=CARTESIAN_POINT('Ctrl Pts',(15.7335365752458,-26.1638249806793,-7.98458598264995));
#13374=CARTESIAN_POINT('Ctrl Pts',(20.7794017844718,-26.5496472509816,-8.10380572614377));
#13375=CARTESIAN_POINT('Ctrl Pts',(25.0242831233401,-29.3047510478393,-8.22302546963759));
#13376=CARTESIAN_POINT('Ctrl Pts',(27.4313812933615,-33.7562106877401,-8.3422452131314));
#13377=CARTESIAN_POINT('Ctrl Pts',(27.4127699179573,-38.8167707492514,-8.46146495662522));
#13378=CARTESIAN_POINT('Ctrl Pts',(24.9729947693265,-43.250404895848,-8.58068470011903));
#13379=CARTESIAN_POINT('Ctrl Pts',(20.7079634746957,-45.9742115295068,-8.69990444361285));
#13380=CARTESIAN_POINT('Ctrl Pts',(15.6593969005271,-46.3229092003397,-8.81912418710666));
#13381=CARTESIAN_POINT('Ctrl Pts',(11.0603920106591,-44.2113295668057,-8.93834393060048));
#13382=CARTESIAN_POINT('Ctrl Pts',(8.03424170321618,-40.1552195055159,-9.05756367409429));
#13383=CARTESIAN_POINT('Ctrl Pts',(7.32007394385141,-35.1452715072407,-9.17678341758811));
#13384=CARTESIAN_POINT('Ctrl Pts',(9.0923220335295,-30.4051500718938,-9.29600316108192));
#13385=CARTESIAN_POINT('Ctrl Pts',(12.9181197745989,-27.0926153717733,-9.41522290457574));
#13386=CARTESIAN_POINT('Ctrl Pts',(17.8630277868256,-26.0167439088297,-9.53444264806955));
#13387=CARTESIAN_POINT('Ctrl Pts',(22.7192673253426,-27.440313959998,-9.65366239156337));
#13388=CARTESIAN_POINT('Ctrl Pts',(26.300716858372,-31.0156229762928,-9.77288213505719));
#13389=CARTESIAN_POINT('Ctrl Pts',(27.7326179781149,-35.8694124666977,-9.892101878551));
#13390=CARTESIAN_POINT('Ctrl Pts',(26.6652338401629,-40.816159563636,-10.0113216220448));
#13391=CARTESIAN_POINT('Ctrl Pts',(23.3592684314852,-44.6476355782082,-10.1305413655386));
#13392=CARTESIAN_POINT('Ctrl Pts',(18.6221965044975,-46.4280159266038,-10.2497611090324));
#13393=CARTESIAN_POINT('Ctrl Pts',(13.6110275074897,-45.7224445023331,-10.3689808525263));
#13394=CARTESIAN_POINT('Ctrl Pts',(9.54973659603542,-42.7032626519303,-10.4882005960201));
#13395=CARTESIAN_POINT('Ctrl Pts',(7.43025546066572,-38.1078801317748,-10.6074203395139));
#13396=CARTESIAN_POINT('Ctrl Pts',(7.77031611618825,-33.0587392076305,-10.7266400830077));
#13397=CARTESIAN_POINT('Ctrl Pts',(10.4867432753877,-28.7890052469246,-10.8458598265015));
#13398=CARTESIAN_POINT('Ctrl Pts',(14.9163024607711,-26.3416994931466,-10.9650795699953));
#13399=CARTESIAN_POINT('Ctrl Pts',(19.9765631857139,-26.3142511649462,-11.0842993134891));
#13400=CARTESIAN_POINT('Ctrl Pts',(24.432622062882,-28.7140527658673,-11.203519056983));
#13401=CARTESIAN_POINT('Ctrl Pts',(26.272962952938,-31.5404350688248,-11.2829988859788));
#13402=CARTESIAN_POINT('Ctrl Pts',(26.7992483867648,-33.0884080843273,-11.3227388004768));
#13403=CARTESIAN_POINT('Ctrl Pts',(15.0242930409994,-45.4657572289616,-5.67726119952278));
#13404=CARTESIAN_POINT('Ctrl Pts',(13.4902181443488,-45.0536456896808,-5.71700111402071));
#13405=CARTESIAN_POINT('Ctrl Pts',(10.6334755429258,-43.4486154482109,-5.79648094301659));
#13406=CARTESIAN_POINT('Ctrl Pts',(8.02451104953047,-39.2806784633114,-5.91570068651041));
#13407=CARTESIAN_POINT('Ctrl Pts',(7.73040876035525,-34.3731475509963,-6.03492043000422));
#13408=CARTESIAN_POINT('Ctrl Pts',(9.8222684026499,-29.9236979813871,-6.15414017349804));
#13409=CARTESIAN_POINT('Ctrl Pts',(13.789500907772,-27.0195822676953,-6.27335991699185));
#13410=CARTESIAN_POINT('Ctrl Pts',(18.6629592217403,-26.3698943276519,-6.39257966048567));
#13411=CARTESIAN_POINT('Ctrl Pts',(23.2523931081152,-28.1334268546474,-6.51179940397948));
#13412=CARTESIAN_POINT('Ctrl Pts',(26.4368107785022,-31.8793910425099,-6.6310191474733));
#13413=CARTESIAN_POINT('Ctrl Pts',(27.4384452991501,-36.6928709637074,-6.75023889096711));
#13414=CARTESIAN_POINT('Ctrl Pts',(26.0126422629461,-41.3981772820046,-6.86945863446093));
#13415=CARTESIAN_POINT('Ctrl Pts',(22.5076536136451,-44.8460587909002,-6.98867837795475));
#13416=CARTESIAN_POINT('Ctrl Pts',(17.779560268717,-46.1943783590515,-7.10789812144855));
#13417=CARTESIAN_POINT('Ctrl Pts',(12.9831854651623,-45.1138142862397,-7.22711786494238));
#13418=CARTESIAN_POINT('Ctrl Pts',(9.29002868060854,-41.8682904602505,-7.34633760843618));
#13419=CARTESIAN_POINT('Ctrl Pts',(7.60213237681296,-37.2505164402017,-7.46555735193001));
#13420=CARTESIAN_POINT('Ctrl Pts',(8.3317599762507,-32.388369293276,-7.58477709542382));
#13421=CARTESIAN_POINT('Ctrl Pts',(11.3007022110281,-28.4694136710964,-7.70399683891764));
#13422=CARTESIAN_POINT('Ctrl Pts',(15.7838039879132,-26.450842484029,-7.82321658241145));
#13423=CARTESIAN_POINT('Ctrl Pts',(20.686081401784,-26.825685592801,-7.94243632590527));
#13424=CARTESIAN_POINT('Ctrl Pts',(24.8101681637623,-29.5023887063741,-8.06165606939908));
#13425=CARTESIAN_POINT('Ctrl Pts',(27.1487686817249,-33.8271752685563,-8.1808758128929));
#13426=CARTESIAN_POINT('Ctrl Pts',(27.1306869214119,-38.7437293702638,-8.30009555638671));
#13427=CARTESIAN_POINT('Ctrl Pts',(24.7603392981367,-43.0511976907585,-8.41931529988053));
#13428=CARTESIAN_POINT('Ctrl Pts',(20.6166759781392,-45.6974942496761,-8.53853504337434));
#13429=CARTESIAN_POINT('Ctrl Pts',(15.711774070788,-46.0362691961151,-8.65775478686816));
#13430=CARTESIAN_POINT('Ctrl Pts',(11.2436408839049,-43.9847777836737,-8.77697453036198));
#13431=CARTESIAN_POINT('Ctrl Pts',(8.30360430186728,-40.0440905244742,-8.89619427385578));
#13432=CARTESIAN_POINT('Ctrl Pts',(7.60975927603359,-35.1767082425009,-9.01541401734961));
#13433=CARTESIAN_POINT('Ctrl Pts',(9.33157534157556,-30.5714741968078,-9.13463376084341));
#13434=CARTESIAN_POINT('Ctrl Pts',(13.0485041691214,-27.3532027270562,-9.25385350433724));
#13435=CARTESIAN_POINT('Ctrl Pts',(17.8526972771109,-26.3079468285489,-9.37307324783105));
#13436=CARTESIAN_POINT('Ctrl Pts',(22.570745108133,-27.6910070213073,-9.49229299132487));
#13437=CARTESIAN_POINT('Ctrl Pts',(26.0502790288143,-31.1645751630294,-9.61151273481868));
#13438=CARTESIAN_POINT('Ctrl Pts',(27.4414332168765,-35.8802426657975,-9.7307324783125));
#13439=CARTESIAN_POINT('Ctrl Pts',(26.404423123575,-40.6862225245364,-9.84995222180631));
#13440=CARTESIAN_POINT('Ctrl Pts',(23.1925340060524,-44.4086680416465,-9.96917196530014));
#13441=CARTESIAN_POINT('Ctrl Pts',(18.5902626903041,-46.138384950073,-10.0883917087939));
#13442=CARTESIAN_POINT('Ctrl Pts',(13.7216941549807,-45.4528916374989,-10.2076114522878));
#13443=CARTESIAN_POINT('Ctrl Pts',(9.77597347461494,-42.5196252144212,-10.3268311957816));
#13444=CARTESIAN_POINT('Ctrl Pts',(7.7168054096317,-38.0550113171922,-10.4460509392754));
#13445=CARTESIAN_POINT('Ctrl Pts',(8.0471891202124,-33.1495514038703,-10.5652706827692));
#13446=CARTESIAN_POINT('Ctrl Pts',(10.6863161988787,-29.0013192393381,-10.684490426263));
#13447=CARTESIAN_POINT('Ctrl Pts',(14.9898255174005,-26.6236553057779,-10.8037101697568));
#13448=CARTESIAN_POINT('Ctrl Pts',(19.9060888006185,-26.5969880616472,-10.9229299132507));
#13449=CARTESIAN_POINT('Ctrl Pts',(24.2353437217523,-28.9284996455191,-11.0421496567445));
#13450=CARTESIAN_POINT('Ctrl Pts',(26.0233149031165,-31.6744529265181,-11.1216294857403));
#13451=CARTESIAN_POINT('Ctrl Pts',(26.534624081725,-33.1783760074011,-11.1613694002383));
#13452=CARTESIAN_POINT('Ctrl Pts',(15.0968065432305,-45.1958275307174,-5.51589179928428));
#13453=CARTESIAN_POINT('Ctrl Pts',(13.6076647284362,-44.7957867459799,-5.55563171378221));
#13454=CARTESIAN_POINT('Ctrl Pts',(10.8345961701987,-43.2377678697173,-5.63511154277809));
#13455=CARTESIAN_POINT('Ctrl Pts',(8.3020482946608,-39.1919098355414,-5.75433128627191));
#13456=CARTESIAN_POINT('Ctrl Pts',(8.01656026692907,-34.4281205936472,-5.87355102976572));
#13457=CARTESIAN_POINT('Ctrl Pts',(10.0471493019383,-30.1089954835304,-5.99277077325954));
#13458=CARTESIAN_POINT('Ctrl Pts',(13.8981814942303,-27.2899413723512,-6.11199051675335));
#13459=CARTESIAN_POINT('Ctrl Pts',(18.628896124808,-26.6592828039863,-6.23121026024717));
#13460=CARTESIAN_POINT('Ctrl Pts',(23.0839054084853,-28.3711614309247,-6.35043000374098));
#13461=CARTESIAN_POINT('Ctrl Pts',(26.1750514269076,-32.0074062590274,-6.4696497472348));
#13462=CARTESIAN_POINT('Ctrl Pts',(27.1473480540768,-36.6798992650586,-6.58886949072861));
#13463=CARTESIAN_POINT('Ctrl Pts',(25.763306814951,-41.2473870750022,-6.70808923422244));
#13464=CARTESIAN_POINT('Ctrl Pts',(22.360979347466,-44.5942800712715,-6.82730897771624));
#13465=CARTESIAN_POINT('Ctrl Pts',(17.7713719433194,-45.9031073345448,-6.94652872121006));
#13466=CARTESIAN_POINT('Ctrl Pts',(13.1154830457216,-44.8541930032421,-7.06574846470387));
#13467=CARTESIAN_POINT('Ctrl Pts',(9.53049889111625,-41.7037306296359,-7.18496820819769));
#13468=CARTESIAN_POINT('Ctrl Pts',(7.8920411010132,-37.2212112953197,-7.3041879516915));
#13469=CARTESIAN_POINT('Ctrl Pts',(8.60029789468274,-32.5014765274944,-7.42340769518533));
#13470=CARTESIAN_POINT('Ctrl Pts',(11.482279756956,-28.6973071873582,-7.54262743867914));
#13471=CARTESIAN_POINT('Ctrl Pts',(15.8340714005805,-26.7378599873786,-7.66184718217295));
#13472=CARTESIAN_POINT('Ctrl Pts',(20.5927610190961,-27.1017239346205,-7.78106692566676));
#13473=CARTESIAN_POINT('Ctrl Pts',(24.5960532041844,-29.7000263649089,-7.90028666916059));
#13474=CARTESIAN_POINT('Ctrl Pts',(26.8661560700883,-33.8981398493725,-8.01950641265439));
#13475=CARTESIAN_POINT('Ctrl Pts',(26.8486039248664,-38.6706879912762,-8.13872615614822));
#13476=CARTESIAN_POINT('Ctrl Pts',(24.5476838269468,-42.8519904856689,-8.25794589964203));
#13477=CARTESIAN_POINT('Ctrl Pts',(20.5253884815828,-45.4207769698454,-8.37716564313584));
#13478=CARTESIAN_POINT('Ctrl Pts',(15.7641512410489,-45.7496291918903,-8.49638538662966));
#13479=CARTESIAN_POINT('Ctrl Pts',(11.4268897571507,-43.7582260005417,-8.61560513012348));
#13480=CARTESIAN_POINT('Ctrl Pts',(8.57296690051837,-39.9329615434325,-8.73482487361729));
#13481=CARTESIAN_POINT('Ctrl Pts',(7.89944460821578,-35.2081449777612,-8.85404461711111));
#13482=CARTESIAN_POINT('Ctrl Pts',(9.57082864962162,-30.7377983217219,-8.97326436060492));
#13483=CARTESIAN_POINT('Ctrl Pts',(13.1788885636438,-27.6137900823392,-9.09248410409873));
#13484=CARTESIAN_POINT('Ctrl Pts',(17.8423667673962,-26.5991497482681,-9.21170384759255));
#13485=CARTESIAN_POINT('Ctrl Pts',(22.4222228909233,-27.9417000826167,-9.33092359108636));
#13486=CARTESIAN_POINT('Ctrl Pts',(25.7998411992567,-31.3135273497659,-9.45014333458018));
#13487=CARTESIAN_POINT('Ctrl Pts',(27.1502484556381,-35.8910728648973,-9.569363078074));
#13488=CARTESIAN_POINT('Ctrl Pts',(26.1436124069872,-40.5562854854368,-9.6885828215678));
#13489=CARTESIAN_POINT('Ctrl Pts',(23.0257995806197,-44.1697005050848,-9.80780256506163));
#13490=CARTESIAN_POINT('Ctrl Pts',(18.5583288761107,-45.8487539735422,-9.92702230855544));
#13491=CARTESIAN_POINT('Ctrl Pts',(13.8323608024717,-45.1833387726646,-10.0462420520493));
#13492=CARTESIAN_POINT('Ctrl Pts',(10.0022103531944,-42.3359877769121,-10.1654617955431));
#13493=CARTESIAN_POINT('Ctrl Pts',(8.00335535859769,-38.0021425026095,-10.2846815390369));
#13494=CARTESIAN_POINT('Ctrl Pts',(8.32406212423656,-33.2403636001101,-10.4039012825307));
#13495=CARTESIAN_POINT('Ctrl Pts',(10.8858891223698,-29.2136332317515,-10.5231210260245));
#13496=CARTESIAN_POINT('Ctrl Pts',(15.0633485740299,-26.9056111184094,-10.6423407695183));
#13497=CARTESIAN_POINT('Ctrl Pts',(19.8356144155231,-26.8797249583483,-10.7615605130121));
#13498=CARTESIAN_POINT('Ctrl Pts',(24.0380653806226,-29.1429465251709,-10.880780256506));
#13499=CARTESIAN_POINT('Ctrl Pts',(25.7736668532951,-31.8084707842114,-10.9602600855018));
#13500=CARTESIAN_POINT('Ctrl Pts',(26.2699997766852,-33.2683439304748,-10.9999999999998));
#13501=CARTESIAN_POINT('Ctrl Pts',(8.23692089142033,-36.249760646955,-8.82823829491587));
#13502=CARTESIAN_POINT('Ctrl Pts',(8.23657499409877,-35.9160059286166,-8.83684040231428));
#13503=CARTESIAN_POINT('Ctrl Pts',(8.25426278175547,-35.5822876802021,-8.8454425097127));
#13504=CARTESIAN_POINT('Ctrl Pts',(8.29026233050052,-35.2505566293665,-8.85404461711111));
#13505=CARTESIAN_POINT('Ctrl Pts',(8.45657262201773,-33.7180294257481,-8.89378453160905));
#13506=CARTESIAN_POINT('Ctrl Pts',(9.01370063581967,-32.227913873735,-8.93352444610698));
#13507=CARTESIAN_POINT('Ctrl Pts',(9.89360796172434,-30.9621880578313,-8.97326436060492));
#13508=CARTESIAN_POINT('Ctrl Pts',(10.773515287629,-29.6964622419277,-9.01300427510285));
#13509=CARTESIAN_POINT('Ctrl Pts',(11.9762019256364,-28.6551261621334,-9.0527441896008));
#13510=CARTESIAN_POINT('Ctrl Pts',(13.3547916119322,-27.9653513998911,-9.09248410409873));
#13511=CARTESIAN_POINT('Ctrl Pts',(14.7333812982279,-27.2755766376489,-9.13222401859667));
#13512=CARTESIAN_POINT('Ctrl Pts',(16.2878740328121,-26.9373631929585,-9.17196393309461));
#13513=CARTESIAN_POINT('Ctrl Pts',(17.8284297540253,-26.9920148596714,-9.21170384759255));
#13514=CARTESIAN_POINT('Ctrl Pts',(19.3689854752386,-27.0466665263843,-9.25144376209049));
#13515=CARTESIAN_POINT('Ctrl Pts',(20.8956041830809,-27.4941833045005,-9.29118367658843));
#13516=CARTESIAN_POINT('Ctrl Pts',(22.2218499217243,-28.2799129047501,-9.33092359108637));
#13517=CARTESIAN_POINT('Ctrl Pts',(23.5480956603677,-29.0656425049998,-9.3706635055843));
#13518=CARTESIAN_POINT('Ctrl Pts',(24.6739684298123,-30.1895849273829,-9.41040342008225));
#13519=CARTESIAN_POINT('Ctrl Pts',(25.4619726905981,-31.5144803910963,-9.45014333458018));
#13520=CARTESIAN_POINT('Ctrl Pts',(26.2499769513839,-32.8393758548097,-9.48988324907812));
#13521=CARTESIAN_POINT('Ctrl Pts',(26.700112703511,-34.3652243598535,-9.52962316357606));
#13522=CARTESIAN_POINT('Ctrl Pts',(26.7574079047994,-35.905684049132,-9.569363078074));
#13523=CARTESIAN_POINT('Ctrl Pts',(26.8147031060878,-37.4461437384105,-9.60910299257194));
#13524=CARTESIAN_POINT('Ctrl Pts',(26.4791577565375,-39.0012146119237,-9.64884290706987));
#13525=CARTESIAN_POINT('Ctrl Pts',(25.7917496107011,-40.3809858852883,-9.68858282156781));
#13526=CARTESIAN_POINT('Ctrl Pts',(25.1043414648647,-41.7607571586528,-9.72832273606575));
#13527=CARTESIAN_POINT('Ctrl Pts',(24.0650705227422,-42.9652288318688,-9.76806265056369));
#13528=CARTESIAN_POINT('Ctrl Pts',(22.8008566009295,-43.8473069132197,-9.80780256506163));
#13529=CARTESIAN_POINT('Ctrl Pts',(21.5366426791167,-44.7293849945706,-9.84754247955957));
#13530=CARTESIAN_POINT('Ctrl Pts',(20.0474857776137,-45.2890694840564,-9.8872823940575));
#13531=CARTESIAN_POINT('Ctrl Pts',(18.5152459812557,-45.4580091953197,-9.92702230855544));
#13532=CARTESIAN_POINT('Ctrl Pts',(16.9830061848977,-45.626948906583,-9.96676222305338));
#13533=CARTESIAN_POINT('Ctrl Pts',(15.4076834936847,-45.4051438396238,-10.0065021375513));
#13534=CARTESIAN_POINT('Ctrl Pts',(13.9816637398653,-44.8196828068521,-10.0462420520493));
#13535=CARTESIAN_POINT('Ctrl Pts',(12.5556439860459,-44.2342217740804,-10.0859819665472));
#13536=CARTESIAN_POINT('Ctrl Pts',(11.2789271696202,-43.2851047754962,-10.1257218810451));
#13537=CARTESIAN_POINT('Ctrl Pts',(10.3074262623079,-42.0882387304871,-10.1654617955431));
#13538=CARTESIAN_POINT('Ctrl Pts',(9.33592535499553,-40.8913726854779,-10.205201710041));
#13539=CARTESIAN_POINT('Ctrl Pts',(8.66964035679661,-39.4467575940437,-10.2449416245389));
#13540=CARTESIAN_POINT('Ctrl Pts',(8.38994898530363,-37.9308202312434,-10.2846815390369));
#13541=CARTESIAN_POINT('Ctrl Pts',(8.28776415892705,-37.3769747715546,-10.2992004576632));
#13542=CARTESIAN_POINT('Ctrl Pts',(8.23718167014463,-36.8136092482362,-10.3137193762895));
#13543=CARTESIAN_POINT('Ctrl Pts',(8.23756396518149,-36.2501760991625,-10.3282382949159));
#13544=CARTESIAN_POINT('Origin',(17.4999999999997,-36.25,-5.99999999999978));
#13545=UNCERTAINTY_MEASURE_WITH_UNIT(LENGTH_MEASURE(0.01),#13549,
'DISTANCE_ACCURACY_VALUE',
'Maximum model space distance between geometric entities at asserted c
onnectivities');
#13546=UNCERTAINTY_MEASURE_WITH_UNIT(LENGTH_MEASURE(0.01),#13549,
'DISTANCE_ACCURACY_VALUE',
'Maximum model space distance between geometric entities at asserted c
onnectivities');
#13547=(
GEOMETRIC_REPRESENTATION_CONTEXT(3)
GLOBAL_UNCERTAINTY_ASSIGNED_CONTEXT((#13545))
GLOBAL_UNIT_ASSIGNED_CONTEXT((#13549,#13551,#13552))
REPRESENTATION_CONTEXT('','3D')
);
#13548=(
GEOMETRIC_REPRESENTATION_CONTEXT(3)
GLOBAL_UNCERTAINTY_ASSIGNED_CONTEXT((#13546))
GLOBAL_UNIT_ASSIGNED_CONTEXT((#13549,#13551,#13552))
REPRESENTATION_CONTEXT('','3D')
);
#13549=(
LENGTH_UNIT()
NAMED_UNIT(*)
SI_UNIT(.MILLI.,.METRE.)
);
#13550=(
LENGTH_UNIT()
NAMED_UNIT(*)
SI_UNIT($,.METRE.)
);
#13551=(
NAMED_UNIT(*)
PLANE_ANGLE_UNIT()
SI_UNIT($,.RADIAN.)
);
#13552=(
NAMED_UNIT(*)
SI_UNIT($,.STERADIAN.)
SOLID_ANGLE_UNIT()
);
#13553=SHAPE_DEFINITION_REPRESENTATION(#13554,#13555);
#13554=PRODUCT_DEFINITION_SHAPE('',$,#13557);
#13555=SHAPE_REPRESENTATION('',(#5609),#13547);
#13556=PRODUCT_DEFINITION_CONTEXT('part definition',#13561,'design');
#13557=PRODUCT_DEFINITION('CameraFlash','CameraFlash',#13558,#13556);
#13558=PRODUCT_DEFINITION_FORMATION('',$,#13563);
#13559=PRODUCT_RELATED_PRODUCT_CATEGORY('CameraFlash','CameraFlash',(#13563));
#13560=APPLICATION_PROTOCOL_DEFINITION('international standard',
'automotive_design',2009,#13561);
#13561=APPLICATION_CONTEXT(
'Core Data for Automotive Mechanical Design Process');
#13562=PRODUCT_CONTEXT('part definition',#13561,'mechanical');
#13563=PRODUCT('CameraFlash','CameraFlash',$,(#13562));
#13564=PRESENTATION_STYLE_ASSIGNMENT((#13568));
#13565=PRESENTATION_STYLE_ASSIGNMENT((#13569));
#13566=PRESENTATION_STYLE_ASSIGNMENT((#13570));
#13567=PRESENTATION_STYLE_ASSIGNMENT((#13571));
#13568=SURFACE_STYLE_USAGE(.BOTH.,#13572);
#13569=SURFACE_STYLE_USAGE(.BOTH.,#13573);
#13570=SURFACE_STYLE_USAGE(.BOTH.,#13574);
#13571=SURFACE_STYLE_USAGE(.BOTH.,#13575);
#13572=SURFACE_SIDE_STYLE('',(#13576));
#13573=SURFACE_SIDE_STYLE('',(#13577));
#13574=SURFACE_SIDE_STYLE('',(#13578));
#13575=SURFACE_SIDE_STYLE('',(#13579));
#13576=SURFACE_STYLE_FILL_AREA(#13580);
#13577=SURFACE_STYLE_FILL_AREA(#13581);
#13578=SURFACE_STYLE_FILL_AREA(#13582);
#13579=SURFACE_STYLE_FILL_AREA(#13583);
#13580=FILL_AREA_STYLE('Steel - Satin',(#13584));
#13581=FILL_AREA_STYLE('ABS (White)',(#13585));
#13582=FILL_AREA_STYLE('Aluminum - Anodized Rough (Blue)',(#13586));
#13583=FILL_AREA_STYLE('Aluminum - Anodized Rough (Red)',(#13587));
#13584=FILL_AREA_STYLE_COLOUR('Steel - Satin',#13588);
#13585=FILL_AREA_STYLE_COLOUR('ABS (White)',#13589);
#13586=FILL_AREA_STYLE_COLOUR('Aluminum - Anodized Rough (Blue)',#13590);
#13587=FILL_AREA_STYLE_COLOUR('Aluminum - Anodized Rough (Red)',#13591);
#13588=COLOUR_RGB('Steel - Satin',0.627450980392157,0.627450980392157,0.627450980392157);
#13589=COLOUR_RGB('ABS (White)',0.964705882352941,0.964705882352941,0.952941176470588);
#13590=COLOUR_RGB('Aluminum - Anodized Rough (Blue)',0.349019607843137,
0.584313725490196,0.854901960784314);
#13591=COLOUR_RGB('Aluminum - Anodized Rough (Red)',0.854901960784314,0.349019607843137,
0.349019607843137);
ENDSEC;
END-ISO-10303-21;
